index,Order ID,Date,Status,Fulfilment,Sales Channel ,ship-service-level,Style,SKU,Category,Size,ASIN,Courier Status,Qty,currency,Amount,ship-city,ship-state,ship-postal-code,ship-country,promotion-ids,B2B,fulfilled-by,Unnamed: 22
57259,407-5814732-9549158,05-25-22,Shipped,Amazon,Amazon.in,Expedited,SET254,SET254-KR-NP-XXL,Set,XXL,B0983DCNY3,Shipped,1,INR,886.0,NAVI MUMBAI,MAHARASHTRA,400703.0,IN,,False,,False
12804,404-5344837-1564354,04-22-22,Cancelled,Amazon,Amazon.in,Expedited,J0014,J0014-LCD-M,Set,M,B0894XW4QF,Unshipped,1,INR,1648.0,SULYA,KARNATAKA,574232.0,IN,,False,,
113885,402-3398597-4088310,06-11-22,Shipped,Amazon,Amazon.in,Expedited,JNE3757,JNE3757-KR-XXL,kurta,XXL,B099NPK5DS,Shipped,1,INR,487.0,Vadodara,Gujarat,390022.0,IN,IN Core Free Shipping 2015/04/08 23-48-5-108,False,,False
8954,402-3472022-0065902,04-25-22,Shipped,Amazon,Amazon.in,Expedited,J0198,J0198-TP-XL,Top,XL,B0986YD8K8,Shipped,1,INR,588.0,GANDHINAGAR,Gujarat,382007.0,IN,,False,,
59205,407-2272479-0956311,05-24-22,Shipped,Amazon,Amazon.in,Expedited,SET402,SET402-KR-NP-XXL,Set,XXL,B09VC57SBH,Shipped,1,INR,988.0,Indore,MADHYA PRADESH,452016.0,IN,IN Core Free Shipping 2015/04/08 23-48-5-108,False,,False
53286,408-8840912-2649125,05-28-22,Shipped - Delivered to Buyer,Merchant,Amazon.in,Standard,JNE3554,JNE3554-KR-L,kurta,L,B08MXBV2CM,Shipped,1,INR,517.0,BENGALURU,KARNATAKA,560079.0,IN,"Amazon PLCC Free-Financing Universal Merchant AAT-WNKTBO3K27EJC,Amazon PLCC Free-Financing Universal Merchant AAT-QX3UCCJESKPA2,Amazon PLCC Free-Financing Universal Merchant AAT-5QQ7BIYYQEDN2,Amazon PLCC Free-Financing Universal Merchant AAT-DSJ2QRXXWXVMQ,Amazon PLCC Free-Financing Universal Merchant AAT-CXJHMC2YJUK76,Amazon PLCC Free-Financing Universal Merchant AAT-CC4FAVTYR4X7C,Amazon PLCC Free-Financing Universal Merchant AAT-FYWJCQHU2XQ2U,Amazon PLCC Free-Financing Universal Merchant AAT-EOKPWFWYW7Y6I,Amazon PLCC Free-Financing Universal Merchant AAT-URPEBMPS7TSPE,Amazon PLCC Free-Financing Universal Merchant AAT-5ZEB2OGNZ32MC,Amazon PLCC Free-Financing Universal Merchant AAT-CAK4QZ7KEFRQU,Amazon PLCC Free-Financing Universal Merchant AAT-YZJ5BRTPINRLK,Amazon PLCC Free-Financing Universal Merchant AAT-SNWJTEAZA2JRI,Amazon PLCC Free-Financing Universal Merchant AAT-BBJ6FVTP3QKBO,Amazon PLCC Free-Financing Universal Merchant AAT-TNYBHEAO7HOHO,Amazon PLCC Free-Financing Universal Merchant AAT-BRSZZ45H6MHAO,Amazon PLCC Free-Financing Universal Merchant AAT-MKLXOOZWQL7GO,Amazon PLCC Free-Financing Universal Merchant AAT-CB7UNXEXGIJTC,Amazon PLCC Free-Financing Universal Merchant #MP-gzasho-1593152694811,Amazon PLCC Free-Financing Universal Merchant AAT-WLBA4GZ52EAH4,Amazon PLCC Free-Financing Universal Merchant AAT-QMFZ3M7T5NPDS,Amazon PLCC Free-Financing Universal Merchant #MP-pmilan-1601980554292",False,Easy Ship,False
22714,404-1431485-2670727,04-17-22,Shipped,Amazon,Amazon.in,Expedited,JNE3405,JNE3405-KR-M,kurta,M,B081WVMMCY,Shipped,1,INR,399.0,MOHALI,PUNJAB,140301.0,IN,IN Core Free Shipping 2015/04/08 23-48-5-108,False,,
119772,403-4578898-4306751,06-07-22,Cancelled,Amazon,Amazon.in,Expedited,SET332,SET332-KR-PP-S,Set,S,B09NQ33VW2,Unshipped,1,INR,525.0,TUNI,ANDHRA PRADESH,533401.0,IN,,False,,False
92220,402-7527446-6918768,06-28-22,Shipped,Amazon,Amazon.in,Expedited,JNE3674,JNE3674-TU-M,Top,M,B094368WZ8,Shipped,1,INR,574.0,JAIPUR,RAJASTHAN,302021.0,IN,IN Core Free Shipping 2015/04/08 23-48-5-108,False,,False
48143,405-9856136-1605135,04-01-22,Shipped,Amazon,Amazon.in,Expedited,SET398,SET398-KR-PP-L,Set,L,B09RP8WLNY,Shipped,1,INR,1129.0,JUTOGH,HIMACHAL PRADESH,171011.0,IN,IN Core Free Shipping 2015/04/08 23-48-5-108,False,,
63988,403-4016769-1933939,05-19-22,Shipped,Amazon,Amazon.in,Expedited,JNE3797,JNE3797-KR-L,Western Dress,L,B09SDXFFQ1,Shipped,1,INR,771.0,MUMBAI,MAHARASHTRA,400086.0,IN,IN Core Free Shipping 2015/04/08 23-48-5-108,False,,False
60456,408-0886230-5773130,05-22-22,Shipped,Amazon,Amazon.in,Expedited,SET364,SET364-KR-NP-XXL,Set,XXL,B09QJ5BYM8,Shipped,1,INR,1338.0,BHUBANESWAR,ODISHA,751018.0,IN,,False,,False
36218,407-1841065-3669906,04-09-22,Shipped,Amazon,Amazon.in,Expedited,JNE3405,JNE3405-KR-S,kurta,S,B081WX4G4Q,Shipped,1,INR,399.0,PIMPRI CHINCHWAD,MAHARASHTRA,412105.0,IN,IN Core Free Shipping 2015/04/08 23-48-5-108,False,,
71027,406-1217347-8009118,05-14-22,Cancelled,Merchant,Amazon.in,Standard,SET269,SET269-KR-NP-XL,Set,XL,B0983CBSJ3,,0,INR,784.76,NEW DELHI,DELHI,110009.0,IN,,False,Easy Ship,False
71844,405-3170634-8893168,05-13-22,Shipped,Amazon,Amazon.in,Expedited,SET266,SET266-KR-NP-XXXL,Set,3XL,B09BQLFL7M,Shipped,1,INR,852.0,MUMBAI,MAHARASHTRA,400028.0,IN,IN Core Free Shipping 2015/04/08 23-48-5-108,False,,False
103488,402-6985555-3875525,06-19-22,Shipped - Delivered to Buyer,Merchant,Amazon.in,Standard,JNE3797,JNE3797-KR-L,Western Dress,L,B09SDXFFQ1,Shipped,1,INR,735.0,NAVI MUMBAI,MAHARASHTRA,400703.0,IN,"Amazon PLCC Free-Financing Universal Merchant AAT-WNKTBO3K27EJC,Amazon PLCC Free-Financing Universal Merchant AAT-QX3UCCJESKPA2,Amazon PLCC Free-Financing Universal Merchant AAT-5QQ7BIYYQEDN2,Amazon PLCC Free-Financing Universal Merchant AAT-DSJ2QRXXWXVMQ,Amazon PLCC Free-Financing Universal Merchant AAT-CXJHMC2YJUK76,Amazon PLCC Free-Financing Universal Merchant AAT-CC4FAVTYR4X7C,Amazon PLCC Free-Financing Universal Merchant AAT-EWAPBB6BDRGM6,Amazon PLCC Free-Financing Universal Merchant AAT-WSJLDN3X7KEMO,Amazon PLCC Free-Financing Universal Merchant AAT-VL6FGQVGQVXUS,Amazon PLCC Free-Financing Universal Merchant AAT-EOKPWFWYW7Y6I,Amazon PLCC Free-Financing Universal Merchant AAT-BOWEMQBNNNHBK,Amazon PLCC Free-Financing Universal Merchant AAT-SKYXW7T3UZBGO,Amazon PLCC Free-Financing Universal Merchant AAT-ONHQI6RQUNGB6,Amazon PLCC Free-Financing Universal Merchant AAT-7L53RVBBSPI3S,Amazon PLCC Free-Financing Universal Merchant AAT-FXGH5APHPAWRQ,Amazon PLCC Free-Financing Universal Merchant AAT-BRSZZ45H6MHAO,Amazon PLCC Free-Financing Universal Merchant AAT-MKLXOOZWQL7GO,Amazon PLCC Free-Financing Universal Merchant AAT-CB7UNXEXGIJTC,Amazon PLCC Free-Financing Universal Merchant #MP-gzasho-1593152694811,Amazon PLCC Free-Financing Universal Merchant AAT-WLBA4GZ52EAH4",False,Easy Ship,False
84091,402-1480742-1400339,05-04-22,Shipped,Amazon,Amazon.in,Expedited,J0338,J0338-DR-XXL,Western Dress,XXL,B09831KKVG,Shipped,1,INR,791.0,PATNA,BIHAR,800014.0,IN,IN Core Free Shipping 2015/04/08 23-48-5-108,False,,False
116906,405-2440498-1907538,06-09-22,Shipped,Amazon,Amazon.in,Expedited,J0301,J0301-TP-XL,Top,XL,B099S87FTK,Shipped,1,INR,693.0,BENGALURU,KARNATAKA,560066.0,IN,,False,,False
88203,171-7222731-4739505,05-02-22,Shipped,Amazon,Amazon.in,Expedited,J0113,J0113-TP-M,Top,M,B08V19JZ2F,Shipped,1,INR,574.0,NEW DELHI,DELHI,110096.0,IN,IN Core Free Shipping 2015/04/08 23-48-5-108,False,,False
2813,402-2379252-5068345,04-29-22,Shipped,Amazon,Amazon.in,Expedited,J0339,J0339-DR-L,Western Dress,L,B098315N2Z,Shipped,1,INR,744.0,NEW DELHI,DELHI,110059.0,IN,IN Core Free Shipping 2015/04/08 23-48-5-108,False,,
52637,408-4018747-4459524,05-29-22,Shipped,Amazon,Amazon.in,Expedited,J0117,J0117-TP-XS,Top,XS,B08N44NRDT,Shipped,1,INR,545.0,NEW DELHI,DELHI,110075.0,IN,IN Core Free Shipping 2015/04/08 23-48-5-108,False,,False
109803,407-9038527-8333161,06-14-22,Shipped,Amazon,Amazon.in,Expedited,NW013,NW013-ST-SR-XL,Set,XL,B0928XJ3BS,Shipped,1,INR,475.0,BENGALURU,KARNATAKA,560045.0,IN,IN Core Free Shipping 2015/04/08 23-48-5-108,False,,False
226,407-4936046-5852304,04-30-22,Cancelled,Merchant,Amazon.in,Standard,SET355,SET355-KR-PP-XXL,Set,XXL,B09RKD8HQJ,,0,INR,1249.11,GURUGRAM,HARYANA,122001.0,IN,,False,Easy Ship,
40119,404-3008038-8191521,04-06-22,Shipped - Delivered to Buyer,Merchant,Amazon.in,Standard,JNE3836,JNE3836-KR-XXL,kurta,XXL,B09RKB4VDD,Shipped,1,INR,635.0,MUMBAI,MAHARASHTRA,400078.0,IN,"Amazon PLCC Free-Financing Universal Merchant AAT-WNKTBO3K27EJC,Amazon PLCC Free-Financing Universal Merchant AAT-QX3UCCJESKPA2,Amazon PLCC Free-Financing Universal Merchant AAT-CXJHMC2YJUK76,Amazon PLCC Free-Financing Universal Merchant AAT-CC4FAVTYR4X7C,Amazon PLCC Free-Financing Universal Merchant AAT-XXRCW6NZEPZI4,Amazon PLCC Free-Financing Universal Merchant AAT-EOKPWFWYW7Y6I,Amazon PLCC Free-Financing Universal Merchant AAT-ZYL5UPUNW6T62,Amazon PLCC Free-Financing Universal Merchant AAT-G5ZRX4BZOIODU,Amazon PLCC Free-Financing Universal Merchant AAT-YFJA6XMAMWZSK,Amazon PLCC Free-Financing Universal Merchant AAT-K66BSCE2J2V5E,Amazon PLCC Free-Financing Universal Merchant AAT-275LMAQ3T5REI,Amazon PLCC Free-Financing Universal Merchant AAT-BRSZZ45H6MHAO,Amazon PLCC Free-Financing Universal Merchant AAT-MKLXOOZWQL7GO,Amazon PLCC Free-Financing Universal Merchant AAT-CB7UNXEXGIJTC,Amazon PLCC Free-Financing Universal Merchant #MP-gzasho-1593152694811,Amazon PLCC Free-Financing Universal Merchant AAT-WLBA4GZ52EAH4",False,Easy Ship,
23621,402-7540172-2041939,04-16-22,Shipped - Delivered to Buyer,Merchant,Amazon.in,Standard,SET291,SET291-KR-PP-M,Set,M,B099NK55YG,Shipped,1,INR,563.0,SURAT,Gujarat,394330.0,IN,"Amazon PLCC Free-Financing Universal Merchant AAT-WNKTBO3K27EJC,Amazon PLCC Free-Financing Universal Merchant AAT-QX3UCCJESKPA2,Amazon PLCC Free-Financing Universal Merchant AAT-CXJHMC2YJUK76,Amazon PLCC Free-Financing Universal Merchant AAT-CC4FAVTYR4X7C,Amazon PLCC Free-Financing Universal Merchant AAT-XXRCW6NZEPZI4,Amazon PLCC Free-Financing Universal Merchant AAT-EOKPWFWYW7Y6I,Amazon PLCC Free-Financing Universal Merchant AAT-ZYL5UPUNW6T62,Amazon PLCC Free-Financing Universal Merchant AAT-G5ZRX4BZOIODU,Amazon PLCC Free-Financing Universal Merchant AAT-PZHUW6DZX4BPS,Amazon PLCC Free-Financing Universal Merchant AAT-XX7G3ZRJJJ5LG,Amazon PLCC Free-Financing Universal Merchant AAT-LEHCKNDBJG64E,Amazon PLCC Free-Financing Universal Merchant AAT-DJVHCEV7D7RQY,Amazon PLCC Free-Financing Universal Merchant AAT-BRSZZ45H6MHAO,Amazon PLCC Free-Financing Universal Merchant AAT-MKLXOOZWQL7GO,Amazon PLCC Free-Financing Universal Merchant AAT-CB7UNXEXGIJTC,Amazon PLCC Free-Financing Universal Merchant #MP-gzasho-1593152694811,Amazon PLCC Free-Financing Universal Merchant AAT-WLBA4GZ52EAH4",False,Easy Ship,
17947,171-0282434-6767537,04-19-22,Shipped,Amazon,Amazon.in,Expedited,JNE3351,JNE3351-KR-XL,kurta,XL,B07WS16X57,Shipped,1,INR,284.0,GHAZIABAD,UTTAR PRADESH,201017.0,IN,IN Core Free Shipping 2015/04/08 23-48-5-108,False,,
83142,406-8258071-9573952,05-04-22,Shipped,Amazon,Amazon.in,Expedited,SET331,SET331-KR-NP-XXXL,Set,3XL,B09NQ4C51C,Shipped,1,INR,597.0,SAKLESHPUR,KARNATAKA,573134.0,IN,IN Core Free Shipping 2015/04/08 23-48-5-108,False,,False
117459,406-5512438-5073915,06-08-22,Shipped,Amazon,Amazon.in,Expedited,JNE3860,JNE3860-DR-XXXL,Western Dress,3XL,B09SDYFGMR,Shipped,1,INR,614.0,NEW DELHI,DELHI,110059.0,IN,IN Core Free Shipping 2015/04/08 23-48-5-108,False,,False
91835,407-6956275-3881912,06-29-22,Cancelled,Merchant,Amazon.in,Standard,JNE3797,JNE3797-KR-L,Western Dress,L,B09SDXFFQ1,,0,,,KALADHUNGI,UTTARAKHAND,263139.0,IN,,False,Easy Ship,False
78275,171-9634835-5183517,05-08-22,Cancelled,Amazon,Amazon.in,Expedited,SET345,SET345-KR-NP-L,Set,L,B09KXT4VG7,Unshipped,1,INR,613.0,BENGALURU,KARNATAKA,560068.0,IN,,False,,False
43367,171-2353948-8112322,04-04-22,Shipped - Delivered to Buyer,Merchant,Amazon.in,Standard,PJNE2100,PJNE2100-KR-N-6XL,kurta,6XL,B09LD3PMBT,Shipped,1,INR,452.0,Bangalore,KARNATAKA,560029.0,IN,"Amazon PLCC Free-Financing Universal Merchant AAT-WNKTBO3K27EJC,Amazon PLCC Free-Financing Universal Merchant AAT-QX3UCCJESKPA2,Amazon PLCC Free-Financing Universal Merchant AAT-CXJHMC2YJUK76,Amazon PLCC Free-Financing Universal Merchant AAT-SL3Y2YRMAUNFC,Amazon PLCC Free-Financing Universal Merchant AAT-CC4FAVTYR4X7C,Amazon PLCC Free-Financing Universal Merchant AAT-XXRCW6NZEPZI4,Amazon PLCC Free-Financing Universal Merchant AAT-EOKPWFWYW7Y6I,Amazon PLCC Free-Financing Universal Merchant AAT-ZYL5UPUNW6T62,Amazon PLCC Free-Financing Universal Merchant AAT-G5ZRX4BZOIODU,Amazon PLCC Free-Financing Universal Merchant AAT-YFJA6XMAMWZSK,Amazon PLCC Free-Financing Universal Merchant AAT-K66BSCE2J2V5E,Amazon PLCC Free-Financing Universal Merchant AAT-BRSZZ45H6MHAO,Amazon PLCC Free-Financing Universal Merchant AAT-MKLXOOZWQL7GO,Amazon PLCC Free-Financing Universal Merchant AAT-CB7UNXEXGIJTC,Amazon PLCC Free-Financing Universal Merchant #MP-gzasho-1593152694811,Amazon PLCC Free-Financing Universal Merchant AAT-WLBA4GZ52EAH4",False,Easy Ship,
58042,404-4246614-9175529,05-25-22,Shipped - Delivered to Buyer,Merchant,Amazon.in,Standard,JNE3753,JNE3753-KR-XXXL,kurta,3XL,B09K3XM19N,Shipped,1,INR,475.0,New Delhi,DELHI,110067.0,IN,"Amazon PLCC Free-Financing Universal Merchant AAT-WNKTBO3K27EJC,Amazon PLCC Free-Financing Universal Merchant AAT-QX3UCCJESKPA2,Amazon PLCC Free-Financing Universal Merchant AAT-5QQ7BIYYQEDN2,Amazon PLCC Free-Financing Universal Merchant AAT-DSJ2QRXXWXVMQ,Amazon PLCC Free-Financing Universal Merchant AAT-CXJHMC2YJUK76,Amazon PLCC Free-Financing Universal Merchant AAT-SL3Y2YRMAUNFC,Amazon PLCC Free-Financing Universal Merchant AAT-CC4FAVTYR4X7C,Amazon PLCC Free-Financing Universal Merchant AAT-FYWJCQHU2XQ2U,Amazon PLCC Free-Financing Universal Merchant AAT-R7GXNZWISTRFA,Amazon PLCC Free-Financing Universal Merchant AAT-EOKPWFWYW7Y6I,Amazon PLCC Free-Financing Universal Merchant AAT-URPEBMPS7TSPE,Amazon PLCC Free-Financing Universal Merchant AAT-L2DLP5YGE5766,Amazon PLCC Free-Financing Universal Merchant AAT-5ZEB2OGNZ32MC,Amazon PLCC Free-Financing Universal Merchant AAT-TNYBHEAO7HOHO,Amazon PLCC Free-Financing Universal Merchant AAT-BRSZZ45H6MHAO,Amazon PLCC Free-Financing Universal Merchant AAT-MKLXOOZWQL7GO,Amazon PLCC Free-Financing Universal Merchant AAT-CB7UNXEXGIJTC,Amazon PLCC Free-Financing Universal Merchant #MP-gzasho-1593152694811,Amazon PLCC Free-Financing Universal Merchant AAT-WLBA4GZ52EAH4,Amazon PLCC Free-Financing Universal Merchant AAT-QMFZ3M7T5NPDS,Amazon PLCC Free-Financing Universal Merchant #MP-pmilan-1601980554292",False,Easy Ship,False
34066,402-0349789-5135535,04-10-22,Shipped - Delivered to Buyer,Merchant,Amazon.in,Standard,MEN5002,MEN5002-KR-XL,kurta,XL,B08YYZCTJX,Shipped,1,INR,499.0,SOLAPUR,MAHARASHTRA,413004.0,IN,"Amazon PLCC Free-Financing Universal Merchant AAT-WNKTBO3K27EJC,Amazon PLCC Free-Financing Universal Merchant AAT-QX3UCCJESKPA2,Amazon PLCC Free-Financing Universal Merchant AAT-CXJHMC2YJUK76,Amazon PLCC Free-Financing Universal Merchant AAT-TNYBHEAO7HOHO,Amazon PLCC Free-Financing Universal Merchant AAT-BRSZZ45H6MHAO,Amazon PLCC Free-Financing Universal Merchant AAT-MKLXOOZWQL7GO,Amazon PLCC Free-Financing Universal Merchant AAT-CB7UNXEXGIJTC,Amazon PLCC Free-Financing Universal Merchant AAT-WLBA4GZ52EAH4,Amazon PLCC Free-Financing Universal Merchant AAT-QMFZ3M7T5NPDS,Amazon PLCC Free-Financing Universal Merchant #MP-pmilan-1601980554292",False,Easy Ship,
49254,407-2802372-0739549,05-31-22,Shipped,Amazon,Amazon.in,Expedited,J0376,J0376-SKD-S,Set,S,B09QJ3BDVW,Shipped,1,INR,1063.0,BENGALURU,KARNATAKA,560068.0,IN,,False,,False
100976,408-0571613-8837920,06-21-22,Shipped,Amazon,Amazon.in,Standard,SET351,SET351-KR-NP-M,Set,M,B09KXV7YB4,Shipped,1,INR,0.0,AHMEDABAD,Gujarat,380052.0,IN,,False,,False
56281,408-7729555-8393131,05-26-22,Shipped,Amazon,Amazon.in,Expedited,J0401,J0401-DR-S,Western Dress,S,B09SDYGHX3,Shipped,1,INR,885.0,BENGALURU,KARNATAKA,560067.0,IN,IN Core Free Shipping 2015/04/08 23-48-5-108,False,,False
93183,406-8965857-5304342,06-27-22,Shipped,Amazon,Amazon.in,Expedited,SET316,SET316-KR-DPT-XL,Set,XL,B09KXSW54F,Shipped,1,INR,1238.0,BENGALURU,KARNATAKA,560054.0,IN,IN Core Free Shipping 2015/04/08 23-48-5-108,False,,False
106588,171-7011790-0125903,06-16-22,Cancelled,Amazon,Amazon.in,Expedited,JNE2171,JNE2171-KR-437-XS,kurta,XS,B07FTL9GTF,Unshipped,1,INR,518.0,AJMER,RAJASTHAN,305003.0,IN,,False,,False
53018,403-4530145-6725966,05-28-22,Shipped,Amazon,Amazon.in,Expedited,JNE3781,JNE3781-KR-S,kurta,S,B09K3WHHR1,Shipped,1,INR,432.0,Bengaluru,KARNATAKA,560078.0,IN,,False,,False
125685,404-1587303-1384301,06-03-22,Shipped - Returned to Seller,Merchant,Amazon.in,Standard,JNE3703,JNE3703-KR-XXL,kurta,XXL,B099FDH3P2,Shipped,1,INR,292.0,HOWRAH,WEST BENGAL,711105.0,IN,"Amazon PLCC Free-Financing Universal Merchant AAT-WNKTBO3K27EJC,Amazon PLCC Free-Financing Universal Merchant AAT-QX3UCCJESKPA2,Amazon PLCC Free-Financing Universal Merchant AAT-5QQ7BIYYQEDN2,Amazon PLCC Free-Financing Universal Merchant AAT-DSJ2QRXXWXVMQ,Amazon PLCC Free-Financing Universal Merchant AAT-CXJHMC2YJUK76,Amazon PLCC Free-Financing Universal Merchant AAT-CC4FAVTYR4X7C,Amazon PLCC Free-Financing Universal Merchant AAT-EWAPBB6BDRGM6,Amazon PLCC Free-Financing Universal Merchant AAT-EOKPWFWYW7Y6I,Amazon PLCC Free-Financing Universal Merchant AAT-NT3ZJJGQ3JK3Q,Amazon PLCC Free-Financing Universal Merchant AAT-Z7SKZOEIDWRU4,Amazon PLCC Free-Financing Universal Merchant AAT-SYBM7O5OQIPGQ,Amazon PLCC Free-Financing Universal Merchant AAT-BRSZZ45H6MHAO,Amazon PLCC Free-Financing Universal Merchant AAT-MKLXOOZWQL7GO,Amazon PLCC Free-Financing Universal Merchant AAT-CB7UNXEXGIJTC,Amazon PLCC Free-Financing Universal Merchant #MP-gzasho-1593152694811,Amazon PLCC Free-Financing Universal Merchant AAT-WLBA4GZ52EAH4",False,Easy Ship,False
103129,402-0618317-8119542,06-19-22,Shipped,Amazon,Amazon.in,Expedited,MEN5018,MEN5018-KR-XXXL,kurta,3XL,B08YZ1YL7X,Shipped,1,INR,635.0,Durgapur,WEST BENGAL,713202.0,IN,IN Core Free Shipping 2015/04/08 23-48-5-108,False,,False
88687,403-6449135-6665163,05-02-22,Shipped,Amazon,Amazon.in,Expedited,J0170,J0170-TP-A-M,Top,M,B08N4H8GCZ,Shipped,1,INR,329.0,PUNE,MAHARASHTRA,411057.0,IN,,False,,False
45259,171-0658734-0912308,04-03-22,Shipped - Delivered to Buyer,Merchant,Amazon.in,Standard,MEN5014,MEN5014-KR-L,kurta,L,B08YYTZRBY,Shipped,1,INR,495.0,KANPUR,UTTAR PRADESH,208024.0,IN,"Amazon PLCC Free-Financing Universal Merchant AAT-WNKTBO3K27EJC,Amazon PLCC Free-Financing Universal Merchant AAT-QX3UCCJESKPA2,Amazon PLCC Free-Financing Universal Merchant AAT-CXJHMC2YJUK76,Amazon PLCC Free-Financing Universal Merchant AAT-CC4FAVTYR4X7C,Amazon PLCC Free-Financing Universal Merchant AAT-XXRCW6NZEPZI4,Amazon PLCC Free-Financing Universal Merchant AAT-R7GXNZWISTRFA,Amazon PLCC Free-Financing Universal Merchant AAT-WSJLDN3X7KEMO,Amazon PLCC Free-Financing Universal Merchant AAT-VL6FGQVGQVXUS,Amazon PLCC Free-Financing Universal Merchant AAT-EOKPWFWYW7Y6I,Amazon PLCC Free-Financing Universal Merchant AAT-ZYL5UPUNW6T62,Amazon PLCC Free-Financing Universal Merchant AAT-G5ZRX4BZOIODU,Amazon PLCC Free-Financing Universal Merchant AAT-P3CSUAK4HTEP2,Amazon PLCC Free-Financing Universal Merchant AAT-ACZIPIA37BFIY,Amazon PLCC Free-Financing Universal Merchant AAT-YFJA6XMAMWZSK,Amazon PLCC Free-Financing Universal Merchant AAT-K66BSCE2J2V5E,Amazon PLCC Free-Financing Universal Merchant AAT-BRSZZ45H6MHAO,Amazon PLCC Free-Financing Universal Merchant AAT-MKLXOOZWQL7GO,Amazon PLCC Free-Financing Universal Merchant AAT-CB7UNXEXGIJTC,Amazon PLCC Free-Financing Universal Merchant #MP-gzasho-1593152694811,Amazon PLCC Free-Financing Universal Merchant AAT-WLBA4GZ52EAH4",False,Easy Ship,
103980,403-4019937-0197163,06-18-22,Shipped,Amazon,Amazon.in,Expedited,SET413,SET413-KR-NP-S,Set,S,B09RKDX3Z1,Shipped,1,INR,699.0,CHENNAI,TAMIL NADU,600018.0,IN,,False,,False
17359,408-6572914-5649942,04-20-22,Shipped - Delivered to Buyer,Merchant,Amazon.in,Standard,JNE3400,JNE3400-KR-XXL,kurta,XXL,B083SNBTL8,Shipped,1,INR,459.0,AHMEDABAD 380014,Gujarat,380014.0,IN,"Amazon PLCC Free-Financing Universal Merchant AAT-WNKTBO3K27EJC,Amazon PLCC Free-Financing Universal Merchant AAT-QX3UCCJESKPA2,Amazon PLCC Free-Financing Universal Merchant AAT-CXJHMC2YJUK76,Amazon PLCC Free-Financing Universal Merchant AAT-SL3Y2YRMAUNFC,Amazon PLCC Free-Financing Universal Merchant AAT-CC4FAVTYR4X7C,Amazon PLCC Free-Financing Universal Merchant AAT-XXRCW6NZEPZI4,Amazon PLCC Free-Financing Universal Merchant AAT-EOKPWFWYW7Y6I,Amazon PLCC Free-Financing Universal Merchant AAT-ZYL5UPUNW6T62,Amazon PLCC Free-Financing Universal Merchant AAT-G5ZRX4BZOIODU,Amazon PLCC Free-Financing Universal Merchant AAT-PZHUW6DZX4BPS,Amazon PLCC Free-Financing Universal Merchant AAT-XX7G3ZRJJJ5LG,Amazon PLCC Free-Financing Universal Merchant AAT-LEHCKNDBJG64E,Amazon PLCC Free-Financing Universal Merchant AAT-DJVHCEV7D7RQY,Amazon PLCC Free-Financing Universal Merchant AAT-TNYBHEAO7HOHO,Amazon PLCC Free-Financing Universal Merchant AAT-BRSZZ45H6MHAO,Amazon PLCC Free-Financing Universal Merchant AAT-MKLXOOZWQL7GO,Amazon PLCC Free-Financing Universal Merchant AAT-CB7UNXEXGIJTC,Amazon PLCC Free-Financing Universal Merchant #MP-gzasho-1593152694811,Amazon PLCC Free-Financing Universal Merchant AAT-WLBA4GZ52EAH4,Amazon PLCC Free-Financing Universal Merchant AAT-QMFZ3M7T5NPDS,Amazon PLCC Free-Financing Universal Merchant #MP-pmilan-1601980554292",False,Easy Ship,
36377,404-2808548-2443531,04-08-22,Shipped,Amazon,Amazon.in,Expedited,JNE3443,JNE3443-KR-L,kurta,L,B081WWR2MN,Shipped,1,INR,487.0,CHANDIGARH,CHANDIGARH,160047.0,IN,IN Core Free Shipping 2015/04/08 23-48-5-108,False,,
69337,402-5897237-6456368,05-15-22,Shipped,Amazon,Amazon.in,Expedited,J0119,J0119-TP-L,Top,L,B08RYQQD6Z,Shipped,1,INR,574.0,TANDA RAMPUR DISTRICT,UTTAR PRADESH,244925.0,IN,IN Core Free Shipping 2015/04/08 23-48-5-108,False,,False
120632,402-8280678-1332335,06-06-22,Shipped,Amazon,Amazon.in,Expedited,J0119,J0119-TP-XL,Top,XL,B08RYPWC3J,Shipped,1,INR,758.0,Pune,MAHARASHTRA,411038.0,IN,,False,,False
125498,406-7381996-5653916,06-03-22,Shipped,Amazon,Amazon.in,Expedited,SET232,SET232-KR-PP-XXL,Set,XXL,B08MYW7YSS,Shipped,1,INR,480.0,Mumbai,MAHARASHTRA,400053.0,IN,,False,,False
23159,405-8326161-8712343,04-16-22,Shipped - Delivered to Buyer,Merchant,Amazon.in,Standard,J0341,J0341-DR-XS,Western Dress,XS,B099NS55L1,Shipped,1,INR,744.0,ANANTAPUR,ANDHRA PRADESH,515002.0,IN,"Amazon PLCC Free-Financing Universal Merchant AAT-WNKTBO3K27EJC,Amazon PLCC Free-Financing Universal Merchant AAT-QX3UCCJESKPA2,Amazon PLCC Free-Financing Universal Merchant AAT-CXJHMC2YJUK76,Amazon PLCC Free-Financing Universal Merchant AAT-CC4FAVTYR4X7C,Amazon PLCC Free-Financing Universal Merchant AAT-XXRCW6NZEPZI4,Amazon PLCC Free-Financing Universal Merchant AAT-EOKPWFWYW7Y6I,Amazon PLCC Free-Financing Universal Merchant AAT-ZYL5UPUNW6T62,Amazon PLCC Free-Financing Universal Merchant AAT-G5ZRX4BZOIODU,Amazon PLCC Free-Financing Universal Merchant AAT-PZHUW6DZX4BPS,Amazon PLCC Free-Financing Universal Merchant AAT-XX7G3ZRJJJ5LG,Amazon PLCC Free-Financing Universal Merchant AAT-LEHCKNDBJG64E,Amazon PLCC Free-Financing Universal Merchant AAT-DJVHCEV7D7RQY,Amazon PLCC Free-Financing Universal Merchant AAT-BRSZZ45H6MHAO,Amazon PLCC Free-Financing Universal Merchant AAT-MKLXOOZWQL7GO,Amazon PLCC Free-Financing Universal Merchant AAT-CB7UNXEXGIJTC,Amazon PLCC Free-Financing Universal Merchant #MP-gzasho-1593152694811,Amazon PLCC Free-Financing Universal Merchant AAT-WLBA4GZ52EAH4",False,Easy Ship,
83002,406-7596057-9161162,05-05-22,Shipped - Delivered to Buyer,Merchant,Amazon.in,Standard,SET356,SET356-KR-NP-M,Set,M,B09QJ4D21Y,Shipped,1,INR,1066.0,THANE,MAHARASHTRA,400605.0,IN,"Amazon PLCC Free-Financing Universal Merchant AAT-WNKTBO3K27EJC,Amazon PLCC Free-Financing Universal Merchant AAT-QX3UCCJESKPA2,Amazon PLCC Free-Financing Universal Merchant AAT-5QQ7BIYYQEDN2,Amazon PLCC Free-Financing Universal Merchant AAT-DSJ2QRXXWXVMQ,Amazon PLCC Free-Financing Universal Merchant AAT-CXJHMC2YJUK76,Amazon PLCC Free-Financing Universal Merchant AAT-SL3Y2YRMAUNFC,Amazon PLCC Free-Financing Universal Merchant AAT-CC4FAVTYR4X7C,Amazon PLCC Free-Financing Universal Merchant AAT-FYWJCQHU2XQ2U,Amazon PLCC Free-Financing Universal Merchant AAT-R7GXNZWISTRFA,Amazon PLCC Free-Financing Universal Merchant AAT-WSJLDN3X7KEMO,Amazon PLCC Free-Financing Universal Merchant AAT-VL6FGQVGQVXUS,Amazon PLCC Free-Financing Universal Merchant AAT-EOKPWFWYW7Y6I,Amazon PLCC Free-Financing Universal Merchant AAT-URPEBMPS7TSPE,Amazon PLCC Free-Financing Universal Merchant AAT-3R6UGYISJQCKA,Amazon PLCC Free-Financing Universal Merchant AAT-TREXU6MY3SEMI,Amazon PLCC Free-Financing Universal Merchant AAT-CPIZVVXYOLZ5S,Amazon PLCC Free-Financing Universal Merchant AAT-BS2QIL3ZUUJDC,Amazon PLCC Free-Financing Universal Merchant AAT-BD2QQYQLU3K3Q,Amazon PLCC Free-Financing Universal Merchant AAT-7Z5FYSWV55YJ6,Amazon PLCC Free-Financing Universal Merchant AAT-KQRYFJZLTA6E2,Amazon PLCC Free-Financing Universal Merchant AAT-F6SN46VZWQOQI,Amazon PLCC Free-Financing Universal Merchant AAT-GL6VKXK3MYVP4,Amazon PLCC Free-Financing Universal Merchant AAT-26CRLBGU7BZ4I,Amazon PLCC Free-Financing Universal Merchant AAT-EC3WUB2OYMZJY,Amazon PLCC Free-Financing Universal Merchant AAT-LLHTF3J4EFYUO,Amazon PLCC Free-Financing Universal Merchant AAT-BRSZZ45H6MHAO,Amazon PLCC Free-Financing Universal Merchant AAT-MKLXOOZWQL7GO,Amazon PLCC Free-Financing Universal Merchant AAT-CB7UNXEXGIJTC,Amazon PLCC Free-Financing Universal Merchant #MP-gzasho-1593152694811,Amazon PLCC Free-Financing Universal Merchant AAT-WLBA4GZ52EAH4",False,Easy Ship,False
29549,405-2590601-4311549,04-13-22,Shipped - Delivered to Buyer,Merchant,Amazon.in,Standard,SET279,SET279-LC-S,Set,S,B09CT6L67S,Shipped,1,INR,888.0,Secunderabad,TELANGANA,500014.0,IN,"Amazon PLCC Free-Financing Universal Merchant AAT-WNKTBO3K27EJC,Amazon PLCC Free-Financing Universal Merchant AAT-QX3UCCJESKPA2,Amazon PLCC Free-Financing Universal Merchant AAT-CXJHMC2YJUK76,Amazon PLCC Free-Financing Universal Merchant AAT-SL3Y2YRMAUNFC,Amazon PLCC Free-Financing Universal Merchant AAT-CC4FAVTYR4X7C,Amazon PLCC Free-Financing Universal Merchant AAT-XXRCW6NZEPZI4,Amazon PLCC Free-Financing Universal Merchant AAT-CXNSLNBROFDW4,Amazon PLCC Free-Financing Universal Merchant AAT-R7GXNZWISTRFA,Amazon PLCC Free-Financing Universal Merchant AAT-WSJLDN3X7KEMO,Amazon PLCC Free-Financing Universal Merchant AAT-VL6FGQVGQVXUS,Amazon PLCC Free-Financing Universal Merchant AAT-EOKPWFWYW7Y6I,Amazon PLCC Free-Financing Universal Merchant AAT-ZYL5UPUNW6T62,Amazon PLCC Free-Financing Universal Merchant AAT-XVPICCHRWDCAI,Amazon PLCC Free-Financing Universal Merchant AAT-G5ZRX4BZOIODU,Amazon PLCC Free-Financing Universal Merchant AAT-P3CSUAK4HTEP2,Amazon PLCC Free-Financing Universal Merchant AAT-ACZIPIA37BFIY,Amazon PLCC Free-Financing Universal Merchant AAT-4UKS7UWZY3AES,Amazon PLCC Free-Financing Universal Merchant AAT-PZHUW6DZX4BPS,Amazon PLCC Free-Financing Universal Merchant AAT-AWMMZNGS33JGQ,Amazon PLCC Free-Financing Universal Merchant AAT-BRSZZ45H6MHAO,Amazon PLCC Free-Financing Universal Merchant AAT-MKLXOOZWQL7GO,Amazon PLCC Free-Financing Universal Merchant AAT-CB7UNXEXGIJTC,Amazon PLCC Free-Financing Universal Merchant #MP-gzasho-1593152694811,Amazon PLCC Free-Financing Universal Merchant AAT-WLBA4GZ52EAH4",False,Easy Ship,
55489,406-3803788-2519528,05-27-22,Shipped,Amazon,Amazon.in,Expedited,JNE3440,JNE3440-KR-N-M,kurta,M,B081WY1SP3,Shipped,1,INR,435.0,BENGALURU,KARNATAKA,560097.0,IN,,False,,False
85928,408-4412777-5685133,05-03-22,Cancelled,Amazon,Amazon.in,Expedited,MEN5032,MEN5032-KR-S,kurta,S,B08YYXJJ4V,Cancelled,0,,,MANDVI SURAT DISTRICT,Gujarat,394160.0,IN,,False,,False
122767,406-2334163-9931523,06-05-22,Shipped - Delivered to Buyer,Merchant,Amazon.in,Standard,SET402,SET402-KR-NP-XL,Set,XL,B09VC53FQW,Shipped,1,INR,988.0,BENGALURU,KARNATAKA,560016.0,IN,"Amazon PLCC Free-Financing Universal Merchant AAT-WNKTBO3K27EJC,Amazon PLCC Free-Financing Universal Merchant AAT-QX3UCCJESKPA2,Amazon PLCC Free-Financing Universal Merchant AAT-5QQ7BIYYQEDN2,Amazon PLCC Free-Financing Universal Merchant AAT-DSJ2QRXXWXVMQ,Amazon PLCC Free-Financing Universal Merchant AAT-CXJHMC2YJUK76,Amazon PLCC Free-Financing Universal Merchant AAT-SL3Y2YRMAUNFC,Amazon PLCC Free-Financing Universal Merchant AAT-CC4FAVTYR4X7C,Amazon PLCC Free-Financing Universal Merchant AAT-EWAPBB6BDRGM6,Amazon PLCC Free-Financing Universal Merchant AAT-EOKPWFWYW7Y6I,Amazon PLCC Free-Financing Universal Merchant AAT-4E5FUC262BDQ2,Amazon PLCC Free-Financing Universal Merchant AAT-NT3ZJJGQ3JK3Q,Amazon PLCC Free-Financing Universal Merchant AAT-AMKH7SAAONETC,Amazon PLCC Free-Financing Universal Merchant AAT-56XNPXK2K7OLI,Amazon PLCC Free-Financing Universal Merchant AAT-Z7SKZOEIDWRU4,Amazon PLCC Free-Financing Universal Merchant AAT-5QNBXTEQWGXOW,Amazon PLCC Free-Financing Universal Merchant AAT-TNYBHEAO7HOHO,Amazon PLCC Free-Financing Universal Merchant AAT-BRSZZ45H6MHAO,Amazon PLCC Free-Financing Universal Merchant AAT-MKLXOOZWQL7GO,Amazon PLCC Free-Financing Universal Merchant AAT-CB7UNXEXGIJTC,Amazon PLCC Free-Financing Universal Merchant #MP-gzasho-1593152694811,Amazon PLCC Free-Financing Universal Merchant AAT-WLBA4GZ52EAH4,Amazon PLCC Free-Financing Universal Merchant AAT-QMFZ3M7T5NPDS,Amazon PLCC Free-Financing Universal Merchant #MP-pmilan-1601980554292",False,Easy Ship,False
96597,171-4680691-8599500,06-24-22,Shipped - Delivered to Buyer,Merchant,Amazon.in,Standard,J0135,J0135-SET-XL,Set,XL,B08QGJWRRZ,Shipped,1,INR,591.0,Mumbai,MAHARASHTRA,400067.0,IN,"Amazon PLCC Free-Financing Universal Merchant AAT-WNKTBO3K27EJC,Amazon PLCC Free-Financing Universal Merchant AAT-QX3UCCJESKPA2,Amazon PLCC Free-Financing Universal Merchant AAT-5QQ7BIYYQEDN2,Amazon PLCC Free-Financing Universal Merchant AAT-DSJ2QRXXWXVMQ,Amazon PLCC Free-Financing Universal Merchant AAT-CXJHMC2YJUK76,Amazon PLCC Free-Financing Universal Merchant AAT-CC4FAVTYR4X7C,Amazon PLCC Free-Financing Universal Merchant AAT-EWAPBB6BDRGM6,Amazon PLCC Free-Financing Universal Merchant AAT-EOKPWFWYW7Y6I,Amazon PLCC Free-Financing Universal Merchant AAT-NT3ZJJGQ3JK3Q,Amazon PLCC Free-Financing Universal Merchant AAT-5SHH3G55USK5C,Amazon PLCC Free-Financing Universal Merchant AAT-5WLEJFJPU23IC,Amazon PLCC Free-Financing Universal Merchant AAT-6XVEGAWJUJYXG,Amazon PLCC Free-Financing Universal Merchant AAT-BOWEMQBNNNHBK,Amazon PLCC Free-Financing Universal Merchant AAT-ONHQI6RQUNGB6,Amazon PLCC Free-Financing Universal Merchant AAT-NXLSQ2GWN3LQK,Amazon PLCC Free-Financing Universal Merchant AAT-UFMRPWCRGE2ZM,Amazon PLCC Free-Financing Universal Merchant AAT-SF4YGC5K3O574,Amazon PLCC Free-Financing Universal Merchant AAT-SUBB5QVZKACYG,Amazon PLCC Free-Financing Universal Merchant AAT-CF5ZF57364I7G,Amazon PLCC Free-Financing Universal Merchant AAT-BRSZZ45H6MHAO,Amazon PLCC Free-Financing Universal Merchant AAT-MKLXOOZWQL7GO,Amazon PLCC Free-Financing Universal Merchant AAT-CB7UNXEXGIJTC,Amazon PLCC Free-Financing Universal Merchant #MP-gzasho-1593152694811,Amazon PLCC Free-Financing Universal Merchant AAT-WLBA4GZ52EAH4",False,Easy Ship,False
5175,171-7026969-1955542,04-27-22,Shipped - Delivered to Buyer,Merchant,Amazon.in,Standard,SET405,SET405-KR-NP-XXL,Set,XXL,B09QJ2HM91,Shipped,1,INR,771.0,HYDERABAD,TELANGANA,500084.0,IN,"Amazon PLCC Free-Financing Universal Merchant AAT-WNKTBO3K27EJC,Amazon PLCC Free-Financing Universal Merchant AAT-QX3UCCJESKPA2,Amazon PLCC Free-Financing Universal Merchant AAT-5QQ7BIYYQEDN2,Amazon PLCC Free-Financing Universal Merchant AAT-DSJ2QRXXWXVMQ,Amazon PLCC Free-Financing Universal Merchant AAT-CXJHMC2YJUK76,Amazon PLCC Free-Financing Universal Merchant AAT-SL3Y2YRMAUNFC,Amazon PLCC Free-Financing Universal Merchant AAT-CC4FAVTYR4X7C,Amazon PLCC Free-Financing Universal Merchant AAT-XXRCW6NZEPZI4,Amazon PLCC Free-Financing Universal Merchant AAT-CXNSLNBROFDW4,Amazon PLCC Free-Financing Universal Merchant AAT-R7GXNZWISTRFA,Amazon PLCC Free-Financing Universal Merchant AAT-WSJLDN3X7KEMO,Amazon PLCC Free-Financing Universal Merchant AAT-VL6FGQVGQVXUS,Amazon PLCC Free-Financing Universal Merchant AAT-EOKPWFWYW7Y6I,Amazon PLCC Free-Financing Universal Merchant AAT-ZYL5UPUNW6T62,Amazon PLCC Free-Financing Universal Merchant AAT-XVPICCHRWDCAI,Amazon PLCC Free-Financing Universal Merchant AAT-G5ZRX4BZOIODU,Amazon PLCC Free-Financing Universal Merchant AAT-P3CSUAK4HTEP2,Amazon PLCC Free-Financing Universal Merchant AAT-ACZIPIA37BFIY,Amazon PLCC Free-Financing Universal Merchant AAT-4UKS7UWZY3AES,Amazon PLCC Free-Financing Universal Merchant AAT-PZHUW6DZX4BPS,Amazon PLCC Free-Financing Universal Merchant AAT-ETXQ3XXWMRXBG,Amazon PLCC Free-Financing Universal Merchant AAT-7X3XCTYG64VBE,Amazon PLCC Free-Financing Universal Merchant AAT-7CHGD3WTS3MHM,Amazon PLCC Free-Financing Universal Merchant AAT-26ZDKNME27X42,Amazon PLCC Free-Financing Universal Merchant AAT-4ZF5KN6E4LJK4,Amazon PLCC Free-Financing Universal Merchant AAT-7RCXIKUAX7DDY,Amazon PLCC Free-Financing Universal Merchant AAT-BRSZZ45H6MHAO,Amazon PLCC Free-Financing Universal Merchant AAT-MKLXOOZWQL7GO,Amazon PLCC Free-Financing Universal Merchant AAT-CB7UNXEXGIJTC,Amazon PLCC Free-Financing Universal Merchant #MP-gzasho-1593152694811,Amazon PLCC Free-Financing Universal Merchant AAT-WLBA4GZ52EAH4",False,Easy Ship,
33115,404-3666880-9205945,04-10-22,Shipped,Amazon,Amazon.in,Expedited,JNE3645,JNE3645-TP-N-XS,Top,XS,B08ZJ2CB3B,Shipped,1,INR,432.0,HYDERABAD,TELANGANA,502032.0,IN,,False,,
24418,403-9444627-9925920,04-16-22,Cancelled,Amazon,Amazon.in,Expedited,SET347,SET347-KR-NP-XXL,Set,XXL,B09RKCWNYM,Unshipped,1,INR,801.0,MUMBAI,MAHARASHTRA,400064.0,IN,,False,,
115256,404-9848862-8148336,06-10-22,Shipped,Amazon,Amazon.in,Expedited,JNE3764,JNE3764-KR-L,kurta,L,B09K3T5QR5,Shipped,1,INR,387.0,HYDERABAD,TELANGANA,500055.0,IN,,False,,False
62250,405-2405706-8105107,05-21-22,Shipped,Amazon,Amazon.in,Expedited,JNE3567,JNE3567-KR-M,kurta,M,B08KRXV1QR,Shipped,1,INR,399.0,BENGALURU,KARNATAKA,560021.0,IN,IN Core Free Shipping 2015/04/08 23-48-5-108,False,,False
93729,171-3402113-4172308,06-27-22,Cancelled,Amazon,Amazon.in,Expedited,SET340,SET340-KR-NP-XXL,Set,XXL,B09RKDBB27,Unshipped,1,INR,799.0,Surendranagar,Gujarat,363001.0,IN,,False,,False
65529,403-6986604-6437907,05-18-22,Shipped,Amazon,Amazon.in,Expedited,JNE3405,JNE3405-KR-XXXL,kurta,3XL,B081WZ4T3V,Shipped,1,INR,435.0,BULDHANA,MAHARASHTRA,443308.0,IN,IN Core Free Shipping 2015/04/08 23-48-5-108,False,,False
68374,408-5832677-6230712,05-16-22,Shipped,Amazon,Amazon.in,Expedited,NW012,NW012-TP-PJ-XS,Set,XS,B0922T4KGR,Shipped,1,INR,537.0,KOLKATA,WEST BENGAL,700082.0,IN,IN Core Free Shipping 2015/04/08 23-48-5-108,False,,False
65388,171-6985610-1225968,05-18-22,Shipped - Delivered to Buyer,Merchant,Amazon.in,Standard,JNE3665,JNE3665-TP-L,Top,L,B0986XV34R,Shipped,1,INR,545.0,Old Goa,GOA,403110.0,IN,"Amazon PLCC Free-Financing Universal Merchant AAT-WNKTBO3K27EJC,Amazon PLCC Free-Financing Universal Merchant AAT-QX3UCCJESKPA2,Amazon PLCC Free-Financing Universal Merchant AAT-5QQ7BIYYQEDN2,Amazon PLCC Free-Financing Universal Merchant AAT-DSJ2QRXXWXVMQ,Amazon PLCC Free-Financing Universal Merchant AAT-CXJHMC2YJUK76,Amazon PLCC Free-Financing Universal Merchant AAT-CC4FAVTYR4X7C,Amazon PLCC Free-Financing Universal Merchant AAT-FYWJCQHU2XQ2U,Amazon PLCC Free-Financing Universal Merchant AAT-EOKPWFWYW7Y6I,Amazon PLCC Free-Financing Universal Merchant AAT-URPEBMPS7TSPE,Amazon PLCC Free-Financing Universal Merchant AAT-YZ2VQO2YM6YYM,Amazon PLCC Free-Financing Universal Merchant AAT-4EOBCMLXMLDGY,Amazon PLCC Free-Financing Universal Merchant AAT-UB6CYNTOQMM7C,Amazon PLCC Free-Financing Universal Merchant AAT-BRSZZ45H6MHAO,Amazon PLCC Free-Financing Universal Merchant AAT-MKLXOOZWQL7GO,Amazon PLCC Free-Financing Universal Merchant AAT-CB7UNXEXGIJTC,Amazon PLCC Free-Financing Universal Merchant #MP-gzasho-1593152694811,Amazon PLCC Free-Financing Universal Merchant AAT-WLBA4GZ52EAH4,Amazon PLCC Free-Financing Universal Merchant #MP-pmilan-1601980554292",False,Easy Ship,False
6391,171-7791805-4099535,04-26-22,Shipped,Amazon,Amazon.in,Expedited,SET110,SET110-KR-PP-M,Set,M,B0822TDMYH,Shipped,1,INR,788.0,Nandurbar District,MAHARASHTRA,425410.0,IN,IN Core Free Shipping 2015/04/08 23-48-5-108,False,,
3483,407-7419861-4520333,04-28-22,Shipped - Delivered to Buyer,Merchant,Amazon.in,Standard,SET219,SET219-KR-PP-XXXL,Set,3XL,B08B3Y6ZXM,Shipped,1,INR,662.0,NEW DELHI,DELHI,110096.0,IN,"Amazon PLCC Free-Financing Universal Merchant AAT-WNKTBO3K27EJC,Amazon PLCC Free-Financing Universal Merchant AAT-QX3UCCJESKPA2,Amazon PLCC Free-Financing Universal Merchant AAT-5QQ7BIYYQEDN2,Amazon PLCC Free-Financing Universal Merchant AAT-DSJ2QRXXWXVMQ,Amazon PLCC Free-Financing Universal Merchant AAT-CXJHMC2YJUK76,Amazon PLCC Free-Financing Universal Merchant AAT-SL3Y2YRMAUNFC,Amazon PLCC Free-Financing Universal Merchant AAT-CC4FAVTYR4X7C,Amazon PLCC Free-Financing Universal Merchant AAT-XXRCW6NZEPZI4,Amazon PLCC Free-Financing Universal Merchant AAT-EOKPWFWYW7Y6I,Amazon PLCC Free-Financing Universal Merchant AAT-ZYL5UPUNW6T62,Amazon PLCC Free-Financing Universal Merchant AAT-G5ZRX4BZOIODU,Amazon PLCC Free-Financing Universal Merchant AAT-23LLL7GZCLBVW,Amazon PLCC Free-Financing Universal Merchant AAT-PZHUW6DZX4BPS,Amazon PLCC Free-Financing Universal Merchant AAT-ETXQ3XXWMRXBG,Amazon PLCC Free-Financing Universal Merchant AAT-7X3XCTYG64VBE,Amazon PLCC Free-Financing Universal Merchant AAT-7CHGD3WTS3MHM,Amazon PLCC Free-Financing Universal Merchant AAT-26ZDKNME27X42,Amazon PLCC Free-Financing Universal Merchant AAT-4ZF5KN6E4LJK4,Amazon PLCC Free-Financing Universal Merchant AAT-7RCXIKUAX7DDY,Amazon PLCC Free-Financing Universal Merchant AAT-TNYBHEAO7HOHO,Amazon PLCC Free-Financing Universal Merchant AAT-BRSZZ45H6MHAO,Amazon PLCC Free-Financing Universal Merchant AAT-MKLXOOZWQL7GO,Amazon PLCC Free-Financing Universal Merchant AAT-CB7UNXEXGIJTC,Amazon PLCC Free-Financing Universal Merchant #MP-gzasho-1593152694811,Amazon PLCC Free-Financing Universal Merchant AAT-WLBA4GZ52EAH4,Amazon PLCC Free-Financing Universal Merchant AAT-QMFZ3M7T5NPDS,Amazon PLCC Free-Financing Universal Merchant #MP-pmilan-1601980554292",False,Easy Ship,
118489,403-7407725-6467506,06-08-22,Shipped,Amazon,Amazon.in,Expedited,JNE3601,JNE3601-KR-XL,kurta,XL,B08QJN1DQJ,Shipped,1,INR,301.0,HYDERABAD,TELANGANA,500013.0,IN,,False,,False
84354,407-7533898-3863551,05-04-22,Cancelled,Amazon,Amazon.in,Expedited,JNE3423,JNE3423-KR-L,kurta,L,B081X4S826,Cancelled,0,,,ICHALKARANJI,MAHARASHTRA,416115.0,IN,,False,,False
3310,404-7509848-7239517,04-28-22,Shipped,Amazon,Amazon.in,Expedited,SET264,SET264-KR-NP-XL,Set,XL,B08YN7XDSG,Shipped,1,INR,824.0,CHENNAI,TAMIL NADU,603110.0,IN,IN Core Free Shipping 2015/04/08 23-48-5-108,False,,
43354,404-2156071-5251532,04-04-22,Shipped,Amazon,Amazon.in,Expedited,J0376,J0376-SKD-XS,Set,XS,B09QJ5XYT3,Shipped,1,INR,999.0,NANDIVARAM GUDUVANCHERI,TAMIL NADU,603203.0,IN,IN Core Free Shipping 2015/04/08 23-48-5-108,False,,
64187,407-4975444-5839557,05-19-22,Shipped,Amazon,Amazon.in,Expedited,SET372,SET372-KR-PP-M,Set,M,B09NQ4F9MJ,Shipped,1,INR,667.0,BENGALURU,KARNATAKA,560100.0,IN,IN Core Free Shipping 2015/04/08 23-48-5-108,False,,False
49687,408-6131818-5878733,05-31-22,Shipped,Amazon,Amazon.in,Expedited,J0341,J0341-DR-M,Western Dress,M,B099NQQ79L,Shipped,1,INR,885.0,TIRUPPUR,TAMIL NADU,641606.0,IN,IN Core Free Shipping 2015/04/08 23-48-5-108,False,,False
115680,404-3181854-0845946,06-09-22,Shipped,Amazon,Amazon.in,Expedited,SET197,SET197-KR-NP-XS,Set,XS,B08B3YCWK5,Shipped,1,INR,759.0,BHIWADI,RAJASTHAN,301019.0,IN,IN Core Free Shipping 2015/04/08 23-48-5-108,False,,False
92948,404-4564483-7344354,06-28-22,Shipped,Amazon,Amazon.in,Expedited,JNE3468,JNE3468-KR-L,kurta,L,B08RP69C9N,Shipped,1,INR,387.0,BENGALURU,KARNATAKA,560037.0,IN,IN Core Free Shipping 2015/04/08 23-48-5-108,False,,False
83897,402-8247953-4814710,05-04-22,Shipped,Amazon,Amazon.in,Expedited,J0230,J0230-SKD-L,Set,L,B08XNDL1DL,Shipped,1,INR,1111.0,BENGALURU,KARNATAKA,560068.0,IN,IN Core Free Shipping 2015/04/08 23-48-5-108,False,,False
65915,403-5714488-4080328,05-18-22,Shipped - Delivered to Buyer,Merchant,Amazon.in,Standard,J0135,J0135-SET-S,Set,S,B08QGMRCHW,Shipped,1,INR,591.0,MUMBAI,MAHARASHTRA,400037.0,IN,"Amazon PLCC Free-Financing Universal Merchant AAT-WNKTBO3K27EJC,Amazon PLCC Free-Financing Universal Merchant AAT-QX3UCCJESKPA2,Amazon PLCC Free-Financing Universal Merchant AAT-5QQ7BIYYQEDN2,Amazon PLCC Free-Financing Universal Merchant AAT-DSJ2QRXXWXVMQ,Amazon PLCC Free-Financing Universal Merchant AAT-CXJHMC2YJUK76,Amazon PLCC Free-Financing Universal Merchant AAT-CC4FAVTYR4X7C,Amazon PLCC Free-Financing Universal Merchant AAT-FYWJCQHU2XQ2U,Amazon PLCC Free-Financing Universal Merchant AAT-CXNSLNBROFDW4,Amazon PLCC Free-Financing Universal Merchant AAT-R7GXNZWISTRFA,Amazon PLCC Free-Financing Universal Merchant AAT-WSJLDN3X7KEMO,Amazon PLCC Free-Financing Universal Merchant AAT-VL6FGQVGQVXUS,Amazon PLCC Free-Financing Universal Merchant AAT-EOKPWFWYW7Y6I,Amazon PLCC Free-Financing Universal Merchant AAT-URPEBMPS7TSPE,Amazon PLCC Free-Financing Universal Merchant AAT-L2DLP5YGE5766,Amazon PLCC Free-Financing Universal Merchant AAT-5ZEB2OGNZ32MC,Amazon PLCC Free-Financing Universal Merchant AAT-YZ2VQO2YM6YYM,Amazon PLCC Free-Financing Universal Merchant AAT-4EOBCMLXMLDGY,Amazon PLCC Free-Financing Universal Merchant AAT-UB6CYNTOQMM7C,Amazon PLCC Free-Financing Universal Merchant AAT-BRSZZ45H6MHAO,Amazon PLCC Free-Financing Universal Merchant AAT-MKLXOOZWQL7GO,Amazon PLCC Free-Financing Universal Merchant AAT-CB7UNXEXGIJTC,Amazon PLCC Free-Financing Universal Merchant #MP-gzasho-1593152694811,Amazon PLCC Free-Financing Universal Merchant AAT-WLBA4GZ52EAH4",False,Easy Ship,False
14531,403-9083848-4997906,04-21-22,Shipped,Amazon,Amazon.in,Expedited,JNE2014,JNE2014-KR-178-M,kurta,M,B077M6KWYJ,Shipped,1,INR,353.0,THANE,MAHARASHTRA,400601.0,IN,IN Core Free Shipping 2015/04/08 23-48-5-108,False,,
2832,405-0857013-6017959,04-29-22,Shipped - Delivered to Buyer,Merchant,Amazon.in,Standard,SET290,SET290-KR-DPT-XL,Set,XL,B09B58186F,Shipped,1,INR,725.0,SHIVAMOGGA,KARNATAKA,577205.0,IN,"Amazon PLCC Free-Financing Universal Merchant AAT-WNKTBO3K27EJC,Amazon PLCC Free-Financing Universal Merchant AAT-QX3UCCJESKPA2,Amazon PLCC Free-Financing Universal Merchant AAT-5QQ7BIYYQEDN2,Amazon PLCC Free-Financing Universal Merchant AAT-DSJ2QRXXWXVMQ,Amazon PLCC Free-Financing Universal Merchant AAT-CXJHMC2YJUK76,Amazon PLCC Free-Financing Universal Merchant AAT-CC4FAVTYR4X7C,Amazon PLCC Free-Financing Universal Merchant AAT-XXRCW6NZEPZI4,Amazon PLCC Free-Financing Universal Merchant AAT-EOKPWFWYW7Y6I,Amazon PLCC Free-Financing Universal Merchant AAT-ZYL5UPUNW6T62,Amazon PLCC Free-Financing Universal Merchant AAT-N6QGG4HRHN6T4,Amazon PLCC Free-Financing Universal Merchant AAT-PZHUW6DZX4BPS,Amazon PLCC Free-Financing Universal Merchant AAT-ETXQ3XXWMRXBG,Amazon PLCC Free-Financing Universal Merchant AAT-7X3XCTYG64VBE,Amazon PLCC Free-Financing Universal Merchant AAT-7CHGD3WTS3MHM,Amazon PLCC Free-Financing Universal Merchant AAT-26ZDKNME27X42,Amazon PLCC Free-Financing Universal Merchant AAT-4ZF5KN6E4LJK4,Amazon PLCC Free-Financing Universal Merchant AAT-7RCXIKUAX7DDY,Amazon PLCC Free-Financing Universal Merchant AAT-BRSZZ45H6MHAO,Amazon PLCC Free-Financing Universal Merchant AAT-MKLXOOZWQL7GO,Amazon PLCC Free-Financing Universal Merchant AAT-CB7UNXEXGIJTC,Amazon PLCC Free-Financing Universal Merchant #MP-gzasho-1593152694811,Amazon PLCC Free-Financing Universal Merchant AAT-WLBA4GZ52EAH4",False,Easy Ship,
83988,404-8222614-8264326,05-04-22,Shipped,Amazon,Amazon.in,Expedited,JNE3373,JNE3373-KR-XS,kurta,XS,B082W872VQ,Shipped,1,INR,376.0,NEDUMANGAD,KERALA,695541.0,IN,IN Core Free Shipping 2015/04/08 23-48-5-108,False,,False
125519,405-2261618-9553908,06-03-22,Shipped,Amazon,Amazon.in,Expedited,JNE3291,JNE3291-KR-M,kurta,M,B07R52578F,Shipped,1,INR,471.0,HYDERABAD,TELANGANA,500028.0,IN,,False,,False
26682,403-6591748-1425135,04-14-22,Shipped,Amazon,Amazon.in,Expedited,J0335,J0335-DR-L,Western Dress,L,B09831T4CQ,Shipped,1,INR,807.0,HYDERABAD,TELANGANA,502319.0,IN,,False,,
107368,404-8643648-8926755,06-15-22,Shipped,Amazon,Amazon.in,Expedited,J0002,J0002-SKD-XL,Set,XL,B0894XKSM1,Shipped,1,INR,1125.0,HYDERABAD,TELANGANA,500012.0,IN,IN Core Free Shipping 2015/04/08 23-48-5-108,False,,False
54267,405-9253372-4581958,05-27-22,Shipped,Amazon,Amazon.in,Expedited,JNE3611,JNE3611-KR-XL,kurta,XL,B08XVPKBKG,Shipped,1,INR,469.0,CHENNAI,TAMIL NADU,600096.0,IN,IN Core Free Shipping 2015/04/08 23-48-5-108,False,,False
37720,404-1331163-0134769,04-08-22,Shipped - Delivered to Buyer,Merchant,Amazon.in,Standard,JNE3368,JNE3368-KR-XXL,kurta,XXL,B081WSWWL7,Shipped,1,INR,471.0,BENGALURU,KARNATAKA,560078.0,IN,"Amazon PLCC Free-Financing Universal Merchant AAT-WNKTBO3K27EJC,Amazon PLCC Free-Financing Universal Merchant AAT-QX3UCCJESKPA2,Amazon PLCC Free-Financing Universal Merchant AAT-CXJHMC2YJUK76,Amazon PLCC Free-Financing Universal Merchant AAT-CC4FAVTYR4X7C,Amazon PLCC Free-Financing Universal Merchant AAT-XXRCW6NZEPZI4,Amazon PLCC Free-Financing Universal Merchant AAT-EOKPWFWYW7Y6I,Amazon PLCC Free-Financing Universal Merchant AAT-ZYL5UPUNW6T62,Amazon PLCC Free-Financing Universal Merchant AAT-G5ZRX4BZOIODU,Amazon PLCC Free-Financing Universal Merchant AAT-YFJA6XMAMWZSK,Amazon PLCC Free-Financing Universal Merchant AAT-K66BSCE2J2V5E,Amazon PLCC Free-Financing Universal Merchant AAT-NJKZEPFSHB7RC,Amazon PLCC Free-Financing Universal Merchant AAT-275LMAQ3T5REI,Amazon PLCC Free-Financing Universal Merchant AAT-BRSZZ45H6MHAO,Amazon PLCC Free-Financing Universal Merchant AAT-MKLXOOZWQL7GO,Amazon PLCC Free-Financing Universal Merchant AAT-CB7UNXEXGIJTC,Amazon PLCC Free-Financing Universal Merchant #MP-gzasho-1593152694811,Amazon PLCC Free-Financing Universal Merchant AAT-WLBA4GZ52EAH4,Amazon PLCC Free-Financing Universal Merchant #MP-pmilan-1601980554292",False,Easy Ship,
10026,405-2108183-8908308,04-24-22,Shipped,Amazon,Amazon.in,Expedited,J0008,J0008-SKD-S,Set,S,B0894XGJ83,Shipped,1,INR,1065.0,FARIDABAD,HARYANA,121004.0,IN,IN Core Free Shipping 2015/04/08 23-48-5-108,False,,
51440,405-1371596-7991541,05-30-22,Shipped,Amazon,Amazon.in,Expedited,J0339,J0339-DR-XXXL,Western Dress,3XL,B09831N6TV,Shipped,1,INR,825.0,Ferozpur cantt,PUNJAB,152004.0,IN,IN Core Free Shipping 2015/04/08 23-48-5-108,False,,False
64621,404-3017061-5579558,05-19-22,Shipped - Delivered to Buyer,Merchant,Amazon.in,Standard,BTM038,BTM038-PP-XXL,Bottom,XXL,B08KRXDMC9,Shipped,1,INR,379.0,JAIPUR,RAJASTHAN,302012.0,IN,"Amazon PLCC Free-Financing Universal Merchant AAT-WNKTBO3K27EJC,Amazon PLCC Free-Financing Universal Merchant AAT-QX3UCCJESKPA2,Amazon PLCC Free-Financing Universal Merchant AAT-5QQ7BIYYQEDN2,Amazon PLCC Free-Financing Universal Merchant AAT-DSJ2QRXXWXVMQ,Amazon PLCC Free-Financing Universal Merchant AAT-CXJHMC2YJUK76,Amazon PLCC Free-Financing Universal Merchant AAT-CC4FAVTYR4X7C,Amazon PLCC Free-Financing Universal Merchant AAT-FYWJCQHU2XQ2U,Amazon PLCC Free-Financing Universal Merchant AAT-EOKPWFWYW7Y6I,Amazon PLCC Free-Financing Universal Merchant AAT-BAO77QKKMJQIM,Amazon PLCC Free-Financing Universal Merchant AAT-4ZN7U6MMDFGWM,Amazon PLCC Free-Financing Universal Merchant AAT-PAWHL2EB33U42,Amazon PLCC Free-Financing Universal Merchant AAT-7WX4JYESZISLU,Amazon PLCC Free-Financing Universal Merchant AAT-CIX56SGGAWUYW,Amazon PLCC Free-Financing Universal Merchant AAT-DMQVBJASKTAHS,Amazon PLCC Free-Financing Universal Merchant AAT-BRSZZ45H6MHAO,Amazon PLCC Free-Financing Universal Merchant AAT-MKLXOOZWQL7GO,Amazon PLCC Free-Financing Universal Merchant AAT-CB7UNXEXGIJTC,Amazon PLCC Free-Financing Universal Merchant #MP-gzasho-1593152694811,Amazon PLCC Free-Financing Universal Merchant AAT-WLBA4GZ52EAH4",False,Easy Ship,False
122043,402-7335695-1742744,06-05-22,Shipped,Amazon,Amazon.in,Expedited,J0344,J0344-TP-M,Top,M,B0986XJDJ4,Shipped,1,INR,758.0,Bangalore,KARNATAKA,560102.0,IN,,False,,False
89408,407-6049989-4505909,05-01-22,Shipped,Amazon,Amazon.in,Expedited,JNE3160,JNE3160-KR-G-M,kurta,M,B07K41S1J4,Shipped,1,INR,685.0,THANE,MAHARASHTRA,400615.0,IN,,False,,False
119420,403-4326876-4772332,06-07-22,Shipped,Amazon,Amazon.in,Expedited,SET188,SET188-KR-NP-L,Set,L,B08KRJWWKP,Shipped,1,INR,648.0,KARORAN,PUNJAB,160103.0,IN,IN Core Free Shipping 2015/04/08 23-48-5-108,False,,False
100168,406-0006467-8944342,06-21-22,Shipped,Amazon,Amazon.in,Expedited,JNE3862,JNE3862-TU-XL,Top,XL,B09Y3BRWN9,Shipped,1,INR,563.0,chennai,TAMIL NADU,600126.0,IN,VPC-44571-44201687 Coupon,False,,False
5467,407-2592903-2137164,04-27-22,Shipped - Returned to Seller,Merchant,Amazon.in,Standard,J0333,J0333-DR-XL,Western Dress,XL,B09832B571,Shipped,1,INR,825.0,VIJAPURA,KARNATAKA,586101.0,IN,"Amazon PLCC Free-Financing Universal Merchant AAT-WNKTBO3K27EJC,Amazon PLCC Free-Financing Universal Merchant AAT-QX3UCCJESKPA2,Amazon PLCC Free-Financing Universal Merchant AAT-5QQ7BIYYQEDN2,Amazon PLCC Free-Financing Universal Merchant AAT-DSJ2QRXXWXVMQ,Amazon PLCC Free-Financing Universal Merchant AAT-CXJHMC2YJUK76,Amazon PLCC Free-Financing Universal Merchant AAT-CC4FAVTYR4X7C,Amazon PLCC Free-Financing Universal Merchant AAT-XXRCW6NZEPZI4,Amazon PLCC Free-Financing Universal Merchant AAT-EOKPWFWYW7Y6I,Amazon PLCC Free-Financing Universal Merchant AAT-ZYL5UPUNW6T62,Amazon PLCC Free-Financing Universal Merchant AAT-G5ZRX4BZOIODU,Amazon PLCC Free-Financing Universal Merchant AAT-PZHUW6DZX4BPS,Amazon PLCC Free-Financing Universal Merchant AAT-ETXQ3XXWMRXBG,Amazon PLCC Free-Financing Universal Merchant AAT-7X3XCTYG64VBE,Amazon PLCC Free-Financing Universal Merchant AAT-7CHGD3WTS3MHM,Amazon PLCC Free-Financing Universal Merchant AAT-26ZDKNME27X42,Amazon PLCC Free-Financing Universal Merchant AAT-4ZF5KN6E4LJK4,Amazon PLCC Free-Financing Universal Merchant AAT-7RCXIKUAX7DDY,Amazon PLCC Free-Financing Universal Merchant AAT-BRSZZ45H6MHAO,Amazon PLCC Free-Financing Universal Merchant AAT-MKLXOOZWQL7GO,Amazon PLCC Free-Financing Universal Merchant AAT-CB7UNXEXGIJTC,Amazon PLCC Free-Financing Universal Merchant #MP-gzasho-1593152694811,Amazon PLCC Free-Financing Universal Merchant AAT-WLBA4GZ52EAH4",False,Easy Ship,
20920,403-1171734-9958708,04-18-22,Shipped,Amazon,Amazon.in,Expedited,SET398,SET398-KR-PP-XL,Set,XL,B09RPQV7SV,Shipped,1,INR,1115.0,Greater Noida West,UTTAR PRADESH,201306.0,IN,IN Core Free Shipping 2015/04/08 23-48-5-108,False,,
123546,408-0360911-3491541,06-04-22,Shipped,Amazon,Amazon.in,Expedited,SET183,SET183-KR-DH-XS,Set,XS,B08B3XN2LC,Shipped,1,INR,759.0,PRAYAGRAJ,UTTAR PRADESH,230304.0,IN,IN Core Free Shipping 2015/04/08 23-48-5-108,False,,False
19794,171-4857454-0613132,04-18-22,Shipped - Delivered to Buyer,Merchant,Amazon.in,Standard,JNE3368,JNE3368-KR-XXXL,kurta,3XL,B0828PD16L,Shipped,1,INR,471.0,PUNE,MAHARASHTRA,411041.0,IN,"Amazon PLCC Free-Financing Universal Merchant AAT-WNKTBO3K27EJC,Amazon PLCC Free-Financing Universal Merchant AAT-QX3UCCJESKPA2,Amazon PLCC Free-Financing Universal Merchant AAT-CXJHMC2YJUK76,Amazon PLCC Free-Financing Universal Merchant AAT-CC4FAVTYR4X7C,Amazon PLCC Free-Financing Universal Merchant AAT-XXRCW6NZEPZI4,Amazon PLCC Free-Financing Universal Merchant AAT-EOKPWFWYW7Y6I,Amazon PLCC Free-Financing Universal Merchant AAT-G5ZRX4BZOIODU,Amazon PLCC Free-Financing Universal Merchant AAT-PZHUW6DZX4BPS,Amazon PLCC Free-Financing Universal Merchant AAT-XX7G3ZRJJJ5LG,Amazon PLCC Free-Financing Universal Merchant AAT-LEHCKNDBJG64E,Amazon PLCC Free-Financing Universal Merchant AAT-DJVHCEV7D7RQY,Amazon PLCC Free-Financing Universal Merchant AAT-BRSZZ45H6MHAO,Amazon PLCC Free-Financing Universal Merchant AAT-MKLXOOZWQL7GO,Amazon PLCC Free-Financing Universal Merchant AAT-CB7UNXEXGIJTC,Amazon PLCC Free-Financing Universal Merchant #MP-gzasho-1593152694811,Amazon PLCC Free-Financing Universal Merchant AAT-WLBA4GZ52EAH4",False,Easy Ship,
30362,406-4173721-0489907,04-12-22,Cancelled,Amazon,Amazon.in,Expedited,JNE3399,JNE3399-KR-L,kurta,L,B082W8354V,Cancelled,0,,,COIMBATORE,TAMIL NADU,641006.0,IN,,False,,
83542,406-2073623-1301920,05-04-22,Shipped - Delivered to Buyer,Merchant,Amazon.in,Standard,SET183,SET183-KR-DH-M,Set,M,B08B3Z2YY3,Shipped,1,INR,759.0,CHAPRA,BIHAR,841301.0,IN,"Amazon PLCC Free-Financing Universal Merchant AAT-WNKTBO3K27EJC,Amazon PLCC Free-Financing Universal Merchant AAT-QX3UCCJESKPA2,Amazon PLCC Free-Financing Universal Merchant AAT-5QQ7BIYYQEDN2,Amazon PLCC Free-Financing Universal Merchant AAT-DSJ2QRXXWXVMQ,Amazon PLCC Free-Financing Universal Merchant AAT-CXJHMC2YJUK76,Amazon PLCC Free-Financing Universal Merchant AAT-CC4FAVTYR4X7C,Amazon PLCC Free-Financing Universal Merchant AAT-FYWJCQHU2XQ2U,Amazon PLCC Free-Financing Universal Merchant AAT-R7GXNZWISTRFA,Amazon PLCC Free-Financing Universal Merchant AAT-EOKPWFWYW7Y6I,Amazon PLCC Free-Financing Universal Merchant AAT-URPEBMPS7TSPE,Amazon PLCC Free-Financing Universal Merchant AAT-3R6UGYISJQCKA,Amazon PLCC Free-Financing Universal Merchant AAT-TREXU6MY3SEMI,Amazon PLCC Free-Financing Universal Merchant AAT-RVL5KAXRIWHV2,Amazon PLCC Free-Financing Universal Merchant AAT-BS2QIL3ZUUJDC,Amazon PLCC Free-Financing Universal Merchant AAT-BD2QQYQLU3K3Q,Amazon PLCC Free-Financing Universal Merchant AAT-7Z5FYSWV55YJ6,Amazon PLCC Free-Financing Universal Merchant AAT-KQRYFJZLTA6E2,Amazon PLCC Free-Financing Universal Merchant AAT-F6SN46VZWQOQI,Amazon PLCC Free-Financing Universal Merchant AAT-GL6VKXK3MYVP4,Amazon PLCC Free-Financing Universal Merchant AAT-26CRLBGU7BZ4I,Amazon PLCC Free-Financing Universal Merchant AAT-EC3WUB2OYMZJY,Amazon PLCC Free-Financing Universal Merchant AAT-LLHTF3J4EFYUO,Amazon PLCC Free-Financing Universal Merchant AAT-BRSZZ45H6MHAO,Amazon PLCC Free-Financing Universal Merchant AAT-MKLXOOZWQL7GO,Amazon PLCC Free-Financing Universal Merchant AAT-CB7UNXEXGIJTC,Amazon PLCC Free-Financing Universal Merchant #MP-gzasho-1593152694811,Amazon PLCC Free-Financing Universal Merchant AAT-WLBA4GZ52EAH4",False,Easy Ship,False
8917,171-5885440-6989908,04-25-22,Shipped,Amazon,Amazon.in,Expedited,J0230,J0230-SKD-M,Set,M,B08XNJG8B1,Shipped,1,INR,1112.0,DEHRADUN,UTTARAKHAND,248001.0,IN,IN Core Free Shipping 2015/04/08 23-48-5-108,False,,
16990,403-0455532-4454703,04-20-22,Shipped,Amazon,Amazon.in,Expedited,JNE3160,JNE3160-KR-G-XL,kurta,XL,B07K4C1KTB,Shipped,1,INR,685.0,SURAT,Gujarat,394510.0,IN,,False,,
6516,404-0218339-3231503,04-26-22,Shipped - Delivered to Buyer,Merchant,Amazon.in,Standard,SET389,SET389-KR-NP-XL,Set,XL,B09KXW4WQC,Shipped,1,INR,680.0,LUDHIANA,PUNJAB,141001.0,IN,"Amazon PLCC Free-Financing Universal Merchant AAT-WNKTBO3K27EJC,Amazon PLCC Free-Financing Universal Merchant AAT-QX3UCCJESKPA2,Amazon PLCC Free-Financing Universal Merchant AAT-5QQ7BIYYQEDN2,Amazon PLCC Free-Financing Universal Merchant AAT-DSJ2QRXXWXVMQ,Amazon PLCC Free-Financing Universal Merchant AAT-CXJHMC2YJUK76,Amazon PLCC Free-Financing Universal Merchant AAT-CC4FAVTYR4X7C,Amazon PLCC Free-Financing Universal Merchant AAT-XXRCW6NZEPZI4,Amazon PLCC Free-Financing Universal Merchant AAT-EOKPWFWYW7Y6I,Amazon PLCC Free-Financing Universal Merchant AAT-ZYL5UPUNW6T62,Amazon PLCC Free-Financing Universal Merchant AAT-G5ZRX4BZOIODU,Amazon PLCC Free-Financing Universal Merchant AAT-PZHUW6DZX4BPS,Amazon PLCC Free-Financing Universal Merchant AAT-ETXQ3XXWMRXBG,Amazon PLCC Free-Financing Universal Merchant AAT-7X3XCTYG64VBE,Amazon PLCC Free-Financing Universal Merchant AAT-7CHGD3WTS3MHM,Amazon PLCC Free-Financing Universal Merchant AAT-26ZDKNME27X42,Amazon PLCC Free-Financing Universal Merchant AAT-4ZF5KN6E4LJK4,Amazon PLCC Free-Financing Universal Merchant AAT-7RCXIKUAX7DDY,Amazon PLCC Free-Financing Universal Merchant AAT-BRSZZ45H6MHAO,Amazon PLCC Free-Financing Universal Merchant AAT-MKLXOOZWQL7GO,Amazon PLCC Free-Financing Universal Merchant AAT-CB7UNXEXGIJTC,Amazon PLCC Free-Financing Universal Merchant #MP-gzasho-1593152694811,Amazon PLCC Free-Financing Universal Merchant AAT-WLBA4GZ52EAH4",False,Easy Ship,
88813,404-3019290-1599521,05-02-22,Shipped,Amazon,Amazon.in,Expedited,J0308,J0308-DR-XXL,Western Dress,XXL,B099NTSTM2,Shipped,1,INR,625.0,NAVI MUMBAI,MAHARASHTRA,400703.0,IN,IN Core Free Shipping 2015/04/08 23-48-5-108,False,,False
112362,171-6095867-8819553,06-12-22,Shipped,Amazon,Amazon.in,Expedited,JNE3578,JNE3578-KR-S,kurta,S,B08QJD24XR,Shipped,1,INR,612.0,THANE,MAHARASHTRA,401107.0,IN,IN Core Free Shipping 2015/04/08 23-48-5-108,False,,False
103082,404-2348908-7168314,06-19-22,Shipped,Amazon,Amazon.in,Expedited,SET268,SET268-KR-NP-XL,Set,XL,B08XQBF1G4,Shipped,1,INR,788.0,BENGALURU,KARNATAKA,560076.0,IN,IN Core Free Shipping 2015/04/08 23-48-5-108,False,,False
40981,407-8606777-1921158,04-06-22,Cancelled,Amazon,Amazon.in,Expedited,JNE3399,JNE3399-KR-S,kurta,S,B082W87NQF,Unshipped,1,INR,435.0,KONDAPI,ANDHRA PRADESH,523279.0,IN,,False,,
73154,407-7840140-5061123,05-12-22,Shipped,Amazon,Amazon.in,Expedited,SET290,SET290-KR-DPT-M,Set,M,B09B5922WD,Shipped,1,INR,832.0,Lucknow,UTTAR PRADESH,226004.0,IN,IN Core Free Shipping 2015/04/08 23-48-5-108,False,,False
31754,403-0173977-3041148,04-11-22,Shipped - Delivered to Buyer,Merchant,Amazon.in,Standard,JNE3861,JNE3861-DR-XXXL,Western Dress,3XL,B09SDYBW5R,Shipped,1,INR,791.0,SOLAPUR,MAHARASHTRA,413002.0,IN,"Amazon PLCC Free-Financing Universal Merchant AAT-WNKTBO3K27EJC,Amazon PLCC Free-Financing Universal Merchant AAT-QX3UCCJESKPA2,Amazon PLCC Free-Financing Universal Merchant AAT-CXJHMC2YJUK76,Amazon PLCC Free-Financing Universal Merchant AAT-CC4FAVTYR4X7C,Amazon PLCC Free-Financing Universal Merchant AAT-XXRCW6NZEPZI4,Amazon PLCC Free-Financing Universal Merchant AAT-WSJLDN3X7KEMO,Amazon PLCC Free-Financing Universal Merchant AAT-VL6FGQVGQVXUS,Amazon PLCC Free-Financing Universal Merchant AAT-EOKPWFWYW7Y6I,VPC-44571-38707197 Coupon,Amazon PLCC Free-Financing Universal Merchant AAT-ZYL5UPUNW6T62,Amazon PLCC Free-Financing Universal Merchant AAT-XVPICCHRWDCAI,Amazon PLCC Free-Financing Universal Merchant AAT-G5ZRX4BZOIODU,Amazon PLCC Free-Financing Universal Merchant AAT-ACZIPIA37BFIY,Amazon PLCC Free-Financing Universal Merchant AAT-4UKS7UWZY3AES,Amazon PLCC Free-Financing Universal Merchant AAT-PZHUW6DZX4BPS,Amazon PLCC Free-Financing Universal Merchant AAT-BRSZZ45H6MHAO,Amazon PLCC Free-Financing Universal Merchant AAT-MKLXOOZWQL7GO,Amazon PLCC Free-Financing Universal Merchant AAT-CB7UNXEXGIJTC,Amazon PLCC Free-Financing Universal Merchant #MP-gzasho-1593152694811,Amazon PLCC Free-Financing Universal Merchant AAT-WLBA4GZ52EAH4",False,Easy Ship,
91754,406-7213312-4461948,06-29-22,Pending,Merchant,Amazon.in,Standard,SET398,SET398-KR-PP-XXL,Set,XXL,B09RP8WY5J,Unshipped,1,INR,1249.0,BENGALURU,KARNATAKA,560080.0,IN,"Amazon PLCC Free-Financing Universal Merchant AAT-WNKTBO3K27EJC,Amazon PLCC Free-Financing Universal Merchant AAT-QX3UCCJESKPA2,Amazon PLCC Free-Financing Universal Merchant AAT-5QQ7BIYYQEDN2,Amazon PLCC Free-Financing Universal Merchant AAT-DSJ2QRXXWXVMQ,Amazon PLCC Free-Financing Universal Merchant AAT-CXJHMC2YJUK76,Amazon PLCC Free-Financing Universal Merchant AAT-SL3Y2YRMAUNFC,Amazon PLCC Free-Financing Universal Merchant AAT-CC4FAVTYR4X7C,Amazon PLCC Free-Financing Universal Merchant AAT-EWAPBB6BDRGM6,Amazon PLCC Free-Financing Universal Merchant AAT-WSJLDN3X7KEMO,Amazon PLCC Free-Financing Universal Merchant AAT-VL6FGQVGQVXUS,Amazon PLCC Free-Financing Universal Merchant AAT-EOKPWFWYW7Y6I,Amazon PLCC Free-Financing Universal Merchant AAT-NT3ZJJGQ3JK3Q,Amazon PLCC Free-Financing Universal Merchant AAT-5SHH3G55USK5C,Amazon PLCC Free-Financing Universal Merchant AAT-AMKH7SAAONETC,Amazon PLCC Free-Financing Universal Merchant AAT-56XNPXK2K7OLI,Amazon PLCC Free-Financing Universal Merchant AAT-6XVEGAWJUJYXG,Amazon PLCC Free-Financing Universal Merchant AAT-5QNBXTEQWGXOW,Amazon PLCC Free-Financing Universal Merchant AAT-BOWEMQBNNNHBK,Amazon PLCC Free-Financing Universal Merchant AAT-ONHQI6RQUNGB6,Amazon PLCC Free-Financing Universal Merchant AAT-DP5M6CP4XT7YY,Amazon PLCC Free-Financing Universal Merchant AAT-BRSZZ45H6MHAO,Amazon PLCC Free-Financing Universal Merchant AAT-MKLXOOZWQL7GO,Amazon PLCC Free-Financing Universal Merchant AAT-CB7UNXEXGIJTC,Amazon PLCC Free-Financing Universal Merchant #MP-gzasho-1593152694811,Amazon PLCC Free-Financing Universal Merchant AAT-WLBA4GZ52EAH4",False,Easy Ship,False
115344,407-8278692-5297932,06-10-22,Shipped,Amazon,Amazon.in,Expedited,J0117,J0117-TP-XS,Top,XS,B08N44NRDT,Shipped,1,INR,726.0,NAGERCOIL,TAMIL NADU,629002.0,IN,IN Core Free Shipping 2015/04/08 23-48-5-108,False,,False
56099,404-2053529-4560330,05-26-22,Cancelled,Amazon,Amazon.in,Expedited,J0138,J0138-KR-XS,kurta,XS,B091YJGBK7,Cancelled,0,,,FATEHABAD,HARYANA,125050.0,IN,,False,,False
33081,407-2349552-3653164,04-10-22,Cancelled,Amazon,Amazon.in,Expedited,SET110,SET110-KR-PP-XL,Set,XL,B0822T4YG6,Unshipped,1,INR,788.0,mughal sarai,UTTAR PRADESH,232101.0,IN,,False,,
45011,406-0446571-6129914,04-03-22,Shipped,Amazon,Amazon.in,Expedited,SET138,SET138-KR-PP-XXXL,Set,3XL,B082Z3C8MW,Shipped,1,INR,729.0,Sheoraphuli,WEST BENGAL,712223.0,IN,IN Core Free Shipping 2015/04/08 23-48-5-108,False,,
113537,408-8320003-5102710,06-11-22,Shipped - Delivered to Buyer,Merchant,Amazon.in,Standard,MEN5019,MEN5019-KR-L,kurta,L,B091HRCZD3,Shipped,1,INR,655.0,JAIPUR,RAJASTHAN,302020.0,IN,"Amazon PLCC Free-Financing Universal Merchant AAT-WNKTBO3K27EJC,Amazon PLCC Free-Financing Universal Merchant AAT-QX3UCCJESKPA2,Amazon PLCC Free-Financing Universal Merchant AAT-5QQ7BIYYQEDN2,Amazon PLCC Free-Financing Universal Merchant AAT-DSJ2QRXXWXVMQ,Amazon PLCC Free-Financing Universal Merchant AAT-CXJHMC2YJUK76,Amazon PLCC Free-Financing Universal Merchant AAT-SL3Y2YRMAUNFC,Amazon PLCC Free-Financing Universal Merchant AAT-CC4FAVTYR4X7C,Amazon PLCC Free-Financing Universal Merchant AAT-EWAPBB6BDRGM6,Amazon PLCC Free-Financing Universal Merchant AAT-EOKPWFWYW7Y6I,Amazon PLCC Free-Financing Universal Merchant AAT-5SHH3G55USK5C,Amazon PLCC Free-Financing Universal Merchant AAT-AMKH7SAAONETC,Amazon PLCC Free-Financing Universal Merchant AAT-56XNPXK2K7OLI,Amazon PLCC Free-Financing Universal Merchant AAT-5QNBXTEQWGXOW,Amazon PLCC Free-Financing Universal Merchant AAT-ZBCRDPHJI4UDO,Amazon PLCC Free-Financing Universal Merchant AAT-CMBNOJYSQPOPS,Amazon PLCC Free-Financing Universal Merchant AAT-IBN3WODYJ44YC,Amazon PLCC Free-Financing Universal Merchant AAT-W2F65W44TEYES,Amazon PLCC Free-Financing Universal Merchant AAT-ZBGDWJCP6BTLE,Amazon PLCC Free-Financing Universal Merchant AAT-BOWEMQBNNNHBK,Amazon PLCC Free-Financing Universal Merchant AAT-SKYXW7T3UZBGO,Amazon PLCC Free-Financing Universal Merchant AAT-BRSZZ45H6MHAO,Amazon PLCC Free-Financing Universal Merchant AAT-MKLXOOZWQL7GO,Amazon PLCC Free-Financing Universal Merchant AAT-CB7UNXEXGIJTC,Amazon PLCC Free-Financing Universal Merchant #MP-gzasho-1593152694811,Amazon PLCC Free-Financing Universal Merchant AAT-WLBA4GZ52EAH4",False,Easy Ship,False
105134,407-9758387-6970707,06-17-22,Shipped,Amazon,Amazon.in,Expedited,J0228,J0228-SKD-S,Set,S,B09M6S719P,Shipped,1,INR,1613.0,jagadhri,HARYANA,135003.0,IN,IN Core Free Shipping 2015/04/08 23-48-5-108,False,,False
112225,404-7045710-1101124,06-12-22,Shipped - Delivered to Buyer,Merchant,Amazon.in,Standard,SET323,SET323-KR-NP-S,Set,S,B09NDLSGZM,Shipped,1,INR,999.0,JAIPUR,RAJASTHAN,302012.0,IN,"Amazon PLCC Free-Financing Universal Merchant AAT-WNKTBO3K27EJC,Amazon PLCC Free-Financing Universal Merchant AAT-QX3UCCJESKPA2,Amazon PLCC Free-Financing Universal Merchant AAT-5QQ7BIYYQEDN2,Amazon PLCC Free-Financing Universal Merchant AAT-DSJ2QRXXWXVMQ,Amazon PLCC Free-Financing Universal Merchant AAT-CXJHMC2YJUK76,Amazon PLCC Free-Financing Universal Merchant AAT-CC4FAVTYR4X7C,Amazon PLCC Free-Financing Universal Merchant AAT-EWAPBB6BDRGM6,Amazon PLCC Free-Financing Universal Merchant AAT-EOKPWFWYW7Y6I,Amazon PLCC Free-Financing Universal Merchant AAT-NT3ZJJGQ3JK3Q,Amazon PLCC Free-Financing Universal Merchant AAT-ZBCRDPHJI4UDO,Amazon PLCC Free-Financing Universal Merchant AAT-CMBNOJYSQPOPS,Amazon PLCC Free-Financing Universal Merchant AAT-IBN3WODYJ44YC,Amazon PLCC Free-Financing Universal Merchant AAT-W2F65W44TEYES,Amazon PLCC Free-Financing Universal Merchant AAT-ZBGDWJCP6BTLE,Amazon PLCC Free-Financing Universal Merchant AAT-BOWEMQBNNNHBK,Amazon PLCC Free-Financing Universal Merchant AAT-SKYXW7T3UZBGO,Amazon PLCC Free-Financing Universal Merchant AAT-BRSZZ45H6MHAO,Amazon PLCC Free-Financing Universal Merchant AAT-MKLXOOZWQL7GO,Amazon PLCC Free-Financing Universal Merchant AAT-CB7UNXEXGIJTC,Amazon PLCC Free-Financing Universal Merchant #MP-gzasho-1593152694811,Amazon PLCC Free-Financing Universal Merchant AAT-WLBA4GZ52EAH4",False,Easy Ship,False
31680,408-8008371-1443500,04-11-22,Shipped,Amazon,Amazon.in,Expedited,J0338,J0338-DR-XXL,Western Dress,XXL,B09831KKVG,Shipped,1,INR,791.0,Korba,CHHATTISGARH,495677.0,IN,IN Core Free Shipping 2015/04/08 23-48-5-108,False,,
45554,171-3069283-8628366,04-03-22,Shipped,Amazon,Amazon.in,Expedited,JNE3391,JNE3391-KR-M,kurta,M,B081X59FVC,Shipped,1,INR,448.0,MUMBAI,MAHARASHTRA,400097.0,IN,IN Core Free Shipping 2015/04/08 23-48-5-108,False,,
22711,406-1941797-3869906,04-17-22,Shipped - Delivered to Buyer,Merchant,Amazon.in,Standard,SET233,SET233-KR-PP-XL,Set,XL,B08MXCP6LH,Shipped,1,INR,545.0,MUMBAI,MAHARASHTRA,400097.0,IN,"Amazon PLCC Free-Financing Universal Merchant AAT-WNKTBO3K27EJC,Amazon PLCC Free-Financing Universal Merchant AAT-QX3UCCJESKPA2,Amazon PLCC Free-Financing Universal Merchant AAT-CXJHMC2YJUK76,Amazon PLCC Free-Financing Universal Merchant AAT-SL3Y2YRMAUNFC,Amazon PLCC Free-Financing Universal Merchant AAT-CC4FAVTYR4X7C,Amazon PLCC Free-Financing Universal Merchant AAT-XXRCW6NZEPZI4,Amazon PLCC Free-Financing Universal Merchant AAT-EOKPWFWYW7Y6I,Amazon PLCC Free-Financing Universal Merchant AAT-ZYL5UPUNW6T62,Amazon PLCC Free-Financing Universal Merchant AAT-G5ZRX4BZOIODU,Amazon PLCC Free-Financing Universal Merchant AAT-PZHUW6DZX4BPS,Amazon PLCC Free-Financing Universal Merchant AAT-XX7G3ZRJJJ5LG,Amazon PLCC Free-Financing Universal Merchant AAT-LEHCKNDBJG64E,Amazon PLCC Free-Financing Universal Merchant AAT-DJVHCEV7D7RQY,Amazon PLCC Free-Financing Universal Merchant AAT-TNYBHEAO7HOHO,Amazon PLCC Free-Financing Universal Merchant AAT-BRSZZ45H6MHAO,Amazon PLCC Free-Financing Universal Merchant AAT-MKLXOOZWQL7GO,Amazon PLCC Free-Financing Universal Merchant AAT-CB7UNXEXGIJTC,Amazon PLCC Free-Financing Universal Merchant #MP-gzasho-1593152694811,Amazon PLCC Free-Financing Universal Merchant AAT-WLBA4GZ52EAH4,Amazon PLCC Free-Financing Universal Merchant AAT-QMFZ3M7T5NPDS,Amazon PLCC Free-Financing Universal Merchant #MP-pmilan-1601980554292",False,Easy Ship,
77484,408-0452041-3721933,05-08-22,Shipped - Delivered to Buyer,Merchant,Amazon.in,Standard,JNE3800,JNE3800-KR-A-XXXL,Western Dress,3XL,B09TH53Q68,Shipped,1,INR,725.0,NEW DELHI,DELHI,110008.0,IN,"Amazon PLCC Free-Financing Universal Merchant AAT-WNKTBO3K27EJC,Amazon PLCC Free-Financing Universal Merchant AAT-QX3UCCJESKPA2,Amazon PLCC Free-Financing Universal Merchant AAT-5QQ7BIYYQEDN2,Amazon PLCC Free-Financing Universal Merchant AAT-DSJ2QRXXWXVMQ,Amazon PLCC Free-Financing Universal Merchant AAT-CXJHMC2YJUK76,Amazon PLCC Free-Financing Universal Merchant AAT-SL3Y2YRMAUNFC,Amazon PLCC Free-Financing Universal Merchant AAT-CC4FAVTYR4X7C,Amazon PLCC Free-Financing Universal Merchant AAT-FYWJCQHU2XQ2U,Amazon PLCC Free-Financing Universal Merchant AAT-WSJLDN3X7KEMO,Amazon PLCC Free-Financing Universal Merchant AAT-VL6FGQVGQVXUS,Amazon PLCC Free-Financing Universal Merchant AAT-EOKPWFWYW7Y6I,Amazon PLCC Free-Financing Universal Merchant AAT-URPEBMPS7TSPE,Amazon PLCC Free-Financing Universal Merchant AAT-CPIZVVXYOLZ5S,Amazon PLCC Free-Financing Universal Merchant AAT-BS2QIL3ZUUJDC,Amazon PLCC Free-Financing Universal Merchant AAT-BD2QQYQLU3K3Q,Amazon PLCC Free-Financing Universal Merchant AAT-7Z5FYSWV55YJ6,Amazon PLCC Free-Financing Universal Merchant AAT-KQRYFJZLTA6E2,Amazon PLCC Free-Financing Universal Merchant AAT-F6SN46VZWQOQI,Amazon PLCC Free-Financing Universal Merchant AAT-GL6VKXK3MYVP4,Amazon PLCC Free-Financing Universal Merchant AAT-26CRLBGU7BZ4I,Amazon PLCC Free-Financing Universal Merchant AAT-EC3WUB2OYMZJY,Amazon PLCC Free-Financing Universal Merchant AAT-LLHTF3J4EFYUO,Amazon PLCC Free-Financing Universal Merchant AAT-BRSZZ45H6MHAO,Amazon PLCC Free-Financing Universal Merchant AAT-MKLXOOZWQL7GO,Amazon PLCC Free-Financing Universal Merchant AAT-CB7UNXEXGIJTC,Amazon PLCC Free-Financing Universal Merchant #MP-gzasho-1593152694811,Amazon PLCC Free-Financing Universal Merchant AAT-WLBA4GZ52EAH4",False,Easy Ship,False
104826,406-5903817-5167538,06-17-22,Shipped - Returning to Seller,Merchant,Amazon.in,Standard,SET217,SET217-KR-PP-XXL,Set,XXL,B089B1GM9F,Shipped,1,INR,786.0,KOLKATA,WEST BENGAL,700033.0,IN,"Amazon PLCC Free-Financing Universal Merchant AAT-WNKTBO3K27EJC,Amazon PLCC Free-Financing Universal Merchant AAT-QX3UCCJESKPA2,Amazon PLCC Free-Financing Universal Merchant AAT-5QQ7BIYYQEDN2,Amazon PLCC Free-Financing Universal Merchant AAT-DSJ2QRXXWXVMQ,Amazon PLCC Free-Financing Universal Merchant AAT-CXJHMC2YJUK76,Amazon PLCC Free-Financing Universal Merchant AAT-CC4FAVTYR4X7C,Amazon PLCC Free-Financing Universal Merchant AAT-EWAPBB6BDRGM6,Amazon PLCC Free-Financing Universal Merchant AAT-EOKPWFWYW7Y6I,Amazon PLCC Free-Financing Universal Merchant AAT-NT3ZJJGQ3JK3Q,Amazon PLCC Free-Financing Universal Merchant AAT-5SHH3G55USK5C,Amazon PLCC Free-Financing Universal Merchant AAT-6XVEGAWJUJYXG,Amazon PLCC Free-Financing Universal Merchant AAT-BOWEMQBNNNHBK,Amazon PLCC Free-Financing Universal Merchant AAT-SKYXW7T3UZBGO,Amazon PLCC Free-Financing Universal Merchant AAT-ONHQI6RQUNGB6,Amazon PLCC Free-Financing Universal Merchant AAT-7L53RVBBSPI3S,Amazon PLCC Free-Financing Universal Merchant AAT-FXGH5APHPAWRQ,Amazon PLCC Free-Financing Universal Merchant AAT-BRSZZ45H6MHAO,Amazon PLCC Free-Financing Universal Merchant AAT-MKLXOOZWQL7GO,Amazon PLCC Free-Financing Universal Merchant AAT-CB7UNXEXGIJTC,Amazon PLCC Free-Financing Universal Merchant #MP-gzasho-1593152694811,Amazon PLCC Free-Financing Universal Merchant AAT-WLBA4GZ52EAH4",False,Easy Ship,False
8277,403-7676957-4768316,04-25-22,Shipped - Delivered to Buyer,Merchant,Amazon.in,Standard,J0132,J0132-KR-XS,kurta,XS,B08N1BYTL6,Shipped,1,INR,362.0,HALDIA,WEST BENGAL,721635.0,IN,"Amazon PLCC Free-Financing Universal Merchant AAT-WNKTBO3K27EJC,Amazon PLCC Free-Financing Universal Merchant AAT-QX3UCCJESKPA2,Amazon PLCC Free-Financing Universal Merchant AAT-5QQ7BIYYQEDN2,Amazon PLCC Free-Financing Universal Merchant AAT-DSJ2QRXXWXVMQ,Amazon PLCC Free-Financing Universal Merchant AAT-CXJHMC2YJUK76,Amazon PLCC Free-Financing Universal Merchant AAT-CC4FAVTYR4X7C,Amazon PLCC Free-Financing Universal Merchant AAT-XXRCW6NZEPZI4,Amazon PLCC Free-Financing Universal Merchant AAT-EOKPWFWYW7Y6I,Amazon PLCC Free-Financing Universal Merchant AAT-G5ZRX4BZOIODU,Amazon PLCC Free-Financing Universal Merchant AAT-PZHUW6DZX4BPS,Amazon PLCC Free-Financing Universal Merchant AAT-ETXQ3XXWMRXBG,Amazon PLCC Free-Financing Universal Merchant AAT-BRSZZ45H6MHAO,Amazon PLCC Free-Financing Universal Merchant AAT-MKLXOOZWQL7GO,Amazon PLCC Free-Financing Universal Merchant AAT-CB7UNXEXGIJTC,Amazon PLCC Free-Financing Universal Merchant #MP-gzasho-1593152694811,Amazon PLCC Free-Financing Universal Merchant AAT-WLBA4GZ52EAH4",False,Easy Ship,
3885,171-6466840-1095568,04-28-22,Shipped,Amazon,Amazon.in,Expedited,NW039,NW039-TP-SR-L,Set,L,B09M75K39B,Shipped,1,INR,495.0,Gurugram,HARYANA,122001.0,IN,IN Core Free Shipping 2015/04/08 23-48-5-108,False,,
118872,405-5962232-9809930,06-07-22,Cancelled,Amazon,Amazon.in,Expedited,JNE3518,JNE3518-KR-S,kurta,S,B08XVM3MJS,Cancelled,0,,,KOCHI,KERALA,682002.0,IN,,False,,False
101223,402-9136219-1093163,06-20-22,Shipped,Amazon,Amazon.in,Expedited,JNE3564,JNE3564-KR-XL,kurta,XL,B08MYVBRWB,Shipped,1,INR,487.0,BANGALORE,KARNATAKA,560064.0,IN,,False,,False
117498,403-3702365-9283507,06-08-22,Shipped,Amazon,Amazon.in,Expedited,JNE3399,JNE3399-KR-M,kurta,M,B082W84Q2J,Shipped,1,INR,435.0,BENGALURU,KARNATAKA,560043.0,IN,IN Core Free Shipping 2015/04/08 23-48-5-108,False,,False
90653,405-3340618-7868301,05-01-22,Shipped,Amazon,Amazon.in,Expedited,SET324,SET324-KR-NP-S,Set,S,B09NQ4CZ65,Shipped,1,INR,635.0,CHENNAI,TAMIL NADU,600037.0,IN,IN Core Free Shipping 2015/04/08 23-48-5-108,False,,False
89650,408-1216013-6069940,05-01-22,Shipped - Delivered to Buyer,Merchant,Amazon.in,Standard,JNE3805,JNE3805-KR-XXL,kurta,XXL,B09K3ZR9ZG,Shipped,1,INR,0.0,PALAKKAD,KERALA,678003.0,IN,"Amazon PLCC Free-Financing Universal Merchant AAT-5QQ7BIYYQEDN2,Amazon PLCC Free-Financing Universal Merchant AAT-DSJ2QRXXWXVMQ,Amazon PLCC Free-Financing Universal Merchant AAT-FYWJCQHU2XQ2U,Amazon PLCC Free-Financing Universal Merchant #MP-gzasho-1593152694811",False,Easy Ship,False
30970,408-0589657-0104369,04-12-22,Shipped,Amazon,Amazon.in,Expedited,J0308,J0308-DR-L,Western Dress,L,B099NS9KRN,Shipped,1,INR,0.0,HYDERABAD,TELANGANA,500072.0,IN,,False,,
17425,406-1629366-7670710,04-20-22,Shipped,Amazon,Amazon.in,Expedited,JNE3645,JNE3645-TP-N-M,Top,M,B08ZHSXP1S,Shipped,1,INR,432.0,PUNE,MAHARASHTRA,411060.0,IN,,False,,
118743,404-3205835-8879529,06-07-22,Shipped,Amazon,Amazon.in,Expedited,JNE3465,JNE3465-KR-L,kurta,L,B08BFLKNGJ,Shipped,1,INR,517.0,BANGALORE,KARNATAKA,560076.0,IN,,False,,False
45544,405-4160211-7122709,04-03-22,Shipped,Amazon,Amazon.in,Expedited,SET383,SET383-KR-NP-XL,Set,XL,B09K36BDS5,Shipped,1,INR,699.0,MUMBAI,MAHARASHTRA,400023.0,IN,,False,,
110351,404-5250894-1407548,06-13-22,Shipped,Amazon,Amazon.in,Expedited,JNE3719,JNE3719-KR-L,kurta,L,B099FNDQK9,Shipped,1,INR,399.0,PATNA,BIHAR,800026.0,IN,,False,,False
126147,404-7791826-9571509,06-02-22,Cancelled,Amazon,Amazon.in,Expedited,SET044,SET044-KR-NP-XL,Set,XL,B07Q2MWDYN,Unshipped,1,INR,612.0,KALYAN,MAHARASHTRA,421201.0,IN,,False,,False
55216,402-4733027-0669159,05-27-22,Shipped,Amazon,Amazon.in,Expedited,J0335,J0335-DR-XL,Western Dress,XL,B09831P2JC,Shipped,1,INR,989.0,BENGALURU,KARNATAKA,560037.0,IN,,False,,False
111388,402-9934788-7853934,06-12-22,Shipped,Amazon,Amazon.in,Expedited,JNE2032,JNE2032-KR-205-XXL,kurta,XXL,B0768HCX12,Shipped,1,INR,301.0,BANGALORE,KARNATAKA,560023.0,IN,,False,,False
11906,171-8020334-2178724,04-23-22,Shipped,Amazon,Amazon.in,Expedited,SET347,SET347-KR-NP-M,Set,M,B09RKF9KV8,Shipped,1,INR,801.0,PORT BLAIR,ANDAMAN & NICOBAR ,744112.0,IN,IN Core Free Shipping 2015/04/08 23-48-5-108,False,,
76201,404-7059954-8414767,05-09-22,Shipped - Delivered to Buyer,Merchant,Amazon.in,Standard,JNE3607,JNE3607-KR-XL,kurta,XL,B08TGZCN3N,Shipped,1,INR,477.0,CHENNAI,TAMIL NADU,600119.0,IN,"Amazon PLCC Free-Financing Universal Merchant AAT-WNKTBO3K27EJC,Amazon PLCC Free-Financing Universal Merchant AAT-QX3UCCJESKPA2,Amazon PLCC Free-Financing Universal Merchant AAT-5QQ7BIYYQEDN2,Amazon PLCC Free-Financing Universal Merchant AAT-DSJ2QRXXWXVMQ,Amazon PLCC Free-Financing Universal Merchant AAT-CXJHMC2YJUK76,Amazon PLCC Free-Financing Universal Merchant AAT-CC4FAVTYR4X7C,Amazon PLCC Free-Financing Universal Merchant AAT-FYWJCQHU2XQ2U,Amazon PLCC Free-Financing Universal Merchant AAT-R7GXNZWISTRFA,Amazon PLCC Free-Financing Universal Merchant AAT-EOKPWFWYW7Y6I,Amazon PLCC Free-Financing Universal Merchant AAT-URPEBMPS7TSPE,Amazon PLCC Free-Financing Universal Merchant AAT-L2DLP5YGE5766,Amazon PLCC Free-Financing Universal Merchant AAT-ZF7YE6D3FPHMI,Amazon PLCC Free-Financing Universal Merchant AAT-TNYHCYLOWRIHK,Amazon PLCC Free-Financing Universal Merchant AAT-BRSZZ45H6MHAO,Amazon PLCC Free-Financing Universal Merchant AAT-MKLXOOZWQL7GO,Amazon PLCC Free-Financing Universal Merchant AAT-CB7UNXEXGIJTC,Amazon PLCC Free-Financing Universal Merchant #MP-gzasho-1593152694811,Amazon PLCC Free-Financing Universal Merchant AAT-WLBA4GZ52EAH4",False,Easy Ship,False
111337,404-8159711-5269125,06-12-22,Shipped,Amazon,Amazon.in,Expedited,PJNE3252,PJNE3252-KR-N-5XL,kurta,5XL,B09LD52HML,Shipped,1,INR,925.0,GURUGRAM,HARYANA,122102.0,IN,IN Core Free Shipping 2015/04/08 23-48-5-108,False,,False
36837,404-2061508-1496364,04-08-22,Shipped,Amazon,Amazon.in,Expedited,JNE3615,JNE3615-KR-XL,kurta,XL,B091Q8BNLR,Shipped,1,INR,299.0,NELLORE,ANDHRA PRADESH,524001.0,IN,,False,,
49952,407-2047203-0955513,05-31-22,Cancelled,Amazon,Amazon.in,Expedited,JNE3801,JNE3801-KR-XXL,kurta,XXL,B09SDZ4XRT,Unshipped,2,INR,1542.0,CHENNAI,TAMIL NADU,600023.0,IN,,False,,False
85003,171-7747529-5689141,05-04-22,Shipped,Amazon,Amazon.in,Expedited,J0006,J0006-SET-S,Ethnic Dress,S,B0894WT213,Shipped,1,INR,845.0,BENGALURU,KARNATAKA,560082.0,IN,,False,,False
27983,171-9972849-5922764,04-14-22,Shipped - Delivered to Buyer,Merchant,Amazon.in,Standard,SET383,SET383-KR-NP-XXXL,Set,3XL,B09K3KMF92,Shipped,1,INR,631.0,LUCKNOW,UTTAR PRADESH,226012.0,IN,"Amazon PLCC Free-Financing Universal Merchant AAT-WNKTBO3K27EJC,Amazon PLCC Free-Financing Universal Merchant AAT-QX3UCCJESKPA2,Amazon PLCC Free-Financing Universal Merchant AAT-CXJHMC2YJUK76,Amazon PLCC Free-Financing Universal Merchant AAT-CC4FAVTYR4X7C,Amazon PLCC Free-Financing Universal Merchant AAT-XXRCW6NZEPZI4,Amazon PLCC Free-Financing Universal Merchant AAT-EOKPWFWYW7Y6I,Amazon PLCC Free-Financing Universal Merchant AAT-ZYL5UPUNW6T62,Amazon PLCC Free-Financing Universal Merchant AAT-G5ZRX4BZOIODU,Amazon PLCC Free-Financing Universal Merchant AAT-LMLYJV5SYVNDA,Amazon PLCC Free-Financing Universal Merchant AAT-PZHUW6DZX4BPS,Amazon PLCC Free-Financing Universal Merchant AAT-TNYBHEAO7HOHO,Amazon PLCC Free-Financing Universal Merchant AAT-BRSZZ45H6MHAO,Amazon PLCC Free-Financing Universal Merchant AAT-MKLXOOZWQL7GO,Amazon PLCC Free-Financing Universal Merchant AAT-CB7UNXEXGIJTC,Amazon PLCC Free-Financing Universal Merchant #MP-gzasho-1593152694811,Amazon PLCC Free-Financing Universal Merchant AAT-WLBA4GZ52EAH4,Amazon PLCC Free-Financing Universal Merchant AAT-QMFZ3M7T5NPDS,Amazon PLCC Free-Financing Universal Merchant #MP-pmilan-1601980554292",False,Easy Ship,
113470,407-6562427-8424351,06-11-22,Cancelled,Amazon,Amazon.in,Expedited,SET436,SET436-KR-NP-XXXL,Set,3XL,B09YNY91G5,Unshipped,1,INR,1399.0,NEW DELHI,DELHI,110089.0,IN,,False,,False
7763,171-3093448-0637949,04-25-22,Shipped,Amazon,Amazon.in,Expedited,J0339,J0339-DR-XL,Western Dress,XL,B0982ZDB2S,Shipped,1,INR,744.0,MUMBAI,MAHARASHTRA,400063.0,IN,,False,,
77040,407-4223485-7731513,05-09-22,Cancelled,Merchant,Amazon.in,Standard,J0216,J0216-BL-XXL,Blouse,XXL,B09PBWN419,,0,INR,595.24,BENGALURU,KARNATAKA,560037.0,IN,,False,Easy Ship,False
5401,403-1027324-5113133,04-27-22,Shipped,Amazon,Amazon.in,Expedited,SET333,SET333-KR-DPT-M,Set,M,B09RKF4FNJ,Shipped,1,INR,967.0,BENGALURU,KARNATAKA,562125.0,IN,IN Core Free Shipping 2015/04/08 23-48-5-108,False,,
94500,404-7867306-4847535,06-26-22,Shipped,Amazon,Amazon.in,Expedited,J0189,J0189-TP-XXL,Top,XXL,B08N4MF9MT,Shipped,1,INR,317.0,CHENNAI,TAMIL NADU,600014.0,IN,IN Core Free Shipping 2015/04/08 23-48-5-108,False,,False
110736,404-0939077-0722767,06-13-22,Shipped,Amazon,Amazon.in,Expedited,J0416,J0416-DR-XXL,Western Dress,XXL,B09TY27T5G,Shipped,1,INR,825.0,HYDERABAD,TELANGANA,500084.0,IN,IN Core Free Shipping 2015/04/08 23-48-5-108,False,,False
113246,408-1860443-2769903,06-11-22,Shipped,Amazon,Amazon.in,Expedited,SET374,SET374-KR-NP-XXL,Set,XXL,B09NDKN86H,Shipped,1,INR,0.0,KALYAN,MAHARASHTRA,421204.0,IN,,False,,False
126827,405-9669600-2405150,06-02-22,Shipped,Amazon,Amazon.in,Expedited,JNE3479,JNE3479-KR-XS,kurta,XS,B08MYSPJ39,Shipped,1,INR,301.0,PUNE,MAHARASHTRA,411015.0,IN,IN Core Free Shipping 2015/04/08 23-48-5-108,False,,False
57038,408-6386815-6747548,05-25-22,Shipped - Delivered to Buyer,Merchant,Amazon.in,Standard,SET264,SET264-KR-NP-L,Set,L,B08YNFKKGY,Shipped,1,INR,824.0,AMRITSAR,PUNJAB,143001.0,IN,"Amazon PLCC Free-Financing Universal Merchant AAT-WNKTBO3K27EJC,Amazon PLCC Free-Financing Universal Merchant AAT-QX3UCCJESKPA2,Amazon PLCC Free-Financing Universal Merchant AAT-5QQ7BIYYQEDN2,Amazon PLCC Free-Financing Universal Merchant AAT-DSJ2QRXXWXVMQ,Amazon PLCC Free-Financing Universal Merchant AAT-CXJHMC2YJUK76,Amazon PLCC Free-Financing Universal Merchant AAT-CC4FAVTYR4X7C,Amazon PLCC Free-Financing Universal Merchant AAT-FYWJCQHU2XQ2U,Amazon PLCC Free-Financing Universal Merchant AAT-EOKPWFWYW7Y6I,Amazon PLCC Free-Financing Universal Merchant AAT-URPEBMPS7TSPE,Amazon PLCC Free-Financing Universal Merchant AAT-5ZEB2OGNZ32MC,Amazon PLCC Free-Financing Universal Merchant AAT-BRSZZ45H6MHAO,Amazon PLCC Free-Financing Universal Merchant AAT-MKLXOOZWQL7GO,Amazon PLCC Free-Financing Universal Merchant AAT-CB7UNXEXGIJTC,Amazon PLCC Free-Financing Universal Merchant #MP-gzasho-1593152694811,Amazon PLCC Free-Financing Universal Merchant AAT-WLBA4GZ52EAH4",False,Easy Ship,False
85304,408-1675305-4429153,05-03-22,Shipped,Amazon,Amazon.in,Expedited,J0338,J0338-DR-XS,Western Dress,XS,B0982ZRVSC,Shipped,1,INR,743.0,VARAM,KERALA,670594.0,IN,IN Core Free Shipping 2015/04/08 23-48-5-108,False,,False
1108,406-0691895-0471503,04-30-22,Shipped - Delivered to Buyer,Merchant,Amazon.in,Standard,JNE3440,JNE3440-KR-N-XL,kurta,XL,B081WPK66G,Shipped,1,INR,399.0,DEORIA,UTTAR PRADESH,274001.0,IN,"Amazon PLCC Free-Financing Universal Merchant AAT-WNKTBO3K27EJC,Amazon PLCC Free-Financing Universal Merchant AAT-QX3UCCJESKPA2,Amazon PLCC Free-Financing Universal Merchant AAT-5QQ7BIYYQEDN2,Amazon PLCC Free-Financing Universal Merchant AAT-DSJ2QRXXWXVMQ,Amazon PLCC Free-Financing Universal Merchant AAT-CXJHMC2YJUK76,Amazon PLCC Free-Financing Universal Merchant AAT-SL3Y2YRMAUNFC,Amazon PLCC Free-Financing Universal Merchant AAT-CC4FAVTYR4X7C,Amazon PLCC Free-Financing Universal Merchant AAT-XXRCW6NZEPZI4,Amazon PLCC Free-Financing Universal Merchant AAT-EOKPWFWYW7Y6I,Amazon PLCC Free-Financing Universal Merchant AAT-ZYL5UPUNW6T62,Amazon PLCC Free-Financing Universal Merchant AAT-PZHUW6DZX4BPS,Amazon PLCC Free-Financing Universal Merchant AAT-ETXQ3XXWMRXBG,Amazon PLCC Free-Financing Universal Merchant AAT-7X3XCTYG64VBE,Amazon PLCC Free-Financing Universal Merchant AAT-7CHGD3WTS3MHM,Amazon PLCC Free-Financing Universal Merchant AAT-26ZDKNME27X42,Amazon PLCC Free-Financing Universal Merchant AAT-4ZF5KN6E4LJK4,Amazon PLCC Free-Financing Universal Merchant AAT-7RCXIKUAX7DDY,Amazon PLCC Free-Financing Universal Merchant AAT-TNYBHEAO7HOHO,Amazon PLCC Free-Financing Universal Merchant AAT-BRSZZ45H6MHAO,Amazon PLCC Free-Financing Universal Merchant AAT-MKLXOOZWQL7GO,Amazon PLCC Free-Financing Universal Merchant AAT-CB7UNXEXGIJTC,Amazon PLCC Free-Financing Universal Merchant #MP-gzasho-1593152694811,Amazon PLCC Free-Financing Universal Merchant AAT-WLBA4GZ52EAH4,Amazon PLCC Free-Financing Universal Merchant AAT-QMFZ3M7T5NPDS,Amazon PLCC Free-Financing Universal Merchant #MP-pmilan-1601980554292",False,Easy Ship,
68986,407-8878211-1698769,05-15-22,Cancelled,Amazon,Amazon.in,Expedited,J0376,J0376-SKD-XXL,Set,XXL,B09QJ549GK,Cancelled,0,,,BHILAI,CHHATTISGARH,490020.0,IN,,False,,False
8851,408-8134847-8276318,04-25-22,Shipped,Amazon,Amazon.in,Expedited,JNE2113,JNE2113-KR-381-S,kurta,S,B0793R5HQ7,Shipped,1,INR,499.0,SURAT,Gujarat,395004.0,IN,,False,,
43165,408-4037674-2566723,04-04-22,Shipped,Amazon,Amazon.in,Expedited,J0132,J0132-KR-XS,kurta,XS,B08N1BYTL6,Shipped,1,INR,358.0,HYDERABAD,TELANGANA,500090.0,IN,,False,,
13822,407-0340898-2137912,04-22-22,Cancelled,Amazon,Amazon.in,Expedited,JNE2270,JNE2270-KR-487-A-XXL,kurta,XXL,B07H7DZXJ5,Unshipped,1,INR,518.0,PALAKKAD,KERALA,678014.0,IN,,False,,
66293,406-1028891-5281909,05-18-22,Shipped - Delivered to Buyer,Merchant,Amazon.in,Standard,J0295,J0295-DR-XXL,Western Dress,XXL,B099NSGTJ9,Shipped,1,INR,859.0,HYDERABAD,TELANGANA,500050.0,IN,"Amazon PLCC Free-Financing Universal Merchant AAT-WNKTBO3K27EJC,Amazon PLCC Free-Financing Universal Merchant AAT-QX3UCCJESKPA2,Amazon PLCC Free-Financing Universal Merchant AAT-5QQ7BIYYQEDN2,Amazon PLCC Free-Financing Universal Merchant AAT-DSJ2QRXXWXVMQ,Amazon PLCC Free-Financing Universal Merchant AAT-CXJHMC2YJUK76,Amazon PLCC Free-Financing Universal Merchant AAT-SL3Y2YRMAUNFC,Amazon PLCC Free-Financing Universal Merchant AAT-CC4FAVTYR4X7C,Amazon PLCC Free-Financing Universal Merchant AAT-FYWJCQHU2XQ2U,Amazon PLCC Free-Financing Universal Merchant AAT-CXNSLNBROFDW4,Amazon PLCC Free-Financing Universal Merchant AAT-WSJLDN3X7KEMO,Amazon PLCC Free-Financing Universal Merchant AAT-VL6FGQVGQVXUS,Amazon PLCC Free-Financing Universal Merchant AAT-EOKPWFWYW7Y6I,Amazon PLCC Free-Financing Universal Merchant AAT-URPEBMPS7TSPE,Amazon PLCC Free-Financing Universal Merchant AAT-5ZEB2OGNZ32MC,Amazon PLCC Free-Financing Universal Merchant AAT-YZ2VQO2YM6YYM,Amazon PLCC Free-Financing Universal Merchant AAT-4EOBCMLXMLDGY,Amazon PLCC Free-Financing Universal Merchant AAT-UB6CYNTOQMM7C,Amazon PLCC Free-Financing Universal Merchant AAT-BRSZZ45H6MHAO,Amazon PLCC Free-Financing Universal Merchant AAT-MKLXOOZWQL7GO,Amazon PLCC Free-Financing Universal Merchant AAT-CB7UNXEXGIJTC,Amazon PLCC Free-Financing Universal Merchant #MP-gzasho-1593152694811,Amazon PLCC Free-Financing Universal Merchant AAT-WLBA4GZ52EAH4",False,Easy Ship,False
118993,405-9658272-3916357,06-07-22,Shipped,Amazon,Amazon.in,Expedited,JNE3822,JNE3822-KR-S,kurta,S,B09LV1R56R,Shipped,1,INR,449.0,MUMBAI,MAHARASHTRA,400029.0,IN,,False,,False
75651,171-4286388-1031534,05-10-22,Shipped,Amazon,Amazon.in,Expedited,SET339,SET339-KR-NP-XXXL,Set,3XL,B09RSVRX2Y,Shipped,1,INR,736.0,KANPUR,UTTAR PRADESH,208011.0,IN,IN Core Free Shipping 2015/04/08 23-48-5-108,False,,False
33504,408-7491904-5560359,04-10-22,Shipped - Delivered to Buyer,Merchant,Amazon.in,Standard,SET288,SET288-KR-NP-L,Set,L,B09M6SCRZ6,Shipped,1,INR,684.0,LUCKNOW,UTTAR PRADESH,226001.0,IN,"Amazon PLCC Free-Financing Universal Merchant AAT-WNKTBO3K27EJC,Amazon PLCC Free-Financing Universal Merchant AAT-QX3UCCJESKPA2,Amazon PLCC Free-Financing Universal Merchant AAT-CXJHMC2YJUK76,Amazon PLCC Free-Financing Universal Merchant AAT-CC4FAVTYR4X7C,Amazon PLCC Free-Financing Universal Merchant AAT-XXRCW6NZEPZI4,Amazon PLCC Free-Financing Universal Merchant AAT-R7GXNZWISTRFA,Amazon PLCC Free-Financing Universal Merchant AAT-EOKPWFWYW7Y6I,Amazon PLCC Free-Financing Universal Merchant AAT-ZYL5UPUNW6T62,Amazon PLCC Free-Financing Universal Merchant AAT-G5ZRX4BZOIODU,Amazon PLCC Free-Financing Universal Merchant AAT-P3CSUAK4HTEP2,Amazon PLCC Free-Financing Universal Merchant AAT-PZHUW6DZX4BPS,Amazon PLCC Free-Financing Universal Merchant AAT-TNYBHEAO7HOHO,Amazon PLCC Free-Financing Universal Merchant AAT-BRSZZ45H6MHAO,Amazon PLCC Free-Financing Universal Merchant AAT-MKLXOOZWQL7GO,Amazon PLCC Free-Financing Universal Merchant AAT-CB7UNXEXGIJTC,Amazon PLCC Free-Financing Universal Merchant #MP-gzasho-1593152694811,Amazon PLCC Free-Financing Universal Merchant AAT-WLBA4GZ52EAH4,Amazon PLCC Free-Financing Universal Merchant AAT-QMFZ3M7T5NPDS,Amazon PLCC Free-Financing Universal Merchant #MP-pmilan-1601980554292",False,Easy Ship,
48831,402-5780029-9882705,04-01-22,Shipped,Amazon,Amazon.in,Expedited,JNE3458,JNE3458-KR-XXXL,kurta,3XL,B08HK3XSKF,Shipped,1,INR,499.0,Kolkata,WEST BENGAL,700107.0,IN,,False,,
63309,406-9781961-6708319,05-20-22,Shipped,Amazon,Amazon.in,Expedited,J0334,J0334-TP-M,Top,M,B0986ZWRKD,Shipped,1,INR,599.0,BENGALURU,KARNATAKA,560067.0,IN,,False,,False
77473,402-9357337-7649933,05-08-22,Shipped,Amazon,Amazon.in,Expedited,JNE3368,JNE3368-KR-S,kurta,S,B081WYJ6CV,Shipped,1,INR,471.0,BENGALURU,KARNATAKA,560008.0,IN,,False,,False
39193,408-2331753-4558746,04-07-22,Shipped - Delivered to Buyer,Merchant,Amazon.in,Standard,MEN5002,MEN5002-KR-S,kurta,S,B08YZ17D9M,Shipped,1,INR,499.0,mumbai,MAHARASHTRA,400052.0,IN,"Amazon PLCC Free-Financing Universal Merchant AAT-WNKTBO3K27EJC,Amazon PLCC Free-Financing Universal Merchant AAT-QX3UCCJESKPA2,Amazon PLCC Free-Financing Universal Merchant AAT-CXJHMC2YJUK76,Amazon PLCC Free-Financing Universal Merchant AAT-SL3Y2YRMAUNFC,Amazon PLCC Free-Financing Universal Merchant AAT-CC4FAVTYR4X7C,Amazon PLCC Free-Financing Universal Merchant AAT-XXRCW6NZEPZI4,Amazon PLCC Free-Financing Universal Merchant AAT-R7GXNZWISTRFA,Amazon PLCC Free-Financing Universal Merchant AAT-EOKPWFWYW7Y6I,Amazon PLCC Free-Financing Universal Merchant SS-1646812966270,Amazon PLCC Free-Financing Universal Merchant AAT-G5ZRX4BZOIODU,Amazon PLCC Free-Financing Universal Merchant AAT-P3CSUAK4HTEP2,Amazon PLCC Free-Financing Universal Merchant AAT-YFJA6XMAMWZSK,Amazon PLCC Free-Financing Universal Merchant AAT-K66BSCE2J2V5E,Amazon PLCC Free-Financing Universal Merchant AAT-275LMAQ3T5REI,Amazon PLCC Free-Financing Universal Merchant AAT-EPSXIT4LWLKXC,Amazon PLCC Free-Financing Universal Merchant AAT-TNYBHEAO7HOHO,Amazon PLCC Free-Financing Universal Merchant AAT-BRSZZ45H6MHAO,Amazon PLCC Free-Financing Universal Merchant AAT-MKLXOOZWQL7GO,Amazon PLCC Free-Financing Universal Merchant AAT-CB7UNXEXGIJTC,Amazon PLCC Free-Financing Universal Merchant #MP-gzasho-1593152694811,Amazon PLCC Free-Financing Universal Merchant AAT-WLBA4GZ52EAH4,Amazon PLCC Free-Financing Universal Merchant AAT-QMFZ3M7T5NPDS,Amazon PLCC Free-Financing Universal Merchant #MP-pmilan-1601980554292",True,Easy Ship,
102470,171-8125629-1030704,06-19-22,Shipped - Picked Up,Merchant,Amazon.in,Standard,SET357,SET357-KR-NP-M,Set,M,B09Y3MWCDM,Shipped,1,INR,725.0,GUWAHATI,ASSAM,781020.0,IN,"Amazon PLCC Free-Financing Universal Merchant AAT-WNKTBO3K27EJC,Amazon PLCC Free-Financing Universal Merchant AAT-QX3UCCJESKPA2,Amazon PLCC Free-Financing Universal Merchant AAT-5QQ7BIYYQEDN2,Amazon PLCC Free-Financing Universal Merchant AAT-DSJ2QRXXWXVMQ,Amazon PLCC Free-Financing Universal Merchant AAT-CXJHMC2YJUK76,Amazon PLCC Free-Financing Universal Merchant AAT-SL3Y2YRMAUNFC,Amazon PLCC Free-Financing Universal Merchant AAT-CC4FAVTYR4X7C,Amazon PLCC Free-Financing Universal Merchant AAT-EWAPBB6BDRGM6,Amazon PLCC Free-Financing Universal Merchant AAT-EOKPWFWYW7Y6I,Amazon PLCC Free-Financing Universal Merchant AAT-AMKH7SAAONETC,Amazon PLCC Free-Financing Universal Merchant AAT-56XNPXK2K7OLI,Amazon PLCC Free-Financing Universal Merchant AAT-BOWEMQBNNNHBK,Amazon PLCC Free-Financing Universal Merchant AAT-SKYXW7T3UZBGO,Amazon PLCC Free-Financing Universal Merchant AAT-ONHQI6RQUNGB6,VPC-44571-44201853 Coupon,Amazon PLCC Free-Financing Universal Merchant AAT-7L53RVBBSPI3S,Amazon PLCC Free-Financing Universal Merchant AAT-FXGH5APHPAWRQ,Amazon PLCC Free-Financing Universal Merchant AAT-BRSZZ45H6MHAO,Amazon PLCC Free-Financing Universal Merchant AAT-MKLXOOZWQL7GO,Amazon PLCC Free-Financing Universal Merchant AAT-CB7UNXEXGIJTC,Amazon PLCC Free-Financing Universal Merchant #MP-gzasho-1593152694811,Amazon PLCC Free-Financing Universal Merchant AAT-WLBA4GZ52EAH4",False,Easy Ship,False
24429,403-7954118-0782700,04-16-22,Shipped,Amazon,Amazon.in,Expedited,J0230,J0230-SKD-M,Set,M,B08XNJG8B1,Shipped,1,INR,1112.0,NAGPUR,MAHARASHTRA,440024.0,IN,IN Core Free Shipping 2015/04/08 23-48-5-108,False,,
44384,404-7942478-7424349,04-03-22,Cancelled,Amazon,Amazon.in,Expedited,SET331,SET331-KR-NP-XL,Set,XL,B09NQ51CH7,Unshipped,1,INR,627.0,Chennai,TAMIL NADU,600087.0,IN,,False,,
65639,407-5871297-1247559,05-18-22,Shipped,Amazon,Amazon.in,Expedited,J0008,J0008-SKD-M,Set,M,B0894YTN3H,Shipped,1,INR,1133.0,BENGALURU,KARNATAKA,560037.0,IN,IN Core Free Shipping 2015/04/08 23-48-5-108,False,,False
49453,405-9006971-3544345,05-31-22,Shipped,Amazon,Amazon.in,Expedited,JNE3639,JNE3639-TP-N-L,Top,L,B08ZJ37HW4,Shipped,1,INR,518.0,bikaner,RAJASTHAN,334001.0,IN,IN Core Free Shipping 2015/04/08 23-48-5-108,False,,False
110686,171-4476013-3613968,06-13-22,Shipped,Amazon,Amazon.in,Expedited,JNE3797,JNE3797-KR-A-S,Western Dress,S,B09TH4H7T2,Shipped,1,INR,725.0,NAGAON,ASSAM,782103.0,IN,IN Core Free Shipping 2015/04/08 23-48-5-108,False,,False
86104,408-3291304-9040368,05-03-22,Shipped,Amazon,Amazon.in,Expedited,SET324,SET324-KR-NP-XXL,Set,XXL,B09NQ3MPRM,Shipped,1,INR,597.0,LUCKNOW,UTTAR PRADESH,226016.0,IN,IN Core Free Shipping 2015/04/08 23-48-5-108,False,,False
37461,408-4035320-3945960,04-08-22,Cancelled,Amazon,Amazon.in,Expedited,SET247,SET247-KR-SHA-XS,Set,XS,B09B58X791,Cancelled,0,,,CHENNAI,TAMIL NADU,600017.0,IN,,False,,
105287,403-7028394-5928329,06-17-22,Shipped,Amazon,Amazon.in,Expedited,JNE3906,JNE3906-KR-M,kurta,M,B0B3MPM56P,Shipped,1,INR,852.0,NOIDA,UTTAR PRADESH,201301.0,IN,IN Core Free Shipping 2015/04/08 23-48-5-108,False,,False
93427,402-9054732-8661106,06-27-22,Shipped,Amazon,Amazon.in,Expedited,SET158,SET158-KR-PP-L,Set,L,B082Z486DJ,Shipped,1,INR,791.0,NEW DELHI,DELHI,110025.0,IN,IN Core Free Shipping 2015/04/08 23-48-5-108,False,,False
37990,402-1976333-7171519,04-07-22,Shipped,Amazon,Amazon.in,Expedited,MEN5006,MEN5006-KR-XXXL,kurta,3XL,B08YZ275XH,Shipped,1,INR,475.0,KOLKATA,WEST BENGAL,700075.0,IN,,False,,
82900,405-9728104-0895561,05-05-22,Shipped,Amazon,Amazon.in,Expedited,JNE3804,JNE3804-KR-XXL,kurta,XXL,B09K3W9D6V,Shipped,1,INR,459.0,NEW DELHI,DELHI,110032.0,IN,IN Core Free Shipping 2015/04/08 23-48-5-108,False,,False
43036,408-5768050-8630726,04-04-22,Cancelled,Amazon,Amazon.in,Expedited,MEN5027,MEN5027-KR-M,kurta,M,B08YYPMZ67,Cancelled,0,,,PUTTUR,KARNATAKA,574230.0,IN,,False,,
110010,408-9376587-4924346,06-13-22,Shipped - Delivered to Buyer,Merchant,Amazon.in,Standard,J0337,J0337-TP-XL,Top,XL,B0986XV4QN,Shipped,1,INR,726.0,NEW DELHI,DELHI,110027.0,IN,"Amazon PLCC Free-Financing Universal Merchant AAT-WNKTBO3K27EJC,Amazon PLCC Free-Financing Universal Merchant AAT-QX3UCCJESKPA2,Amazon PLCC Free-Financing Universal Merchant AAT-5QQ7BIYYQEDN2,Amazon PLCC Free-Financing Universal Merchant AAT-DSJ2QRXXWXVMQ,Amazon PLCC Free-Financing Universal Merchant AAT-CXJHMC2YJUK76,Amazon PLCC Free-Financing Universal Merchant AAT-CC4FAVTYR4X7C,Amazon PLCC Free-Financing Universal Merchant AAT-EWAPBB6BDRGM6,Amazon PLCC Free-Financing Universal Merchant AAT-EOKPWFWYW7Y6I,Amazon PLCC Free-Financing Universal Merchant AAT-NT3ZJJGQ3JK3Q,Amazon PLCC Free-Financing Universal Merchant AAT-5SHH3G55USK5C,Amazon PLCC Free-Financing Universal Merchant AAT-6XVEGAWJUJYXG,Amazon PLCC Free-Financing Universal Merchant AAT-BOWEMQBNNNHBK,Amazon PLCC Free-Financing Universal Merchant AAT-SKYXW7T3UZBGO,Amazon PLCC Free-Financing Universal Merchant AAT-ILWGDKTQOJRNA,Amazon PLCC Free-Financing Universal Merchant AAT-ONHQI6RQUNGB6,Amazon PLCC Free-Financing Universal Merchant AAT-BRSZZ45H6MHAO,Amazon PLCC Free-Financing Universal Merchant AAT-MKLXOOZWQL7GO,Amazon PLCC Free-Financing Universal Merchant AAT-CB7UNXEXGIJTC,Amazon PLCC Free-Financing Universal Merchant #MP-gzasho-1593152694811,Amazon PLCC Free-Financing Universal Merchant AAT-WLBA4GZ52EAH4",False,Easy Ship,False
14657,408-5426986-3841964,04-21-22,Shipped - Delivered to Buyer,Merchant,Amazon.in,Standard,J0003,J0003-SET-XXL,Set,XXL,B0894XKVH3,Shipped,1,INR,654.0,jaunpur,UTTAR PRADESH,222141.0,IN,"Amazon PLCC Free-Financing Universal Merchant AAT-WNKTBO3K27EJC,Amazon PLCC Free-Financing Universal Merchant AAT-QX3UCCJESKPA2,Amazon PLCC Free-Financing Universal Merchant AAT-5QQ7BIYYQEDN2,Amazon PLCC Free-Financing Universal Merchant AAT-DSJ2QRXXWXVMQ,Amazon PLCC Free-Financing Universal Merchant AAT-CXJHMC2YJUK76,Amazon PLCC Free-Financing Universal Merchant AAT-CC4FAVTYR4X7C,Amazon PLCC Free-Financing Universal Merchant AAT-XXRCW6NZEPZI4,Amazon PLCC Free-Financing Universal Merchant AAT-R7GXNZWISTRFA,Amazon PLCC Free-Financing Universal Merchant AAT-EOKPWFWYW7Y6I,Amazon PLCC Free-Financing Universal Merchant AAT-ZYL5UPUNW6T62,Amazon PLCC Free-Financing Universal Merchant AAT-G5ZRX4BZOIODU,Amazon PLCC Free-Financing Universal Merchant AAT-P3CSUAK4HTEP2,Amazon PLCC Free-Financing Universal Merchant AAT-6PE7LSBGRLMV2,Amazon PLCC Free-Financing Universal Merchant AAT-PZHUW6DZX4BPS,Amazon PLCC Free-Financing Universal Merchant AAT-BRSZZ45H6MHAO,Amazon PLCC Free-Financing Universal Merchant AAT-MKLXOOZWQL7GO,Amazon PLCC Free-Financing Universal Merchant AAT-CB7UNXEXGIJTC,Amazon PLCC Free-Financing Universal Merchant #MP-gzasho-1593152694811,Amazon PLCC Free-Financing Universal Merchant AAT-WLBA4GZ52EAH4",False,Easy Ship,
122765,403-2804832-7899567,06-05-22,Shipped,Amazon,Amazon.in,Expedited,MEN5024,MEN5024-KR-L,kurta,L,B08YYSQJTC,Shipped,1,INR,645.0,Bengaluru,KARNATAKA,560062.0,IN,,False,,False
38740,407-1568649-1657910,04-07-22,Shipped,Amazon,Amazon.in,Expedited,JNE3707,JNE3707-DR-XXL,Western Dress,XXL,B098372DQY,Shipped,1,INR,496.0,JAMMU,JAMMU & KASHMIR,180005.0,IN,IN Core Free Shipping 2015/04/08 23-48-5-108,False,,
36650,406-6008887-7790704,04-08-22,Shipped - Delivered to Buyer,Merchant,Amazon.in,Standard,J0095,J0095-SET-S,Set,S,B08CMXZQR6,Shipped,1,INR,653.0,KOZHIKODE,KERALA,673016.0,IN,"Amazon PLCC Free-Financing Universal Merchant AAT-WNKTBO3K27EJC,Amazon PLCC Free-Financing Universal Merchant AAT-QX3UCCJESKPA2,Amazon PLCC Free-Financing Universal Merchant AAT-CXJHMC2YJUK76,Amazon PLCC Free-Financing Universal Merchant AAT-CC4FAVTYR4X7C,Amazon PLCC Free-Financing Universal Merchant AAT-XXRCW6NZEPZI4,Amazon PLCC Free-Financing Universal Merchant AAT-R7GXNZWISTRFA,Amazon PLCC Free-Financing Universal Merchant AAT-EOKPWFWYW7Y6I,Amazon PLCC Free-Financing Universal Merchant AAT-ZYL5UPUNW6T62,Amazon PLCC Free-Financing Universal Merchant AAT-G5ZRX4BZOIODU,Amazon PLCC Free-Financing Universal Merchant AAT-P3CSUAK4HTEP2,Amazon PLCC Free-Financing Universal Merchant AAT-YFJA6XMAMWZSK,Amazon PLCC Free-Financing Universal Merchant AAT-K66BSCE2J2V5E,Amazon PLCC Free-Financing Universal Merchant AAT-NJKZEPFSHB7RC,Amazon PLCC Free-Financing Universal Merchant AAT-275LMAQ3T5REI,Amazon PLCC Free-Financing Universal Merchant AAT-TNYBHEAO7HOHO,Amazon PLCC Free-Financing Universal Merchant AAT-BRSZZ45H6MHAO,Amazon PLCC Free-Financing Universal Merchant AAT-MKLXOOZWQL7GO,Amazon PLCC Free-Financing Universal Merchant AAT-CB7UNXEXGIJTC,Amazon PLCC Free-Financing Universal Merchant #MP-gzasho-1593152694811,Amazon PLCC Free-Financing Universal Merchant AAT-WLBA4GZ52EAH4,Amazon PLCC Free-Financing Universal Merchant AAT-QMFZ3M7T5NPDS,Amazon PLCC Free-Financing Universal Merchant #MP-pmilan-1601980554292",False,Easy Ship,
16949,402-1799007-6281132,04-20-22,Shipped,Amazon,Amazon.in,Expedited,JNE3887,JNE3887-KR-XXXL,kurta,3XL,B09TZZ96LZ,Shipped,1,INR,590.0,HYDERABAD,TELANGANA,500067.0,IN,,False,,
91383,404-0605969-9103565,06-29-22,Pending,Amazon,Amazon.in,Expedited,JNE3373,JNE3373-KR-M,kurta,M,B082W8F8P3,Unshipped,1,INR,376.0,CHENNAI,TAMIL NADU,600033.0,IN,IN Core Free Shipping 2015/04/08 23-48-5-108,False,,False
87107,405-1822460-3397914,05-03-22,Shipped - Delivered to Buyer,Merchant,Amazon.in,Standard,SET285,SET285-KR-SHA-L,Set,L,B099NJML8Z,Shipped,1,INR,499.0,MUMBAI,MAHARASHTRA,400018.0,IN,"Amazon PLCC Free-Financing Universal Merchant AAT-WNKTBO3K27EJC,Amazon PLCC Free-Financing Universal Merchant AAT-QX3UCCJESKPA2,Amazon PLCC Free-Financing Universal Merchant AAT-5QQ7BIYYQEDN2,Amazon PLCC Free-Financing Universal Merchant AAT-DSJ2QRXXWXVMQ,Amazon PLCC Free-Financing Universal Merchant AAT-CXJHMC2YJUK76,Amazon PLCC Free-Financing Universal Merchant AAT-CC4FAVTYR4X7C,Amazon PLCC Free-Financing Universal Merchant AAT-FYWJCQHU2XQ2U,Amazon PLCC Free-Financing Universal Merchant AAT-EOKPWFWYW7Y6I,Amazon PLCC Free-Financing Universal Merchant AAT-URPEBMPS7TSPE,Amazon PLCC Free-Financing Universal Merchant AAT-3R6UGYISJQCKA,Amazon PLCC Free-Financing Universal Merchant AAT-BRSZZ45H6MHAO,Amazon PLCC Free-Financing Universal Merchant AAT-MKLXOOZWQL7GO,Amazon PLCC Free-Financing Universal Merchant AAT-CB7UNXEXGIJTC,Amazon PLCC Free-Financing Universal Merchant #MP-gzasho-1593152694811,Amazon PLCC Free-Financing Universal Merchant AAT-WLBA4GZ52EAH4,Amazon PLCC Free-Financing Universal Merchant #MP-pmilan-1601980554292",False,Easy Ship,False
101821,403-5559653-7668311,06-20-22,Shipped,Amazon,Amazon.in,Expedited,JNE3879,JNE3879-DR-M,Western Dress,M,B09SDXB57D,Shipped,1,INR,641.0,VISAKHAPATNAM,ANDHRA PRADESH,530001.0,IN,IN Core Free Shipping 2015/04/08 23-48-5-108,False,,False
8952,404-2429738-4157141,04-25-22,Shipped - Delivered to Buyer,Merchant,Amazon.in,Standard,MEN5008,MEN5008-KR-L,kurta,L,B08YYZFQZS,Shipped,1,INR,499.0,CHENNAI,TAMIL NADU,600018.0,IN,"Amazon PLCC Free-Financing Universal Merchant AAT-WNKTBO3K27EJC,Amazon PLCC Free-Financing Universal Merchant AAT-QX3UCCJESKPA2,Amazon PLCC Free-Financing Universal Merchant AAT-5QQ7BIYYQEDN2,Amazon PLCC Free-Financing Universal Merchant AAT-DSJ2QRXXWXVMQ,Amazon PLCC Free-Financing Universal Merchant AAT-CXJHMC2YJUK76,Amazon PLCC Free-Financing Universal Merchant AAT-CC4FAVTYR4X7C,Amazon PLCC Free-Financing Universal Merchant AAT-XXRCW6NZEPZI4,Amazon PLCC Free-Financing Universal Merchant AAT-EOKPWFWYW7Y6I,Amazon PLCC Free-Financing Universal Merchant AAT-ZYL5UPUNW6T62,Amazon PLCC Free-Financing Universal Merchant AAT-G5ZRX4BZOIODU,Amazon PLCC Free-Financing Universal Merchant AAT-DELQQPYRTQEMS,Amazon PLCC Free-Financing Universal Merchant AAT-ETXQ3XXWMRXBG,Amazon PLCC Free-Financing Universal Merchant AAT-BRSZZ45H6MHAO,Amazon PLCC Free-Financing Universal Merchant AAT-MKLXOOZWQL7GO,Amazon PLCC Free-Financing Universal Merchant AAT-CB7UNXEXGIJTC,Amazon PLCC Free-Financing Universal Merchant #MP-gzasho-1593152694811,Amazon PLCC Free-Financing Universal Merchant AAT-WLBA4GZ52EAH4",False,Easy Ship,
28938,171-0556683-4451529,04-13-22,Cancelled,Amazon,Amazon.in,Expedited,JNE3291,JNE3291-KR-L,kurta,L,B07R5X9WJB,Unshipped,1,INR,442.0,VISAKHAPATNAM,ANDHRA PRADESH,530016.0,IN,,False,,
83935,406-9021361-7912338,05-04-22,Shipped,Amazon,Amazon.in,Expedited,JNE1408,JNE1408-KR-UDF19-A-XS,kurta,XS,B07FTLP535,Shipped,1,INR,376.0,RANCHI,JHARKHAND,835217.0,IN,Duplicated A12RHGVGRWOT3S 1560498941486,False,,False
118725,405-7544319-5799508,06-07-22,Shipped,Amazon,Amazon.in,Expedited,SET345,SET345-KR-NP-XS,Set,XS,B09KXSVTDB,Shipped,1,INR,635.0,THIRUVALLA,KERALA,689103.0,IN,IN Core Free Shipping 2015/04/08 23-48-5-108,False,,False
82777,406-6679475-3725903,05-05-22,Shipped,Amazon,Amazon.in,Expedited,MEN5014,MEN5014-KR-L,kurta,L,B08YYTZRBY,Shipped,1,INR,499.0,NEW DELHI,DELHI,110091.0,IN,IN Core Free Shipping 2015/04/08 23-48-5-108,False,,False
82944,402-4014212-5973152,05-05-22,Shipped,Amazon,Amazon.in,Expedited,J0119,J0119-TP-XXXL,Top,3XL,B08RYPRVPV,Shipped,1,INR,540.0,ANUPURAM,TAMIL NADU,603127.0,IN,IN Core Free Shipping 2015/04/08 23-48-5-108,False,,False
104938,405-2624855-7018727,06-17-22,Shipped - Delivered to Buyer,Merchant,Amazon.in,Standard,SET339,SET339-KR-NP-M,Set,M,B09RSSRWPJ,Shipped,1,INR,736.0,Ghaziabad,UTTAR PRADESH,201014.0,IN,"Amazon PLCC Free-Financing Universal Merchant AAT-WNKTBO3K27EJC,Amazon PLCC Free-Financing Universal Merchant AAT-QX3UCCJESKPA2,Amazon PLCC Free-Financing Universal Merchant AAT-5QQ7BIYYQEDN2,Amazon PLCC Free-Financing Universal Merchant AAT-DSJ2QRXXWXVMQ,Amazon PLCC Free-Financing Universal Merchant AAT-CXJHMC2YJUK76,Amazon PLCC Free-Financing Universal Merchant AAT-SL3Y2YRMAUNFC,Amazon PLCC Free-Financing Universal Merchant AAT-CC4FAVTYR4X7C,Amazon PLCC Free-Financing Universal Merchant AAT-EWAPBB6BDRGM6,Amazon PLCC Free-Financing Universal Merchant AAT-R7GXNZWISTRFA,Amazon PLCC Free-Financing Universal Merchant AAT-EOKPWFWYW7Y6I,Amazon PLCC Free-Financing Universal Merchant AAT-NT3ZJJGQ3JK3Q,Amazon PLCC Free-Financing Universal Merchant AAT-AMKH7SAAONETC,Amazon PLCC Free-Financing Universal Merchant AAT-56XNPXK2K7OLI,Amazon PLCC Free-Financing Universal Merchant AAT-6JADQ56W3E2NG,Amazon PLCC Free-Financing Universal Merchant AAT-6XVEGAWJUJYXG,Amazon PLCC Free-Financing Universal Merchant AAT-BOWEMQBNNNHBK,Amazon PLCC Free-Financing Universal Merchant AAT-SKYXW7T3UZBGO,Amazon PLCC Free-Financing Universal Merchant AAT-ONHQI6RQUNGB6,Amazon PLCC Free-Financing Universal Merchant AAT-UFLF7REZCVI6S,Amazon PLCC Free-Financing Universal Merchant AAT-FWPGXKVNNXVAW,Amazon PLCC Free-Financing Universal Merchant AAT-TNYBHEAO7HOHO,Amazon PLCC Free-Financing Universal Merchant AAT-BRSZZ45H6MHAO,Amazon PLCC Free-Financing Universal Merchant AAT-MKLXOOZWQL7GO,Amazon PLCC Free-Financing Universal Merchant AAT-CB7UNXEXGIJTC,Amazon PLCC Free-Financing Universal Merchant #MP-gzasho-1593152694811,Amazon PLCC Free-Financing Universal Merchant AAT-WLBA4GZ52EAH4,Amazon PLCC Free-Financing Universal Merchant AAT-QMFZ3M7T5NPDS,Amazon PLCC Free-Financing Universal Merchant #MP-pmilan-1601980554292",False,Easy Ship,False
7445,406-9002076-4152331,04-25-22,Shipped - Delivered to Buyer,Merchant,Amazon.in,Standard,J0341,J0341-DR-XXXL,Western Dress,3XL,B099NSQP4Z,Shipped,1,INR,744.0,HYDERABAD,TELANGANA,500020.0,IN,"Amazon PLCC Free-Financing Universal Merchant AAT-WNKTBO3K27EJC,Amazon PLCC Free-Financing Universal Merchant AAT-QX3UCCJESKPA2,Amazon PLCC Free-Financing Universal Merchant AAT-5QQ7BIYYQEDN2,Amazon PLCC Free-Financing Universal Merchant AAT-DSJ2QRXXWXVMQ,Amazon PLCC Free-Financing Universal Merchant AAT-CXJHMC2YJUK76,Amazon PLCC Free-Financing Universal Merchant AAT-CC4FAVTYR4X7C,Amazon PLCC Free-Financing Universal Merchant AAT-XXRCW6NZEPZI4,Amazon PLCC Free-Financing Universal Merchant AAT-EOKPWFWYW7Y6I,Amazon PLCC Free-Financing Universal Merchant AAT-ZYL5UPUNW6T62,Amazon PLCC Free-Financing Universal Merchant AAT-G5ZRX4BZOIODU,Amazon PLCC Free-Financing Universal Merchant AAT-PZHUW6DZX4BPS,Amazon PLCC Free-Financing Universal Merchant AAT-ETXQ3XXWMRXBG,Amazon PLCC Free-Financing Universal Merchant AAT-7X3XCTYG64VBE,Amazon PLCC Free-Financing Universal Merchant AAT-7CHGD3WTS3MHM,Amazon PLCC Free-Financing Universal Merchant AAT-26ZDKNME27X42,Amazon PLCC Free-Financing Universal Merchant AAT-4ZF5KN6E4LJK4,Amazon PLCC Free-Financing Universal Merchant AAT-7RCXIKUAX7DDY,Amazon PLCC Free-Financing Universal Merchant AAT-BRSZZ45H6MHAO,Amazon PLCC Free-Financing Universal Merchant AAT-MKLXOOZWQL7GO,Amazon PLCC Free-Financing Universal Merchant AAT-CB7UNXEXGIJTC,Amazon PLCC Free-Financing Universal Merchant #MP-gzasho-1593152694811,Amazon PLCC Free-Financing Universal Merchant AAT-WLBA4GZ52EAH4,Amazon PLCC Free-Financing Universal Merchant #MP-pmilan-1601980554292",False,Easy Ship,
34168,171-0163458-7406736,04-10-22,Shipped - Delivered to Buyer,Merchant,Amazon.in,Standard,JNE3781,JNE3781-KR-S,kurta,S,B09K3WHHR1,Shipped,1,INR,432.0,KRISHNAPURAM,KERALA,690533.0,IN,"Amazon PLCC Free-Financing Universal Merchant AAT-WNKTBO3K27EJC,Amazon PLCC Free-Financing Universal Merchant AAT-QX3UCCJESKPA2,Amazon PLCC Free-Financing Universal Merchant AAT-CXJHMC2YJUK76,Amazon PLCC Free-Financing Universal Merchant AAT-CC4FAVTYR4X7C,Amazon PLCC Free-Financing Universal Merchant AAT-XXRCW6NZEPZI4,Amazon PLCC Free-Financing Universal Merchant AAT-EOKPWFWYW7Y6I,Amazon PLCC Free-Financing Universal Merchant AAT-G5ZRX4BZOIODU,Amazon PLCC Free-Financing Universal Merchant AAT-BRSZZ45H6MHAO,Amazon PLCC Free-Financing Universal Merchant AAT-MKLXOOZWQL7GO,Amazon PLCC Free-Financing Universal Merchant AAT-CB7UNXEXGIJTC,Amazon PLCC Free-Financing Universal Merchant #MP-gzasho-1593152694811,Amazon PLCC Free-Financing Universal Merchant AAT-WLBA4GZ52EAH4",False,Easy Ship,
126330,408-1369543-9816332,06-02-22,Shipped,Amazon,Amazon.in,Expedited,SET340,SET340-KR-NP-M,Set,M,B09RKDDQRP,Shipped,1,INR,799.0,KARAIKAL,PUDUCHERRY,609604.0,IN,IN Core Free Shipping 2015/04/08 23-48-5-108,False,,False
91451,405-9433856-1233923,06-29-22,Pending,Amazon,Amazon.in,Expedited,SET186,SET186-KR-DH-M,Set,M,B08B4TP9NR,Unshipped,1,INR,599.0,BENGALURU,KARNATAKA,560049.0,IN,,False,,False
106014,406-6678499-3722732,06-16-22,Cancelled,Amazon,Amazon.in,Expedited,JNE3790,JNE3790-KR-M,kurta,M,B09KXLRVWY,Unshipped,1,INR,301.0,bankhedi,MADHYA PRADESH,461990.0,IN,,False,,False
40939,404-9456135-0302729,04-06-22,Shipped - Delivered to Buyer,Merchant,Amazon.in,Standard,SET269,SET269-KR-NP-L,Set,L,B0983D9C65,Shipped,1,INR,824.0,LUCKNOW,UTTAR PRADESH,226005.0,IN,"Amazon PLCC Free-Financing Universal Merchant AAT-WNKTBO3K27EJC,Amazon PLCC Free-Financing Universal Merchant AAT-QX3UCCJESKPA2,Amazon PLCC Free-Financing Universal Merchant AAT-CXJHMC2YJUK76,Amazon PLCC Free-Financing Universal Merchant AAT-CC4FAVTYR4X7C,Amazon PLCC Free-Financing Universal Merchant AAT-XXRCW6NZEPZI4,Amazon PLCC Free-Financing Universal Merchant AAT-EOKPWFWYW7Y6I,Amazon PLCC Free-Financing Universal Merchant AAT-ZYL5UPUNW6T62,Amazon PLCC Free-Financing Universal Merchant AAT-G5ZRX4BZOIODU,Amazon PLCC Free-Financing Universal Merchant AAT-YFJA6XMAMWZSK,Amazon PLCC Free-Financing Universal Merchant AAT-K66BSCE2J2V5E,Amazon PLCC Free-Financing Universal Merchant AAT-275LMAQ3T5REI,Amazon PLCC Free-Financing Universal Merchant AAT-BRSZZ45H6MHAO,Amazon PLCC Free-Financing Universal Merchant AAT-MKLXOOZWQL7GO,Amazon PLCC Free-Financing Universal Merchant AAT-CB7UNXEXGIJTC,Amazon PLCC Free-Financing Universal Merchant #MP-gzasho-1593152694811,Amazon PLCC Free-Financing Universal Merchant AAT-WLBA4GZ52EAH4,Amazon PLCC Free-Financing Universal Merchant #MP-pmilan-1601980554292",False,Easy Ship,
27958,403-9520993-3768342,04-14-22,Cancelled,Amazon,Amazon.in,Expedited,JNE3368,JNE3368-KR-XS,kurta,XS,B081WX6MFJ,Unshipped,1,INR,471.0,DUMKA,JHARKHAND,814145.0,IN,,False,,
97817,405-6385625-7795526,06-23-22,Shipped,Amazon,Amazon.in,Expedited,JNE3875,JNE3875-KR-XXL,kurta,XXL,B09YYMSYX5,Shipped,1,INR,599.0,Bengaluru,KARNATAKA,560068.0,IN,IN Core Free Shipping 2015/04/08 23-48-5-108,False,,False
26429,403-8617576-5232345,04-14-22,Shipped,Amazon,Amazon.in,Expedited,JNE3566,JNE3566-KR-XXL,kurta,XXL,B08MXCJDTN,Shipped,1,INR,419.0,KOLKATA,WEST BENGAL,700014.0,IN,,False,,
78173,408-4514260-2157120,05-08-22,Shipped - Delivered to Buyer,Merchant,Amazon.in,Standard,JNE3724,JNE3724-KR-L,kurta,L,B098121HFD,Shipped,1,INR,484.0,CHENNAI,TAMIL NADU,600063.0,IN,"Amazon PLCC Free-Financing Universal Merchant AAT-WNKTBO3K27EJC,Amazon PLCC Free-Financing Universal Merchant AAT-QX3UCCJESKPA2,Amazon PLCC Free-Financing Universal Merchant AAT-5QQ7BIYYQEDN2,Amazon PLCC Free-Financing Universal Merchant AAT-DSJ2QRXXWXVMQ,Amazon PLCC Free-Financing Universal Merchant AAT-CXJHMC2YJUK76,Amazon PLCC Free-Financing Universal Merchant AAT-SL3Y2YRMAUNFC,Amazon PLCC Free-Financing Universal Merchant AAT-CC4FAVTYR4X7C,Amazon PLCC Free-Financing Universal Merchant AAT-FYWJCQHU2XQ2U,Amazon PLCC Free-Financing Universal Merchant AAT-R7GXNZWISTRFA,Amazon PLCC Free-Financing Universal Merchant AAT-EOKPWFWYW7Y6I,Amazon PLCC Free-Financing Universal Merchant AAT-URPEBMPS7TSPE,Amazon PLCC Free-Financing Universal Merchant AAT-3R6UGYISJQCKA,Amazon PLCC Free-Financing Universal Merchant AAT-TREXU6MY3SEMI,Amazon PLCC Free-Financing Universal Merchant AAT-CPIZVVXYOLZ5S,Amazon PLCC Free-Financing Universal Merchant AAT-BS2QIL3ZUUJDC,Amazon PLCC Free-Financing Universal Merchant AAT-BD2QQYQLU3K3Q,Amazon PLCC Free-Financing Universal Merchant AAT-7Z5FYSWV55YJ6,Amazon PLCC Free-Financing Universal Merchant AAT-KQRYFJZLTA6E2,Amazon PLCC Free-Financing Universal Merchant AAT-F6SN46VZWQOQI,Amazon PLCC Free-Financing Universal Merchant AAT-GL6VKXK3MYVP4,Amazon PLCC Free-Financing Universal Merchant AAT-26CRLBGU7BZ4I,Amazon PLCC Free-Financing Universal Merchant AAT-EC3WUB2OYMZJY,Amazon PLCC Free-Financing Universal Merchant AAT-LLHTF3J4EFYUO,Amazon PLCC Free-Financing Universal Merchant AAT-BRSZZ45H6MHAO,Amazon PLCC Free-Financing Universal Merchant AAT-MKLXOOZWQL7GO,Amazon PLCC Free-Financing Universal Merchant AAT-CB7UNXEXGIJTC,Amazon PLCC Free-Financing Universal Merchant #MP-gzasho-1593152694811,Amazon PLCC Free-Financing Universal Merchant AAT-WLBA4GZ52EAH4,Amazon PLCC Free-Financing Universal Merchant #MP-pmilan-1601980554292",False,Easy Ship,False
100178,408-1825537-9382751,06-21-22,Shipped,Amazon,Amazon.in,Expedited,J0004,J0004-SKD-L,Set,L,B0894WMVMW,Shipped,1,INR,0.0,DURGAPUR,WEST BENGAL,713203.0,IN,,False,,False
91028,402-6150244-1432307,04-30-22,Shipped - Delivered to Buyer,Merchant,Amazon.in,Standard,JNE3671,JNE3671-TU-M,Top,M,B0986X19QC,Shipped,1,INR,574.0,PUNE,MAHARASHTRA,411051.0,IN,"Amazon PLCC Free-Financing Universal Merchant AAT-WNKTBO3K27EJC,Amazon PLCC Free-Financing Universal Merchant AAT-QX3UCCJESKPA2,Amazon PLCC Free-Financing Universal Merchant AAT-5QQ7BIYYQEDN2,Amazon PLCC Free-Financing Universal Merchant AAT-DSJ2QRXXWXVMQ,Amazon PLCC Free-Financing Universal Merchant AAT-CXJHMC2YJUK76,Amazon PLCC Free-Financing Universal Merchant AAT-CC4FAVTYR4X7C,Amazon PLCC Free-Financing Universal Merchant AAT-FYWJCQHU2XQ2U,Amazon PLCC Free-Financing Universal Merchant AAT-R7GXNZWISTRFA,Amazon PLCC Free-Financing Universal Merchant AAT-WSJLDN3X7KEMO,Amazon PLCC Free-Financing Universal Merchant AAT-VL6FGQVGQVXUS,Amazon PLCC Free-Financing Universal Merchant AAT-EOKPWFWYW7Y6I,Amazon PLCC Free-Financing Universal Merchant AAT-XVPICCHRWDCAI,Amazon PLCC Free-Financing Universal Merchant AAT-URPEBMPS7TSPE,Amazon PLCC Free-Financing Universal Merchant SS-1651121388986,Amazon PLCC Free-Financing Universal Merchant AAT-BRSZZ45H6MHAO,Amazon PLCC Free-Financing Universal Merchant AAT-MKLXOOZWQL7GO,Amazon PLCC Free-Financing Universal Merchant AAT-CB7UNXEXGIJTC,Amazon PLCC Free-Financing Universal Merchant #MP-gzasho-1593152694811,Amazon PLCC Free-Financing Universal Merchant AAT-WLBA4GZ52EAH4",False,Easy Ship,False
29370,408-6506213-5766718,04-13-22,Shipped,Amazon,Amazon.in,Expedited,SET247,SET247-KR-SHA-S,Set,S,B09B58DHH1,Shipped,1,INR,716.0,GANGTOK,SIKKIM,737101.0,IN,IN Core Free Shipping 2015/04/08 23-48-5-108,False,,
328,402-1365379-0131533,04-30-22,Cancelled,Amazon,Amazon.in,Expedited,J0012,J0012-SKD-M,Set,M,B0894XYMWS,Cancelled,0,,,KAMAREDDY,TELANGANA,503111.0,IN,,False,,
37614,406-5379232-5273904,04-08-22,Shipped,Amazon,Amazon.in,Expedited,SET250,SET250-KR-SHA-XL,Set,XL,B08WHZ3SRC,Shipped,1,INR,680.0,Shyamnagar,WEST BENGAL,743127.0,IN,IN Core Free Shipping 2015/04/08 23-48-5-108,False,,
78897,407-5881585-7521918,05-07-22,Shipped,Amazon,Amazon.in,Expedited,JNE3399,JNE3399-KR-M,kurta,M,B082W84Q2J,Shipped,1,INR,469.0,SHIVAMOGGA,KARNATAKA,577201.0,IN,IN Core Free Shipping 2015/04/08 23-48-5-108,False,,False
88463,407-3716844-2697969,05-02-22,Shipped - Delivered to Buyer,Merchant,Amazon.in,Standard,SET303,SET303-KR-NP-XL,Set,XL,B09K3F7D9H,Shipped,1,INR,888.0,FARIDABAD,HARYANA,121008.0,IN,"Amazon PLCC Free-Financing Universal Merchant AAT-WNKTBO3K27EJC,Amazon PLCC Free-Financing Universal Merchant AAT-QX3UCCJESKPA2,Amazon PLCC Free-Financing Universal Merchant AAT-5QQ7BIYYQEDN2,Amazon PLCC Free-Financing Universal Merchant AAT-DSJ2QRXXWXVMQ,Amazon PLCC Free-Financing Universal Merchant AAT-CXJHMC2YJUK76,Amazon PLCC Free-Financing Universal Merchant AAT-SL3Y2YRMAUNFC,Amazon PLCC Free-Financing Universal Merchant AAT-CC4FAVTYR4X7C,Amazon PLCC Free-Financing Universal Merchant AAT-FYWJCQHU2XQ2U,Amazon PLCC Free-Financing Universal Merchant AAT-R7GXNZWISTRFA,Amazon PLCC Free-Financing Universal Merchant AAT-EOKPWFWYW7Y6I,Amazon PLCC Free-Financing Universal Merchant AAT-URPEBMPS7TSPE,Amazon PLCC Free-Financing Universal Merchant AAT-3R6UGYISJQCKA,Amazon PLCC Free-Financing Universal Merchant AAT-B4XD5CKOZFUO6,Amazon PLCC Free-Financing Universal Merchant AAT-WA3O6HTUZGC2M,Amazon PLCC Free-Financing Universal Merchant AAT-W3JULHH3DUCAC,Amazon PLCC Free-Financing Universal Merchant AAT-R24EXPJ2OZUEK,Amazon PLCC Free-Financing Universal Merchant AAT-A6EVSKTLHUNI4,Amazon PLCC Free-Financing Universal Merchant AAT-56V5XGGAEKQWC,Amazon PLCC Free-Financing Universal Merchant AAT-V35YNZJGNRNUQ,Amazon PLCC Free-Financing Universal Merchant AAT-JKICCRTK4FJLC,Amazon PLCC Free-Financing Universal Merchant AAT-IW7FKCNMUEENG,Amazon PLCC Free-Financing Universal Merchant AAT-GGYFSBBAGFEHC,Amazon PLCC Free-Financing Universal Merchant AAT-TNYBHEAO7HOHO,Amazon PLCC Free-Financing Universal Merchant AAT-BRSZZ45H6MHAO,Amazon PLCC Free-Financing Universal Merchant AAT-MKLXOOZWQL7GO,Amazon PLCC Free-Financing Universal Merchant AAT-CB7UNXEXGIJTC,Amazon PLCC Free-Financing Universal Merchant #MP-gzasho-1593152694811,Amazon PLCC Free-Financing Universal Merchant AAT-WLBA4GZ52EAH4,Amazon PLCC Free-Financing Universal Merchant AAT-QMFZ3M7T5NPDS,Amazon PLCC Free-Financing Universal Merchant #MP-pmilan-1601980554292",False,Easy Ship,False
36291,402-3467808-5018715,04-09-22,Shipped - Delivered to Buyer,Merchant,Amazon.in,Standard,JNE3870,JNE3870-DR-XXL,Western Dress,XXL,B09RK61TZX,Shipped,1,INR,721.0,NEW DELHI,DELHI,110096.0,IN,"Amazon PLCC Free-Financing Universal Merchant AAT-WNKTBO3K27EJC,Amazon PLCC Free-Financing Universal Merchant AAT-QX3UCCJESKPA2,Amazon PLCC Free-Financing Universal Merchant AAT-CXJHMC2YJUK76,Amazon PLCC Free-Financing Universal Merchant AAT-CC4FAVTYR4X7C,Amazon PLCC Free-Financing Universal Merchant AAT-XXRCW6NZEPZI4,Amazon PLCC Free-Financing Universal Merchant AAT-EOKPWFWYW7Y6I,Amazon PLCC Free-Financing Universal Merchant AAT-ZYL5UPUNW6T62,Amazon PLCC Free-Financing Universal Merchant AAT-G5ZRX4BZOIODU,Amazon PLCC Free-Financing Universal Merchant AAT-YFJA6XMAMWZSK,Amazon PLCC Free-Financing Universal Merchant AAT-K66BSCE2J2V5E,Amazon PLCC Free-Financing Universal Merchant AAT-275LMAQ3T5REI,Amazon PLCC Free-Financing Universal Merchant AAT-TNYBHEAO7HOHO,Amazon PLCC Free-Financing Universal Merchant AAT-BRSZZ45H6MHAO,Amazon PLCC Free-Financing Universal Merchant AAT-MKLXOOZWQL7GO,Amazon PLCC Free-Financing Universal Merchant AAT-CB7UNXEXGIJTC,Amazon PLCC Free-Financing Universal Merchant #MP-gzasho-1593152694811,Amazon PLCC Free-Financing Universal Merchant AAT-WLBA4GZ52EAH4,Amazon PLCC Free-Financing Universal Merchant AAT-QMFZ3M7T5NPDS,Amazon PLCC Free-Financing Universal Merchant #MP-pmilan-1601980554292",False,Easy Ship,
13867,405-5736890-0222712,04-22-22,Shipped - Delivered to Buyer,Merchant,Amazon.in,Standard,JNE3491,JNE3491-KR-XL,kurta,XL,B08BK5LDMW,Shipped,1,INR,349.0,CHENNAI,TAMIL NADU,600127.0,IN,"Amazon PLCC Free-Financing Universal Merchant AAT-WNKTBO3K27EJC,Amazon PLCC Free-Financing Universal Merchant AAT-QX3UCCJESKPA2,Amazon PLCC Free-Financing Universal Merchant AAT-5QQ7BIYYQEDN2,Amazon PLCC Free-Financing Universal Merchant AAT-DSJ2QRXXWXVMQ,Amazon PLCC Free-Financing Universal Merchant AAT-CXJHMC2YJUK76,Amazon PLCC Free-Financing Universal Merchant AAT-CC4FAVTYR4X7C,Amazon PLCC Free-Financing Universal Merchant AAT-XXRCW6NZEPZI4,Amazon PLCC Free-Financing Universal Merchant AAT-EOKPWFWYW7Y6I,Amazon PLCC Free-Financing Universal Merchant AAT-G5ZRX4BZOIODU,Amazon PLCC Free-Financing Universal Merchant AAT-MYWMDU232W4HO,Amazon PLCC Free-Financing Universal Merchant AAT-PZHUW6DZX4BPS,Amazon PLCC Free-Financing Universal Merchant AAT-TNYBHEAO7HOHO,Amazon PLCC Free-Financing Universal Merchant AAT-BRSZZ45H6MHAO,Amazon PLCC Free-Financing Universal Merchant AAT-MKLXOOZWQL7GO,Amazon PLCC Free-Financing Universal Merchant AAT-CB7UNXEXGIJTC,Amazon PLCC Free-Financing Universal Merchant #MP-gzasho-1593152694811,Amazon PLCC Free-Financing Universal Merchant AAT-WLBA4GZ52EAH4,Amazon PLCC Free-Financing Universal Merchant AAT-QMFZ3M7T5NPDS,Amazon PLCC Free-Financing Universal Merchant #MP-pmilan-1601980554292",False,Easy Ship,
69793,407-8609212-4784361,05-15-22,Shipped - Delivered to Buyer,Merchant,Amazon.in,Standard,NW012,NW012-TP-PJ-XXXL,Set,3XL,B0922TJXMK,Shipped,1,INR,537.0,HYDERABAD,TELANGANA,500076.0,IN,"Amazon PLCC Free-Financing Universal Merchant AAT-WNKTBO3K27EJC,Amazon PLCC Free-Financing Universal Merchant AAT-QX3UCCJESKPA2,Amazon PLCC Free-Financing Universal Merchant AAT-5QQ7BIYYQEDN2,Amazon PLCC Free-Financing Universal Merchant AAT-DSJ2QRXXWXVMQ,Amazon PLCC Free-Financing Universal Merchant AAT-CXJHMC2YJUK76,Amazon PLCC Free-Financing Universal Merchant AAT-SL3Y2YRMAUNFC,Amazon PLCC Free-Financing Universal Merchant AAT-CC4FAVTYR4X7C,Amazon PLCC Free-Financing Universal Merchant AAT-FYWJCQHU2XQ2U,Amazon PLCC Free-Financing Universal Merchant AAT-R7GXNZWISTRFA,Amazon PLCC Free-Financing Universal Merchant AAT-EOKPWFWYW7Y6I,Amazon PLCC Free-Financing Universal Merchant AAT-URPEBMPS7TSPE,Amazon PLCC Free-Financing Universal Merchant AAT-L2DLP5YGE5766,Amazon PLCC Free-Financing Universal Merchant AAT-5ZEB2OGNZ32MC,Amazon PLCC Free-Financing Universal Merchant AAT-BZ7LVXC5QOWDG,Amazon PLCC Free-Financing Universal Merchant AAT-YZ2VQO2YM6YYM,Amazon PLCC Free-Financing Universal Merchant AAT-4EOBCMLXMLDGY,Amazon PLCC Free-Financing Universal Merchant AAT-UB6CYNTOQMM7C,Amazon PLCC Free-Financing Universal Merchant AAT-BRSZZ45H6MHAO,Amazon PLCC Free-Financing Universal Merchant AAT-MKLXOOZWQL7GO,Amazon PLCC Free-Financing Universal Merchant AAT-CB7UNXEXGIJTC,Amazon PLCC Free-Financing Universal Merchant #MP-gzasho-1593152694811,Amazon PLCC Free-Financing Universal Merchant AAT-WLBA4GZ52EAH4,Amazon PLCC Free-Financing Universal Merchant #MP-pmilan-1601980554292",False,Easy Ship,False
90801,407-0648349-0389907,05-01-22,Shipped,Amazon,Amazon.in,Expedited,SET197,SET197-KR-NP-XXL,Set,XXL,B08B3YH18X,Shipped,2,INR,1518.0,Tenkasi,TAMIL NADU,627753.0,IN,IN Core Free Shipping 2015/04/08 23-48-5-108,False,,False
1841,403-9559970-4766705,04-29-22,Shipped,Amazon,Amazon.in,Expedited,SET291,SET291-KR-PP-L,Set,L,B099NJKJ54,Shipped,1,INR,563.0,NOIDA,UTTAR PRADESH,201304.0,IN,IN Core Free Shipping 2015/04/08 23-48-5-108,False,,
64741,403-3056003-1925133,05-19-22,Cancelled,Merchant,Amazon.in,Standard,JNE3798,JNE3798-KR-L,Western Dress,L,B09SDX13G7,,0,INR,734.29,HYDERABAD,TELANGANA,501505.0,IN,,False,Easy Ship,False
124927,404-0000578-3263555,06-03-22,Shipped,Amazon,Amazon.in,Expedited,JNE3291,JNE3291-KR-XS,kurta,XS,B082TTV7WX,Shipped,1,INR,471.0,BENGALURU,KARNATAKA,560078.0,IN,,False,,False
90552,402-7385956-5445130,05-01-22,Cancelled,Merchant,Amazon.in,Standard,SET377,SET377-KR-NP-S,Set,S,B09TZV2J9G,,0,,,BENGALURU,KARNATAKA,560058.0,IN,,False,Easy Ship,False
4083,171-5259957-5172352,04-28-22,Cancelled,Merchant,Amazon.in,Standard,JNE3470,JNE3470-KR-XXXL,kurta,3XL,B08W9LL6J6,,0,INR,313.33,NAKREKAL,TELANGANA,508211.0,IN,,False,Easy Ship,
89733,402-9891188-9285127,05-01-22,Shipped,Amazon,Amazon.in,Expedited,J0041,J0041-SET-L,Set,L,B089G28YYW,Shipped,1,INR,660.0,RAMNAGAR,WEST BENGAL,721446.0,IN,IN Core Free Shipping 2015/04/08 23-48-5-108,False,,False
68414,405-9151084-2970744,05-16-22,Shipped - Delivered to Buyer,Merchant,Amazon.in,Standard,PJNE3373,PJNE3373-KR-N-5XL,kurta,5XL,B09LD35DZ3,Shipped,1,INR,836.0,BOOTHAPANDI,TAMIL NADU,629852.0,IN,"Amazon PLCC Free-Financing Universal Merchant AAT-WNKTBO3K27EJC,Amazon PLCC Free-Financing Universal Merchant AAT-QX3UCCJESKPA2,Amazon PLCC Free-Financing Universal Merchant AAT-5QQ7BIYYQEDN2,Amazon PLCC Free-Financing Universal Merchant AAT-DSJ2QRXXWXVMQ,Amazon PLCC Free-Financing Universal Merchant AAT-CXJHMC2YJUK76,Amazon PLCC Free-Financing Universal Merchant AAT-SL3Y2YRMAUNFC,Amazon PLCC Free-Financing Universal Merchant AAT-CC4FAVTYR4X7C,Amazon PLCC Free-Financing Universal Merchant AAT-FYWJCQHU2XQ2U,Amazon PLCC Free-Financing Universal Merchant AAT-EOKPWFWYW7Y6I,Amazon PLCC Free-Financing Universal Merchant AAT-URPEBMPS7TSPE,Amazon PLCC Free-Financing Universal Merchant AAT-5ZEB2OGNZ32MC,Amazon PLCC Free-Financing Universal Merchant AAT-YZ2VQO2YM6YYM,Amazon PLCC Free-Financing Universal Merchant AAT-4EOBCMLXMLDGY,Amazon PLCC Free-Financing Universal Merchant AAT-UB6CYNTOQMM7C,Amazon PLCC Free-Financing Universal Merchant AAT-BRSZZ45H6MHAO,Amazon PLCC Free-Financing Universal Merchant AAT-MKLXOOZWQL7GO,Amazon PLCC Free-Financing Universal Merchant AAT-CB7UNXEXGIJTC,Amazon PLCC Free-Financing Universal Merchant #MP-gzasho-1593152694811,Amazon PLCC Free-Financing Universal Merchant AAT-WLBA4GZ52EAH4,Amazon PLCC Free-Financing Universal Merchant #MP-pmilan-1601980554292",False,Easy Ship,False
114845,171-9937584-1892332,06-10-22,Shipped,Amazon,Amazon.in,Expedited,SET350,SET350-KR-NP-XL,Set,XL,B09RKD2Z9R,Shipped,1,INR,1122.0,HOSHIARPUR,PUNJAB,146001.0,IN,IN Core Free Shipping 2015/04/08 23-48-5-108,False,,False
43706,407-6586094-3886718,04-04-22,Shipped,Amazon,Amazon.in,Expedited,SET136,SET136-KR-PP-L,Set,L,B082Z38B7C,Shipped,1,INR,712.0,DIMAPUR,NAGALAND,797112.0,IN,IN Core Free Shipping 2015/04/08 23-48-5-108,False,,
126782,406-3614129-7465908,06-02-22,Shipped,Amazon,Amazon.in,Expedited,J0165,J0165-TP-XXL,Top,XXL,B08RDTDYC4,Shipped,1,INR,341.0,GUWAHATI,ASSAM,781036.0,IN,IN Core Free Shipping 2015/04/08 23-48-5-108,False,,False
106427,171-3463494-0556359,06-16-22,Shipped,Amazon,Amazon.in,Expedited,JNE3797,JNE3797-KR-XS,Western Dress,XS,B09SDY9SQ6,Shipped,1,INR,735.0,GUNTUR,ANDHRA PRADESH,522306.0,IN,IN Core Free Shipping 2015/04/08 23-48-5-108,False,,False
106659,402-4380538-8308320,06-16-22,Shipped,Amazon,Amazon.in,Expedited,NW038,NW038-ST-SR-XL,Set,XL,B09B78CJTL,Shipped,1,INR,517.0,LUDHIANA,PUNJAB,141002.0,IN,IN Core Free Shipping 2015/04/08 23-48-5-108,False,,False
92572,406-2323404-4769925,06-28-22,Shipped,Amazon,Amazon.in,Expedited,SET413,SET413-KR-NP-XL,Set,XL,B09RKDT1CK,Shipped,1,INR,721.0,Thrissur,KERALA,680651.0,IN,IN Core Free Shipping 2015/04/08 23-48-5-108,False,,False
80999,407-2405614-8609943,05-06-22,Shipped,Amazon,Amazon.in,Expedited,SET265,SET265-KR-NP-L,Set,L,B0983CRK42,Shipped,1,INR,836.0,HOWRAH,WEST BENGAL,711106.0,IN,IN Core Free Shipping 2015/04/08 23-48-5-108,False,,False
78095,408-4252406-0854765,05-08-22,Shipped,Amazon,Amazon.in,Expedited,SET324,SET324-KR-NP-S,Set,S,B09NQ4CZ65,Shipped,1,INR,607.0,GHAZIABAD,UTTAR PRADESH,201009.0,IN,IN Core Free Shipping 2015/04/08 23-48-5-108,False,,False
1879,171-0507987-9169958,04-29-22,Shipped,Amazon,Amazon.in,Expedited,SET187,SET187-KR-DH-XL,Set,XL,B08B415N6S,Shipped,1,INR,599.0,AURANGABAD,MAHARASHTRA,431001.0,IN,IN Core Free Shipping 2015/04/08 23-48-5-108,False,,
70781,406-2921796-2367509,05-14-22,Shipped - Delivered to Buyer,Merchant,Amazon.in,Standard,JNE3407,JNE3407-KR-L,kurta,L,B0893DJL8B,Shipped,1,INR,301.0,BHUBANESWAR,ODISHA,751020.0,IN,"Amazon PLCC Free-Financing Universal Merchant AAT-WNKTBO3K27EJC,Amazon PLCC Free-Financing Universal Merchant AAT-QX3UCCJESKPA2,Amazon PLCC Free-Financing Universal Merchant AAT-5QQ7BIYYQEDN2,Amazon PLCC Free-Financing Universal Merchant AAT-DSJ2QRXXWXVMQ,Amazon PLCC Free-Financing Universal Merchant AAT-CXJHMC2YJUK76,Amazon PLCC Free-Financing Universal Merchant AAT-CC4FAVTYR4X7C,Amazon PLCC Free-Financing Universal Merchant AAT-FYWJCQHU2XQ2U,Amazon PLCC Free-Financing Universal Merchant AAT-WSJLDN3X7KEMO,Amazon PLCC Free-Financing Universal Merchant AAT-VL6FGQVGQVXUS,Amazon PLCC Free-Financing Universal Merchant AAT-EOKPWFWYW7Y6I,Amazon PLCC Free-Financing Universal Merchant AAT-URPEBMPS7TSPE,Amazon PLCC Free-Financing Universal Merchant AAT-5ZEB2OGNZ32MC,Amazon PLCC Free-Financing Universal Merchant AAT-2MN4SWBDTUSNI,Amazon PLCC Free-Financing Universal Merchant AAT-4VFZUZS2EO5J2,Amazon PLCC Free-Financing Universal Merchant AAT-YZ2VQO2YM6YYM,Amazon PLCC Free-Financing Universal Merchant AAT-4EOBCMLXMLDGY,Amazon PLCC Free-Financing Universal Merchant AAT-UB6CYNTOQMM7C,Amazon PLCC Free-Financing Universal Merchant AAT-BRSZZ45H6MHAO,Amazon PLCC Free-Financing Universal Merchant AAT-MKLXOOZWQL7GO,Amazon PLCC Free-Financing Universal Merchant AAT-CB7UNXEXGIJTC,Amazon PLCC Free-Financing Universal Merchant #MP-gzasho-1593152694811,Amazon PLCC Free-Financing Universal Merchant AAT-WLBA4GZ52EAH4",False,Easy Ship,False
13035,402-2342051-9126713,04-22-22,Shipped - Delivered to Buyer,Merchant,Amazon.in,Standard,SET264,SET264-KR-NP-L,Set,L,B08YNFKKGY,Shipped,1,INR,824.0,KANCHIPURAM,TAMIL NADU,600059.0,IN,"Amazon PLCC Free-Financing Universal Merchant AAT-WNKTBO3K27EJC,Amazon PLCC Free-Financing Universal Merchant AAT-QX3UCCJESKPA2,Amazon PLCC Free-Financing Universal Merchant AAT-5QQ7BIYYQEDN2,Amazon PLCC Free-Financing Universal Merchant AAT-DSJ2QRXXWXVMQ,Amazon PLCC Free-Financing Universal Merchant AAT-CXJHMC2YJUK76,Amazon PLCC Free-Financing Universal Merchant AAT-CC4FAVTYR4X7C,Amazon PLCC Free-Financing Universal Merchant AAT-XXRCW6NZEPZI4,Amazon PLCC Free-Financing Universal Merchant AAT-EOKPWFWYW7Y6I,Amazon PLCC Free-Financing Universal Merchant AAT-ZYL5UPUNW6T62,Amazon PLCC Free-Financing Universal Merchant AAT-G5ZRX4BZOIODU,Amazon PLCC Free-Financing Universal Merchant AAT-MYWMDU232W4HO,Amazon PLCC Free-Financing Universal Merchant AAT-PZHUW6DZX4BPS,Amazon PLCC Free-Financing Universal Merchant AAT-BRSZZ45H6MHAO,Amazon PLCC Free-Financing Universal Merchant AAT-MKLXOOZWQL7GO,Amazon PLCC Free-Financing Universal Merchant AAT-CB7UNXEXGIJTC,Amazon PLCC Free-Financing Universal Merchant #MP-gzasho-1593152694811,Amazon PLCC Free-Financing Universal Merchant AAT-WLBA4GZ52EAH4,Amazon PLCC Free-Financing Universal Merchant #MP-pmilan-1601980554292",False,Easy Ship,
20361,402-4233895-3198764,04-18-22,Shipped - Delivered to Buyer,Merchant,Amazon.in,Standard,JNE2014,JNE2014-KR-178-XL,kurta,XL,B077MM3LFJ,Shipped,1,INR,353.0,NASHIK,MAHARASHTRA,422009.0,IN,"Amazon PLCC Free-Financing Universal Merchant AAT-WNKTBO3K27EJC,Amazon PLCC Free-Financing Universal Merchant AAT-QX3UCCJESKPA2,Amazon PLCC Free-Financing Universal Merchant AAT-CXJHMC2YJUK76,Amazon PLCC Free-Financing Universal Merchant AAT-SL3Y2YRMAUNFC,Amazon PLCC Free-Financing Universal Merchant AAT-CC4FAVTYR4X7C,Amazon PLCC Free-Financing Universal Merchant AAT-XXRCW6NZEPZI4,Amazon PLCC Free-Financing Universal Merchant AAT-R7GXNZWISTRFA,Amazon PLCC Free-Financing Universal Merchant AAT-EOKPWFWYW7Y6I,Amazon PLCC Free-Financing Universal Merchant AAT-G5ZRX4BZOIODU,Amazon PLCC Free-Financing Universal Merchant AAT-P3CSUAK4HTEP2,Amazon PLCC Free-Financing Universal Merchant AAT-PZHUW6DZX4BPS,Amazon PLCC Free-Financing Universal Merchant AAT-AWMMZNGS33JGQ,Amazon PLCC Free-Financing Universal Merchant AAT-XX7G3ZRJJJ5LG,Amazon PLCC Free-Financing Universal Merchant AAT-LEHCKNDBJG64E,Amazon PLCC Free-Financing Universal Merchant AAT-DJVHCEV7D7RQY,Amazon PLCC Free-Financing Universal Merchant AAT-BRSZZ45H6MHAO,Amazon PLCC Free-Financing Universal Merchant AAT-MKLXOOZWQL7GO,Amazon PLCC Free-Financing Universal Merchant AAT-CB7UNXEXGIJTC,Amazon PLCC Free-Financing Universal Merchant #MP-gzasho-1593152694811,Amazon PLCC Free-Financing Universal Merchant AAT-WLBA4GZ52EAH4",False,Easy Ship,
90606,171-4025485-2475541,05-01-22,Shipped,Amazon,Amazon.in,Expedited,J0230,J0230-SKD-S,Set,S,B08XNJ19QH,Shipped,1,INR,1146.0,LUCKNOW,UTTAR PRADESH,226010.0,IN,IN Core Free Shipping 2015/04/08 23-48-5-108,False,,False
118447,405-2804134-3273146,06-08-22,Shipped,Amazon,Amazon.in,Expedited,JNE3252,JNE3252-KR-XXXL,kurta,3XL,B07R3KNLWD,Shipped,1,INR,471.0,MADURAI,TAMIL NADU,625020.0,IN,,False,,False
43545,171-3666474-4284301,04-04-22,Shipped,Amazon,Amazon.in,Expedited,MEN5022,MEN5022-KR-XXL,kurta,XXL,B08YYRX2L6,Shipped,1,INR,530.0,BENGALURU,KARNATAKA,560003.0,IN,,False,,
89857,404-8873164-7040312,05-01-22,Shipped,Amazon,Amazon.in,Expedited,SET385,SET385-KR-NP-M,Set,M,B09K3V84KC,Shipped,1,INR,631.0,BHUSAWAL,MAHARASHTRA,425203.0,IN,IN Core Free Shipping 2015/04/08 23-48-5-108,False,,False
33888,406-6955848-6355513,04-10-22,Shipped,Amazon,Amazon.in,Expedited,J0349,J0349-SET-M,Set,M,B099NWNGVK,Shipped,1,INR,801.0,GHAZIABAD,UTTAR PRADESH,201014.0,IN,IN Core Free Shipping 2015/04/08 23-48-5-108,False,,
122205,408-5526903-2396332,06-05-22,Shipped,Amazon,Amazon.in,Expedited,SET348,SET348-KR-NP-L,Set,L,B09QJ46T37,Shipped,1,INR,899.0,NEW DELHI,DELHI,110092.0,IN,,False,,False
28624,402-1909333-5057155,04-13-22,Shipped - Delivered to Buyer,Merchant,Amazon.in,Standard,JNE3449,JNE3449-KR-S,kurta,S,B08BF9YDKC,Shipped,1,INR,319.0,MUMBAI,MAHARASHTRA,400011.0,IN,"Amazon PLCC Free-Financing Universal Merchant AAT-WNKTBO3K27EJC,Amazon PLCC Free-Financing Universal Merchant AAT-QX3UCCJESKPA2,Amazon PLCC Free-Financing Universal Merchant AAT-CXJHMC2YJUK76,Amazon PLCC Free-Financing Universal Merchant AAT-SL3Y2YRMAUNFC,Amazon PLCC Free-Financing Universal Merchant AAT-CC4FAVTYR4X7C,Amazon PLCC Free-Financing Universal Merchant AAT-XXRCW6NZEPZI4,Amazon PLCC Free-Financing Universal Merchant AAT-EOKPWFWYW7Y6I,Amazon PLCC Free-Financing Universal Merchant AAT-ZYL5UPUNW6T62,Amazon PLCC Free-Financing Universal Merchant AAT-G5ZRX4BZOIODU,Amazon PLCC Free-Financing Universal Merchant AAT-PZHUW6DZX4BPS,Amazon PLCC Free-Financing Universal Merchant AAT-BRSZZ45H6MHAO,Amazon PLCC Free-Financing Universal Merchant AAT-MKLXOOZWQL7GO,Amazon PLCC Free-Financing Universal Merchant AAT-CB7UNXEXGIJTC,Amazon PLCC Free-Financing Universal Merchant #MP-gzasho-1593152694811,Amazon PLCC Free-Financing Universal Merchant AAT-WLBA4GZ52EAH4",False,Easy Ship,
104108,403-7661600-3975553,06-18-22,Cancelled,Merchant,Amazon.in,Standard,SET436,SET436-KR-NP-L,Set,L,B09YNWCBX7,,0,,,NEW DELHI,DELHI,110076.0,IN,,False,Easy Ship,False
30835,408-4125863-6581125,04-12-22,Shipped - Delivered to Buyer,Merchant,Amazon.in,Standard,JNE3689,JNE3689-TU-XL,Top,XL,B094FJZ7MZ,Shipped,1,INR,434.0,BALESHWAR,ODISHA,756001.0,IN,"Amazon PLCC Free-Financing Universal Merchant AAT-WNKTBO3K27EJC,Amazon PLCC Free-Financing Universal Merchant AAT-QX3UCCJESKPA2,Amazon PLCC Free-Financing Universal Merchant AAT-CXJHMC2YJUK76,Amazon PLCC Free-Financing Universal Merchant AAT-SL3Y2YRMAUNFC,Amazon PLCC Free-Financing Universal Merchant AAT-CC4FAVTYR4X7C,Amazon PLCC Free-Financing Universal Merchant AAT-XXRCW6NZEPZI4,Amazon PLCC Free-Financing Universal Merchant AAT-EOKPWFWYW7Y6I,Amazon PLCC Free-Financing Universal Merchant AAT-G5ZRX4BZOIODU,Amazon PLCC Free-Financing Universal Merchant AAT-PZHUW6DZX4BPS,Amazon PLCC Free-Financing Universal Merchant AAT-BRSZZ45H6MHAO,Amazon PLCC Free-Financing Universal Merchant AAT-MKLXOOZWQL7GO,Amazon PLCC Free-Financing Universal Merchant AAT-CB7UNXEXGIJTC,Amazon PLCC Free-Financing Universal Merchant #MP-gzasho-1593152694811,Amazon PLCC Free-Financing Universal Merchant AAT-WLBA4GZ52EAH4",False,Easy Ship,
85604,402-8330388-1821137,05-03-22,Cancelled,Amazon,Amazon.in,Expedited,JNE3645,JNE3645-TP-N-M,Top,M,B08ZHSXP1S,Unshipped,1,INR,432.0,CHENNAI,TAMIL NADU,600018.0,IN,,False,,False
75510,406-7843208-1146719,05-10-22,Shipped - Delivered to Buyer,Merchant,Amazon.in,Standard,JNE3797,JNE3797-KR-XS,Western Dress,XS,B09SDY9SQ6,Shipped,1,INR,771.0,KOLKATA,WEST BENGAL,700046.0,IN,"Amazon PLCC Free-Financing Universal Merchant AAT-WNKTBO3K27EJC,Amazon PLCC Free-Financing Universal Merchant AAT-QX3UCCJESKPA2,Amazon PLCC Free-Financing Universal Merchant AAT-5QQ7BIYYQEDN2,Amazon PLCC Free-Financing Universal Merchant AAT-DSJ2QRXXWXVMQ,Amazon PLCC Free-Financing Universal Merchant AAT-CXJHMC2YJUK76,Amazon PLCC Free-Financing Universal Merchant AAT-SL3Y2YRMAUNFC,Amazon PLCC Free-Financing Universal Merchant AAT-CC4FAVTYR4X7C,Amazon PLCC Free-Financing Universal Merchant AAT-FYWJCQHU2XQ2U,Amazon PLCC Free-Financing Universal Merchant AAT-R7GXNZWISTRFA,Amazon PLCC Free-Financing Universal Merchant AAT-EOKPWFWYW7Y6I,Amazon PLCC Free-Financing Universal Merchant AAT-URPEBMPS7TSPE,Amazon PLCC Free-Financing Universal Merchant AAT-L2DLP5YGE5766,Amazon PLCC Free-Financing Universal Merchant AAT-ZF7YE6D3FPHMI,Amazon PLCC Free-Financing Universal Merchant AAT-TNYHCYLOWRIHK,Amazon PLCC Free-Financing Universal Merchant AAT-BRSZZ45H6MHAO,Amazon PLCC Free-Financing Universal Merchant AAT-MKLXOOZWQL7GO,Amazon PLCC Free-Financing Universal Merchant AAT-CB7UNXEXGIJTC,Amazon PLCC Free-Financing Universal Merchant #MP-gzasho-1593152694811,Amazon PLCC Free-Financing Universal Merchant AAT-WLBA4GZ52EAH4",False,Easy Ship,False
115337,405-3558863-5148363,06-10-22,Shipped - Delivered to Buyer,Merchant,Amazon.in,Standard,J0095,J0095-SET-L,Set,L,B08CMHNWBN,Shipped,1,INR,633.0,RANCHI,JHARKHAND,834002.0,IN,"Amazon PLCC Free-Financing Universal Merchant AAT-WNKTBO3K27EJC,Amazon PLCC Free-Financing Universal Merchant AAT-QX3UCCJESKPA2,Amazon PLCC Free-Financing Universal Merchant AAT-5QQ7BIYYQEDN2,Amazon PLCC Free-Financing Universal Merchant AAT-DSJ2QRXXWXVMQ,Amazon PLCC Free-Financing Universal Merchant AAT-CXJHMC2YJUK76,Amazon PLCC Free-Financing Universal Merchant AAT-SL3Y2YRMAUNFC,Amazon PLCC Free-Financing Universal Merchant AAT-CC4FAVTYR4X7C,Amazon PLCC Free-Financing Universal Merchant AAT-EWAPBB6BDRGM6,Amazon PLCC Free-Financing Universal Merchant AAT-EOKPWFWYW7Y6I,Amazon PLCC Free-Financing Universal Merchant AAT-5SHH3G55USK5C,Amazon PLCC Free-Financing Universal Merchant AAT-AMKH7SAAONETC,Amazon PLCC Free-Financing Universal Merchant AAT-56XNPXK2K7OLI,Amazon PLCC Free-Financing Universal Merchant AAT-DIJISC7JHOVCY,Amazon PLCC Free-Financing Universal Merchant AAT-5QNBXTEQWGXOW,Amazon PLCC Free-Financing Universal Merchant AAT-ZBCRDPHJI4UDO,Amazon PLCC Free-Financing Universal Merchant AAT-CMBNOJYSQPOPS,Amazon PLCC Free-Financing Universal Merchant AAT-IBN3WODYJ44YC,Amazon PLCC Free-Financing Universal Merchant AAT-W2F65W44TEYES,Amazon PLCC Free-Financing Universal Merchant AAT-ZBGDWJCP6BTLE,Amazon PLCC Free-Financing Universal Merchant AAT-BOWEMQBNNNHBK,Amazon PLCC Free-Financing Universal Merchant AAT-SKYXW7T3UZBGO,Amazon PLCC Free-Financing Universal Merchant AAT-BRSZZ45H6MHAO,Amazon PLCC Free-Financing Universal Merchant AAT-MKLXOOZWQL7GO,Amazon PLCC Free-Financing Universal Merchant AAT-CB7UNXEXGIJTC,Amazon PLCC Free-Financing Universal Merchant #MP-gzasho-1593152694811,Amazon PLCC Free-Financing Universal Merchant AAT-WLBA4GZ52EAH4",False,Easy Ship,False
93752,408-7358545-4912311,06-27-22,Shipped - Picked Up,Merchant,Amazon.in,Standard,J0379,J0379-SKD-L,Set,L,B09M6WZX2J,Shipped,1,INR,1301.0,Rajkot,Gujarat,360005.0,IN,"Amazon PLCC Free-Financing Universal Merchant AAT-WNKTBO3K27EJC,Amazon PLCC Free-Financing Universal Merchant AAT-QX3UCCJESKPA2,Amazon PLCC Free-Financing Universal Merchant AAT-5QQ7BIYYQEDN2,Amazon PLCC Free-Financing Universal Merchant AAT-DSJ2QRXXWXVMQ,Amazon PLCC Free-Financing Universal Merchant AAT-CXJHMC2YJUK76,Amazon PLCC Free-Financing Universal Merchant AAT-CC4FAVTYR4X7C,Amazon PLCC Free-Financing Universal Merchant AAT-EWAPBB6BDRGM6,Amazon PLCC Free-Financing Universal Merchant AAT-WSJLDN3X7KEMO,Amazon PLCC Free-Financing Universal Merchant AAT-VL6FGQVGQVXUS,Amazon PLCC Free-Financing Universal Merchant AAT-EOKPWFWYW7Y6I,Amazon PLCC Free-Financing Universal Merchant AAT-NT3ZJJGQ3JK3Q,Amazon PLCC Free-Financing Universal Merchant AAT-5SHH3G55USK5C,Amazon PLCC Free-Financing Universal Merchant AAT-6XVEGAWJUJYXG,Amazon PLCC Free-Financing Universal Merchant AAT-5QNBXTEQWGXOW,Amazon PLCC Free-Financing Universal Merchant AAT-BOWEMQBNNNHBK,Amazon PLCC Free-Financing Universal Merchant AAT-ONHQI6RQUNGB6,Amazon PLCC Free-Financing Universal Merchant AAT-UFMRPWCRGE2ZM,Amazon PLCC Free-Financing Universal Merchant AAT-SF4YGC5K3O574,Amazon PLCC Free-Financing Universal Merchant AAT-SUBB5QVZKACYG,Amazon PLCC Free-Financing Universal Merchant AAT-CF5ZF57364I7G,Amazon PLCC Free-Financing Universal Merchant AAT-BRSZZ45H6MHAO,Amazon PLCC Free-Financing Universal Merchant AAT-MKLXOOZWQL7GO,Amazon PLCC Free-Financing Universal Merchant AAT-CB7UNXEXGIJTC,Amazon PLCC Free-Financing Universal Merchant #MP-gzasho-1593152694811,Amazon PLCC Free-Financing Universal Merchant AAT-WLBA4GZ52EAH4",False,Easy Ship,False
8295,406-4749707-5293159,04-25-22,Shipped,Amazon,Amazon.in,Expedited,JNE3618,JNE3618-KR-L,kurta,L,B091Q84CBF,Shipped,1,INR,399.0,PUNE,MAHARASHTRA,411015.0,IN,,False,,
64365,402-6637398-9528340,05-19-22,Shipped,Amazon,Amazon.in,Expedited,J0097,J0097-KR-XL,kurta,XL,B08BJSHTNG,Shipped,1,INR,568.0,new delhi,DELHI,110029.0,IN,IN Core Free Shipping 2015/04/08 23-48-5-108,False,,False
58845,406-0539331-3285105,05-24-22,Cancelled,Amazon,Amazon.in,Expedited,J0395,J0395-DR-XL,Western Dress,XL,B09SDXLD4C,Unshipped,1,INR,859.0,MUMBAI,MAHARASHTRA,400003.0,IN,,False,,False
23971,171-9264436-8793941,04-16-22,Shipped - Delivered to Buyer,Merchant,Amazon.in,Standard,J0003,J0003-SET-M,Set,M,B0894XH3LN,Shipped,1,INR,654.0,Hyderabad,TELANGANA,500050.0,IN,"Amazon PLCC Free-Financing Universal Merchant AAT-WNKTBO3K27EJC,Amazon PLCC Free-Financing Universal Merchant AAT-QX3UCCJESKPA2,Amazon PLCC Free-Financing Universal Merchant AAT-CXJHMC2YJUK76,Amazon PLCC Free-Financing Universal Merchant AAT-SL3Y2YRMAUNFC,Amazon PLCC Free-Financing Universal Merchant AAT-CC4FAVTYR4X7C,Amazon PLCC Free-Financing Universal Merchant AAT-XXRCW6NZEPZI4,Amazon PLCC Free-Financing Universal Merchant AAT-WSJLDN3X7KEMO,Amazon PLCC Free-Financing Universal Merchant AAT-VL6FGQVGQVXUS,Amazon PLCC Free-Financing Universal Merchant AAT-EOKPWFWYW7Y6I,Amazon PLCC Free-Financing Universal Merchant AAT-ZYL5UPUNW6T62,Amazon PLCC Free-Financing Universal Merchant AAT-G5ZRX4BZOIODU,Amazon PLCC Free-Financing Universal Merchant AAT-ACZIPIA37BFIY,Amazon PLCC Free-Financing Universal Merchant AAT-4UKS7UWZY3AES,Amazon PLCC Free-Financing Universal Merchant AAT-PZHUW6DZX4BPS,Amazon PLCC Free-Financing Universal Merchant AAT-XX7G3ZRJJJ5LG,Amazon PLCC Free-Financing Universal Merchant AAT-LEHCKNDBJG64E,Amazon PLCC Free-Financing Universal Merchant AAT-DJVHCEV7D7RQY,Amazon PLCC Free-Financing Universal Merchant AAT-BRSZZ45H6MHAO,Amazon PLCC Free-Financing Universal Merchant AAT-MKLXOOZWQL7GO,Amazon PLCC Free-Financing Universal Merchant AAT-CB7UNXEXGIJTC,Amazon PLCC Free-Financing Universal Merchant #MP-gzasho-1593152694811,Amazon PLCC Free-Financing Universal Merchant AAT-WLBA4GZ52EAH4",False,Easy Ship,
87883,403-0080927-7436338,05-02-22,Shipped,Amazon,Amazon.in,Expedited,J0154,J0154-DR-XXL,Western Dress,XXL,B08V19DZ36,Shipped,1,INR,377.0,GHAZIABAD,UTTAR PRADESH,201017.0,IN,IN Core Free Shipping 2015/04/08 23-48-5-108,False,,False
41678,407-7929169-2748324,04-05-22,Shipped,Amazon,Amazon.in,Expedited,J0001,J0001-DR-L,Ethnic Dress,L,B0894XPW4B,Shipped,1,INR,690.0,THANE dist,MAHARASHTRA,401105.0,IN,IN Core Free Shipping 2015/04/08 23-48-5-108,False,,
35047,405-0307815-6877962,04-09-22,Shipped,Amazon,Amazon.in,Expedited,JNE3817,JNE3817-KR-S,kurta,S,B09LV1KQS1,Shipped,1,INR,474.0,BHUNTAR,HIMACHAL PRADESH,175126.0,IN,IN Core Free Shipping 2015/04/08 23-48-5-108,False,,
27589,402-2471908-4870709,04-14-22,Shipped,Amazon,Amazon.in,Expedited,SET344,SET344-KR-NP-M,Set,M,B09QJ3YSPB,Shipped,1,INR,968.0,Jhansi,UTTAR PRADESH,284128.0,IN,IN Core Free Shipping 2015/04/08 23-48-5-108,False,,
91848,408-6446741-8331559,06-28-22,Shipped,Amazon,Amazon.in,Expedited,SET293,SET293-KR-NP-M,Set,M,B09K3LJWBB,Shipped,1,INR,789.0,CHENNAI,TAMIL NADU,600073.0,IN,IN Core Free Shipping 2015/04/08 23-48-5-108,False,,False
84440,405-2248921-5136357,05-04-22,Shipped,Amazon,Amazon.in,Expedited,JNE1525,JNE1525-KR-UDF19-A-L,kurta,L,B0743G8MB8,Shipped,1,INR,311.0,BENGALURU,KARNATAKA,560084.0,IN,,False,,False
98153,402-3554179-4938701,06-23-22,Shipped,Amazon,Amazon.in,Expedited,SET350,SET350-KR-NP-XXL,Set,XXL,B09RKD2FDC,Shipped,1,INR,1088.0,KANPUR,UTTAR PRADESH,208011.0,IN,IN Core Free Shipping 2015/04/08 23-48-5-108,False,,False
77939,171-9748434-2989117,05-08-22,Shipped - Delivered to Buyer,Merchant,Amazon.in,Standard,SET184,SET184-KR-PP-XL,Set,XL,B08W8DJG7F,Shipped,1,INR,573.0,CHANDIGARH,CHANDIGARH,160020.0,IN,"Amazon PLCC Free-Financing Universal Merchant AAT-WNKTBO3K27EJC,Amazon PLCC Free-Financing Universal Merchant AAT-QX3UCCJESKPA2,Amazon PLCC Free-Financing Universal Merchant AAT-5QQ7BIYYQEDN2,Amazon PLCC Free-Financing Universal Merchant AAT-DSJ2QRXXWXVMQ,Amazon PLCC Free-Financing Universal Merchant AAT-CXJHMC2YJUK76,Amazon PLCC Free-Financing Universal Merchant AAT-CC4FAVTYR4X7C,Amazon PLCC Free-Financing Universal Merchant AAT-FYWJCQHU2XQ2U,Amazon PLCC Free-Financing Universal Merchant AAT-R7GXNZWISTRFA,Amazon PLCC Free-Financing Universal Merchant AAT-EOKPWFWYW7Y6I,Amazon PLCC Free-Financing Universal Merchant AAT-URPEBMPS7TSPE,Amazon PLCC Free-Financing Universal Merchant AAT-TREXU6MY3SEMI,Amazon PLCC Free-Financing Universal Merchant AAT-RVL5KAXRIWHV2,Amazon PLCC Free-Financing Universal Merchant AAT-BS2QIL3ZUUJDC,Amazon PLCC Free-Financing Universal Merchant AAT-BD2QQYQLU3K3Q,Amazon PLCC Free-Financing Universal Merchant AAT-7Z5FYSWV55YJ6,Amazon PLCC Free-Financing Universal Merchant AAT-KQRYFJZLTA6E2,Amazon PLCC Free-Financing Universal Merchant AAT-F6SN46VZWQOQI,Amazon PLCC Free-Financing Universal Merchant AAT-GL6VKXK3MYVP4,Amazon PLCC Free-Financing Universal Merchant AAT-26CRLBGU7BZ4I,Amazon PLCC Free-Financing Universal Merchant AAT-EC3WUB2OYMZJY,Amazon PLCC Free-Financing Universal Merchant AAT-LLHTF3J4EFYUO,Amazon PLCC Free-Financing Universal Merchant AAT-BRSZZ45H6MHAO,Amazon PLCC Free-Financing Universal Merchant AAT-MKLXOOZWQL7GO,Amazon PLCC Free-Financing Universal Merchant AAT-CB7UNXEXGIJTC,Amazon PLCC Free-Financing Universal Merchant #MP-gzasho-1593152694811,Amazon PLCC Free-Financing Universal Merchant AAT-WLBA4GZ52EAH4,Amazon PLCC Free-Financing Universal Merchant #MP-pmilan-1601980554292",False,Easy Ship,False
128647,406-0314758-7265959,06-01-22,Shipped,Amazon,Amazon.in,Expedited,JNE3764,JNE3764-KR-M,kurta,M,B09K3TM23C,Shipped,1,INR,399.0,DHAULPUR,RAJASTHAN,328001.0,IN,IN Core Free Shipping 2015/04/08 23-48-5-108,False,,False
88990,404-9999233-8594715,05-02-22,Shipped - Delivered to Buyer,Merchant,Amazon.in,Standard,JNE3714,JNE3714-KR-XS,kurta,XS,B099F9SKHN,Shipped,1,INR,459.0,PANCHKULA,HARYANA,134109.0,IN,"Amazon PLCC Free-Financing Universal Merchant AAT-WNKTBO3K27EJC,Amazon PLCC Free-Financing Universal Merchant AAT-QX3UCCJESKPA2,Amazon PLCC Free-Financing Universal Merchant AAT-5QQ7BIYYQEDN2,Amazon PLCC Free-Financing Universal Merchant AAT-DSJ2QRXXWXVMQ,Amazon PLCC Free-Financing Universal Merchant AAT-CXJHMC2YJUK76,Amazon PLCC Free-Financing Universal Merchant AAT-CC4FAVTYR4X7C,Amazon PLCC Free-Financing Universal Merchant AAT-FYWJCQHU2XQ2U,Amazon PLCC Free-Financing Universal Merchant AAT-EOKPWFWYW7Y6I,Amazon PLCC Free-Financing Universal Merchant AAT-URPEBMPS7TSPE,Amazon PLCC Free-Financing Universal Merchant AAT-3R6UGYISJQCKA,Amazon PLCC Free-Financing Universal Merchant AAT-TNYBHEAO7HOHO,Amazon PLCC Free-Financing Universal Merchant AAT-BRSZZ45H6MHAO,Amazon PLCC Free-Financing Universal Merchant AAT-MKLXOOZWQL7GO,Amazon PLCC Free-Financing Universal Merchant AAT-CB7UNXEXGIJTC,Amazon PLCC Free-Financing Universal Merchant #MP-gzasho-1593152694811,Amazon PLCC Free-Financing Universal Merchant AAT-WLBA4GZ52EAH4,Amazon PLCC Free-Financing Universal Merchant AAT-QMFZ3M7T5NPDS,Amazon PLCC Free-Financing Universal Merchant #MP-pmilan-1601980554292",False,Easy Ship,False
104284,408-2424782-5626765,06-18-22,Shipped - Delivered to Buyer,Merchant,Amazon.in,Standard,JNE3799,JNE3799-KR-XXL,kurta,XXL,B09SDYBW5P,Shipped,1,INR,626.0,DURGAPUR,WEST BENGAL,713203.0,IN,"Amazon PLCC Free-Financing Universal Merchant AAT-WNKTBO3K27EJC,Amazon PLCC Free-Financing Universal Merchant AAT-QX3UCCJESKPA2,Amazon PLCC Free-Financing Universal Merchant AAT-5QQ7BIYYQEDN2,Amazon PLCC Free-Financing Universal Merchant AAT-DSJ2QRXXWXVMQ,Amazon PLCC Free-Financing Universal Merchant AAT-CXJHMC2YJUK76,Amazon PLCC Free-Financing Universal Merchant AAT-CC4FAVTYR4X7C,Amazon PLCC Free-Financing Universal Merchant AAT-EWAPBB6BDRGM6,Amazon PLCC Free-Financing Universal Merchant AAT-EOKPWFWYW7Y6I,Amazon PLCC Free-Financing Universal Merchant AAT-3CSO6PTXOFDTO,Amazon PLCC Free-Financing Universal Merchant AAT-BOWEMQBNNNHBK,Amazon PLCC Free-Financing Universal Merchant AAT-SKYXW7T3UZBGO,Amazon PLCC Free-Financing Universal Merchant AAT-ONHQI6RQUNGB6,Amazon PLCC Free-Financing Universal Merchant AAT-7L53RVBBSPI3S,Amazon PLCC Free-Financing Universal Merchant AAT-FXGH5APHPAWRQ,Amazon PLCC Free-Financing Universal Merchant AAT-BRSZZ45H6MHAO,Amazon PLCC Free-Financing Universal Merchant AAT-MKLXOOZWQL7GO,Amazon PLCC Free-Financing Universal Merchant AAT-CB7UNXEXGIJTC,Amazon PLCC Free-Financing Universal Merchant #MP-gzasho-1593152694811,Amazon PLCC Free-Financing Universal Merchant AAT-WLBA4GZ52EAH4",False,Easy Ship,False
117657,406-6504419-0253154,06-08-22,Shipped - Delivered to Buyer,Merchant,Amazon.in,Standard,JNE3797,JNE3797-KR-M,Western Dress,M,B09SDY8DCT,Shipped,1,INR,735.0,CHENNAI,TAMIL NADU,600097.0,IN,"Amazon PLCC Free-Financing Universal Merchant AAT-WNKTBO3K27EJC,Amazon PLCC Free-Financing Universal Merchant AAT-QX3UCCJESKPA2,Amazon PLCC Free-Financing Universal Merchant AAT-5QQ7BIYYQEDN2,Amazon PLCC Free-Financing Universal Merchant AAT-DSJ2QRXXWXVMQ,Amazon PLCC Free-Financing Universal Merchant AAT-CXJHMC2YJUK76,Amazon PLCC Free-Financing Universal Merchant AAT-SL3Y2YRMAUNFC,Amazon PLCC Free-Financing Universal Merchant AAT-CC4FAVTYR4X7C,Amazon PLCC Free-Financing Universal Merchant AAT-EWAPBB6BDRGM6,Amazon PLCC Free-Financing Universal Merchant AAT-EOKPWFWYW7Y6I,Amazon PLCC Free-Financing Universal Merchant AAT-NT3ZJJGQ3JK3Q,Amazon PLCC Free-Financing Universal Merchant AAT-AMKH7SAAONETC,Amazon PLCC Free-Financing Universal Merchant AAT-56XNPXK2K7OLI,Amazon PLCC Free-Financing Universal Merchant AAT-6XVEGAWJUJYXG,Amazon PLCC Free-Financing Universal Merchant AAT-ZBCRDPHJI4UDO,Amazon PLCC Free-Financing Universal Merchant AAT-CMBNOJYSQPOPS,Amazon PLCC Free-Financing Universal Merchant AAT-IBN3WODYJ44YC,Amazon PLCC Free-Financing Universal Merchant AAT-W2F65W44TEYES,Amazon PLCC Free-Financing Universal Merchant AAT-ZBGDWJCP6BTLE,Amazon PLCC Free-Financing Universal Merchant AAT-BOWEMQBNNNHBK,Amazon PLCC Free-Financing Universal Merchant AAT-SKYXW7T3UZBGO,Amazon PLCC Free-Financing Universal Merchant AAT-TNYBHEAO7HOHO,Amazon PLCC Free-Financing Universal Merchant AAT-BRSZZ45H6MHAO,Amazon PLCC Free-Financing Universal Merchant AAT-MKLXOOZWQL7GO,Amazon PLCC Free-Financing Universal Merchant AAT-CB7UNXEXGIJTC,Amazon PLCC Free-Financing Universal Merchant #MP-gzasho-1593152694811,Amazon PLCC Free-Financing Universal Merchant AAT-WLBA4GZ52EAH4,Amazon PLCC Free-Financing Universal Merchant AAT-QMFZ3M7T5NPDS,Amazon PLCC Free-Financing Universal Merchant #MP-pmilan-1601980554292",False,Easy Ship,False
30168,403-8860022-0290733,04-12-22,Shipped,Amazon,Amazon.in,Expedited,JNE3675,JNE3675-TU-L,Top,L,B09432M4NC,Shipped,1,INR,545.0,SURAT,Gujarat,394221.0,IN,IN Core Free Shipping 2015/04/08 23-48-5-108,False,,
123551,406-1835133-0278755,06-04-22,Shipped,Amazon,Amazon.in,Expedited,JNE3440,JNE3440-KR-N-M,kurta,M,B081WY1SP3,Shipped,1,INR,435.0,Modinagar,UTTAR PRADESH,201204.0,IN,,False,,False
41870,404-6038311-2328308,04-05-22,Shipped,Amazon,Amazon.in,Expedited,JNE3405,JNE3405-KR-XXXL,kurta,3XL,B081WZ4T3V,Shipped,1,INR,449.0,PUNE,MAHARASHTRA,411038.0,IN,IN Core Free Shipping 2015/04/08 23-48-5-108,False,,
9338,407-1019970-3930739,04-24-22,Cancelled,Merchant,Amazon.in,Standard,JNE3818,JNE3818-KR-M,kurta,M,B09LV1K1PD,,0,INR,475.24,Bangalore,KARNATAKA,560048.0,IN,,False,Easy Ship,
100478,405-2955522-3037909,06-21-22,Shipped,Amazon,Amazon.in,Expedited,JNE3440,JNE3440-KR-N-XS,kurta,XS,B09HMY3YLT,Shipped,1,INR,422.0,HYDERABAD,TELANGANA,500081.0,IN,,False,,False
87807,402-8914218-4330766,05-02-22,Shipped,Amazon,Amazon.in,Expedited,SET324,SET324-KR-NP-M,Set,M,B09NQ4NM75,Shipped,1,INR,597.0,CHANNAPATNA,KARNATAKA,562160.0,IN,IN Core Free Shipping 2015/04/08 23-48-5-108,False,,False
32560,402-4076731-7737954,04-11-22,Cancelled,Merchant,Amazon.in,Standard,SET365,SET365-KR-NP-XL,Set,XL,B09QJ5TLLD,,0,INR,981.25,KOLKATA,WEST BENGAL,700051.0,IN,,False,Easy Ship,
82484,403-8541634-6092351,05-05-22,Shipped,Amazon,Amazon.in,Expedited,SET265,SET265-KR-NP-M,Set,M,B0983DBK44,Shipped,1,INR,835.0,Rajahmundry,ANDHRA PRADESH,533101.0,IN,IN Core Free Shipping 2015/04/08 23-48-5-108,False,,False
67416,171-0534152-7879535,05-17-22,Shipped,Amazon,Amazon.in,Expedited,J0003,J0003-SET-XXL,Set,XXL,B0894XKVH3,Shipped,1,INR,696.0,SHIMLA,HIMACHAL PRADESH,171009.0,IN,IN Core Free Shipping 2015/04/08 23-48-5-108,False,,False
45660,405-9115612-8645163,04-03-22,Shipped,Amazon,Amazon.in,Expedited,SET347,SET347-KR-NP-M,Set,M,B09RKF9KV8,Shipped,1,INR,791.0,MUMBAI,MAHARASHTRA,400067.0,IN,,False,,
95754,407-6682219-5662707,06-25-22,Cancelled,Amazon,Amazon.in,Expedited,JNE3761,JNE3761-KR-M,kurta,M,B099F9P2B9,Cancelled,0,,,VEMULAWADA,TELANGANA,505302.0,IN,,False,,False
53065,404-6228569-1618747,05-28-22,Shipped,Amazon,Amazon.in,Expedited,J0012,J0012-SKD-L,Set,L,B0894XGSH9,Shipped,1,INR,1199.0,RAJAHMUNDRY,ANDHRA PRADESH,533106.0,IN,IN Core Free Shipping 2015/04/08 23-48-5-108,False,,False
62342,171-0347830-4061903,05-21-22,Shipped,Amazon,Amazon.in,Expedited,JNE3690,JNE3690-TU-XS,Top,XS,B094FH578D,Shipped,1,INR,545.0,BENGALURU,KARNATAKA,560037.0,IN,IN Core Free Shipping 2015/04/08 23-48-5-108,False,,False
29728,408-2278019-5057168,04-13-22,Shipped,Amazon,Amazon.in,Expedited,SET304,SET304-KR-DPT-M,Set,M,B09K3LRFQF,Shipped,1,INR,1186.0,MUMBAI,MAHARASHTRA,400101.0,IN,,False,,
93399,171-4573101-0901126,06-27-22,Cancelled,Amazon,Amazon.in,Expedited,JNE3291,JNE3291-KR-L,kurta,L,B07R5X9WJB,Unshipped,2,INR,998.0,COIMBATORE,TAMIL NADU,641014.0,IN,,False,,False
43198,408-0289702-2591504,04-04-22,Shipped - Delivered to Buyer,Merchant,Amazon.in,Standard,SET197,SET197-KR-NP-XXL,Set,XXL,B08B3YH18X,Shipped,1,INR,730.0,Chitrada village,ANDHRA PRADESH,533450.0,IN,"Amazon PLCC Free-Financing Universal Merchant AAT-WNKTBO3K27EJC,Amazon PLCC Free-Financing Universal Merchant AAT-QX3UCCJESKPA2,Amazon PLCC Free-Financing Universal Merchant AAT-CXJHMC2YJUK76,Amazon PLCC Free-Financing Universal Merchant AAT-CC4FAVTYR4X7C,Amazon PLCC Free-Financing Universal Merchant AAT-XXRCW6NZEPZI4,Amazon PLCC Free-Financing Universal Merchant AAT-R7GXNZWISTRFA,Amazon PLCC Free-Financing Universal Merchant AAT-EOKPWFWYW7Y6I,Amazon PLCC Free-Financing Universal Merchant AAT-ZYL5UPUNW6T62,Amazon PLCC Free-Financing Universal Merchant AAT-G5ZRX4BZOIODU,Amazon PLCC Free-Financing Universal Merchant AAT-P3CSUAK4HTEP2,Amazon PLCC Free-Financing Universal Merchant AAT-YFJA6XMAMWZSK,Amazon PLCC Free-Financing Universal Merchant AAT-K66BSCE2J2V5E,Amazon PLCC Free-Financing Universal Merchant AAT-TNYBHEAO7HOHO,Amazon PLCC Free-Financing Universal Merchant AAT-BRSZZ45H6MHAO,Amazon PLCC Free-Financing Universal Merchant AAT-MKLXOOZWQL7GO,Amazon PLCC Free-Financing Universal Merchant AAT-CB7UNXEXGIJTC,Amazon PLCC Free-Financing Universal Merchant #MP-gzasho-1593152694811,Amazon PLCC Free-Financing Universal Merchant AAT-WLBA4GZ52EAH4,Amazon PLCC Free-Financing Universal Merchant AAT-QMFZ3M7T5NPDS,Amazon PLCC Free-Financing Universal Merchant #MP-pmilan-1601980554292",False,Easy Ship,
113342,171-8079416-8705960,06-11-22,Shipped,Amazon,Amazon.in,Expedited,JNE3797,JNE3797-KR-A-S,Western Dress,S,B09TH4H7T2,Shipped,1,INR,725.0,BANGALORE,KARNATAKA,560093.0,IN,IN Core Free Shipping 2015/04/08 23-48-5-108,False,,False
24210,403-6992955-5888361,04-16-22,Shipped,Amazon,Amazon.in,Expedited,JNE3510,JNE3510-KR-XXL,kurta,XXL,B08WQ1W4JV,Shipped,1,INR,442.0,MUMBAI,MAHARASHTRA,400071.0,IN,,False,,
5799,405-5193554-2899520,04-27-22,Shipped,Amazon,Amazon.in,Expedited,SET405,SET405-KR-NP-M,Set,M,B09QJ5M6TW,Shipped,1,INR,725.0,Chennai,TAMIL NADU,600037.0,IN,IN Core Free Shipping 2015/04/08 23-48-5-108,False,,
28098,407-2021885-1820339,04-14-22,Shipped,Amazon,Amazon.in,Expedited,SET094,SET094-KR-NP-XL,Set,XL,B07S3J1W8X,Shipped,1,INR,758.0,NEW DELHI,DELHI,110062.0,IN,IN Core Free Shipping 2015/04/08 23-48-5-108,False,,
75576,405-0084646-8488304,05-10-22,Shipped - Delivered to Buyer,Merchant,Amazon.in,Standard,JNE3797,JNE3797-KR-S,Western Dress,S,B09SDYQ3WG,Shipped,1,INR,771.0,BENGALURU,KARNATAKA,560012.0,IN,"Amazon PLCC Free-Financing Universal Merchant AAT-WNKTBO3K27EJC,Amazon PLCC Free-Financing Universal Merchant AAT-QX3UCCJESKPA2,Amazon PLCC Free-Financing Universal Merchant AAT-5QQ7BIYYQEDN2,Amazon PLCC Free-Financing Universal Merchant AAT-DSJ2QRXXWXVMQ,Amazon PLCC Free-Financing Universal Merchant AAT-CXJHMC2YJUK76,Amazon PLCC Free-Financing Universal Merchant AAT-CC4FAVTYR4X7C,Amazon PLCC Free-Financing Universal Merchant AAT-FYWJCQHU2XQ2U,Amazon PLCC Free-Financing Universal Merchant AAT-EOKPWFWYW7Y6I,Amazon PLCC Free-Financing Universal Merchant AAT-URPEBMPS7TSPE,Amazon PLCC Free-Financing Universal Merchant AAT-5ZEB2OGNZ32MC,Amazon PLCC Free-Financing Universal Merchant AAT-ZF7YE6D3FPHMI,Amazon PLCC Free-Financing Universal Merchant AAT-TNYHCYLOWRIHK,Amazon PLCC Free-Financing Universal Merchant AAT-TNYBHEAO7HOHO,Amazon PLCC Free-Financing Universal Merchant AAT-BRSZZ45H6MHAO,Amazon PLCC Free-Financing Universal Merchant AAT-MKLXOOZWQL7GO,Amazon PLCC Free-Financing Universal Merchant AAT-CB7UNXEXGIJTC,Amazon PLCC Free-Financing Universal Merchant #MP-gzasho-1593152694811,Amazon PLCC Free-Financing Universal Merchant AAT-WLBA4GZ52EAH4,Amazon PLCC Free-Financing Universal Merchant AAT-QMFZ3M7T5NPDS,Amazon PLCC Free-Financing Universal Merchant #MP-pmilan-1601980554292",False,Easy Ship,False
14370,402-8632342-1390733,04-21-22,Cancelled,Amazon,Amazon.in,Expedited,JNE3065,JNE3065-KR-XL,kurta,XL,B07HWVCR9H,Cancelled,0,,,PATNA,BIHAR,800004.0,IN,,False,,
34525,408-0680934-7050711,04-10-22,Cancelled,Merchant,Amazon.in,Standard,J0239,J0239-SKD-XXL,Set,XXL,B0925XD2Q6,,0,,,SILCHAR,ASSAM,788006.0,IN,,False,Easy Ship,
98526,171-4097061-7787564,06-22-22,Shipped - Picked Up,Merchant,Amazon.in,Standard,SET183,SET183-KR-DH-M,Set,M,B08B3Z2YY3,Shipped,1,INR,759.0,TIRUNELVELI,TAMIL NADU,627011.0,IN,"Amazon PLCC Free-Financing Universal Merchant AAT-WNKTBO3K27EJC,Amazon PLCC Free-Financing Universal Merchant AAT-QX3UCCJESKPA2,Amazon PLCC Free-Financing Universal Merchant AAT-5QQ7BIYYQEDN2,Amazon PLCC Free-Financing Universal Merchant AAT-DSJ2QRXXWXVMQ,Amazon PLCC Free-Financing Universal Merchant AAT-CXJHMC2YJUK76,Amazon PLCC Free-Financing Universal Merchant AAT-CC4FAVTYR4X7C,Amazon PLCC Free-Financing Universal Merchant AAT-EWAPBB6BDRGM6,Amazon PLCC Free-Financing Universal Merchant AAT-EOKPWFWYW7Y6I,Amazon PLCC Free-Financing Universal Merchant AAT-NT3ZJJGQ3JK3Q,Amazon PLCC Free-Financing Universal Merchant AAT-7IFG6TWAZNCBQ,Amazon PLCC Free-Financing Universal Merchant AAT-BOWEMQBNNNHBK,Amazon PLCC Free-Financing Universal Merchant AAT-SKYXW7T3UZBGO,Amazon PLCC Free-Financing Universal Merchant AAT-ONHQI6RQUNGB6,Amazon PLCC Free-Financing Universal Merchant AAT-UFMRPWCRGE2ZM,Amazon PLCC Free-Financing Universal Merchant AAT-SF4YGC5K3O574,Amazon PLCC Free-Financing Universal Merchant AAT-SUBB5QVZKACYG,Amazon PLCC Free-Financing Universal Merchant AAT-CF5ZF57364I7G,Amazon PLCC Free-Financing Universal Merchant AAT-TNYBHEAO7HOHO,Amazon PLCC Free-Financing Universal Merchant AAT-BRSZZ45H6MHAO,Amazon PLCC Free-Financing Universal Merchant AAT-MKLXOOZWQL7GO,Amazon PLCC Free-Financing Universal Merchant AAT-CB7UNXEXGIJTC,Amazon PLCC Free-Financing Universal Merchant #MP-gzasho-1593152694811,Amazon PLCC Free-Financing Universal Merchant AAT-WLBA4GZ52EAH4,Amazon PLCC Free-Financing Universal Merchant AAT-QMFZ3M7T5NPDS,Amazon PLCC Free-Financing Universal Merchant #MP-pmilan-1601980554292",False,Easy Ship,False
111942,407-5670494-5879541,06-12-22,Cancelled,Merchant,Amazon.in,Standard,J0003,J0003-SET-M,Set,M,B0894XH3LN,,0,INR,632.38,BHOPAL,MADHYA PRADESH,462001.0,IN,,False,Easy Ship,False
41958,405-8808124-3469929,04-05-22,Shipped,Amazon,Amazon.in,Expedited,JNE3757,JNE3757-KR-M,kurta,M,B099NQ9RLG,Shipped,1,INR,481.0,TADONG,SIKKIM,737102.0,IN,IN Core Free Shipping 2015/04/08 23-48-5-108,False,,
48816,404-7798801-9491545,04-01-22,Shipped - Delivered to Buyer,Merchant,Amazon.in,Standard,JNE3404,JNE3404-KR-M,kurta,M,B082W7T8ZY,Shipped,1,INR,481.0,KOLKATA,WEST BENGAL,700082.0,IN,"Amazon PLCC Free-Financing Universal Merchant AAT-WNKTBO3K27EJC,Amazon PLCC Free-Financing Universal Merchant AAT-QX3UCCJESKPA2,Amazon PLCC Free-Financing Universal Merchant AAT-CXJHMC2YJUK76,Amazon PLCC Free-Financing Universal Merchant AAT-SL3Y2YRMAUNFC,Amazon PLCC Free-Financing Universal Merchant AAT-CC4FAVTYR4X7C,Amazon PLCC Free-Financing Universal Merchant AAT-XXRCW6NZEPZI4,Amazon PLCC Free-Financing Universal Merchant AAT-WSJLDN3X7KEMO,Amazon PLCC Free-Financing Universal Merchant AAT-VL6FGQVGQVXUS,Amazon PLCC Free-Financing Universal Merchant AAT-EOKPWFWYW7Y6I,Amazon PLCC Free-Financing Universal Merchant AAT-G5ZRX4BZOIODU,Amazon PLCC Free-Financing Universal Merchant AAT-ACZIPIA37BFIY,Amazon PLCC Free-Financing Universal Merchant AAT-YFJA6XMAMWZSK,Amazon PLCC Free-Financing Universal Merchant AAT-K66BSCE2J2V5E,Amazon PLCC Free-Financing Universal Merchant AAT-DFM4OAAQ3RGPM,Amazon PLCC Free-Financing Universal Merchant AAT-BRSZZ45H6MHAO,Amazon PLCC Free-Financing Universal Merchant AAT-MKLXOOZWQL7GO,Amazon PLCC Free-Financing Universal Merchant AAT-CB7UNXEXGIJTC,Amazon PLCC Free-Financing Universal Merchant #MP-gzasho-1593152694811,Amazon PLCC Free-Financing Universal Merchant AAT-WLBA4GZ52EAH4",False,Easy Ship,
67485,406-9722415-0299534,05-17-22,Shipped,Amazon,Amazon.in,Expedited,JNE3554,JNE3554-KR-S,kurta,S,B08MXBHG7Q,Shipped,1,INR,517.0,CHENNAI,TAMIL NADU,600090.0,IN,IN Core Free Shipping 2015/04/08 23-48-5-108,False,,False
123521,405-9529194-0353152,06-04-22,Shipped - Delivered to Buyer,Merchant,Amazon.in,Standard,SET363,SET363-KR-NP-XL,Set,XL,B09TH6N96L,Shipped,1,INR,1149.0,NEW DELHI,DELHI,110075.0,IN,"Amazon PLCC Free-Financing Universal Merchant AAT-WNKTBO3K27EJC,Amazon PLCC Free-Financing Universal Merchant AAT-QX3UCCJESKPA2,Amazon PLCC Free-Financing Universal Merchant AAT-5QQ7BIYYQEDN2,Amazon PLCC Free-Financing Universal Merchant AAT-DSJ2QRXXWXVMQ,Amazon PLCC Free-Financing Universal Merchant AAT-CXJHMC2YJUK76,Amazon PLCC Free-Financing Universal Merchant AAT-CC4FAVTYR4X7C,Amazon PLCC Free-Financing Universal Merchant AAT-EWAPBB6BDRGM6,Amazon PLCC Free-Financing Universal Merchant AAT-EOKPWFWYW7Y6I,Amazon PLCC Free-Financing Universal Merchant AAT-NT3ZJJGQ3JK3Q,Amazon PLCC Free-Financing Universal Merchant AAT-Z7SKZOEIDWRU4,Amazon PLCC Free-Financing Universal Merchant AAT-5QNBXTEQWGXOW,Amazon PLCC Free-Financing Universal Merchant AAT-BRSZZ45H6MHAO,Amazon PLCC Free-Financing Universal Merchant AAT-MKLXOOZWQL7GO,Amazon PLCC Free-Financing Universal Merchant AAT-CB7UNXEXGIJTC,Amazon PLCC Free-Financing Universal Merchant #MP-gzasho-1593152694811,Amazon PLCC Free-Financing Universal Merchant AAT-WLBA4GZ52EAH4",False,Easy Ship,False
98175,408-3482833-1970751,06-23-22,Shipped,Amazon,Amazon.in,Expedited,JNE3733,JNE3733-KR-XXXL,kurta,3XL,B09KXQ1BP9,Shipped,1,INR,525.0,VISAKHAPATNAM,ANDHRA PRADESH,530051.0,IN,IN Core Free Shipping 2015/04/08 23-48-5-108,False,,False
59927,407-5836738-6703523,05-23-22,Shipped,Amazon,Amazon.in,Expedited,JNE3373,JNE3373-KR-M,kurta,M,B082W8F8P3,Shipped,1,INR,382.0,PUNE,MAHARASHTRA,411041.0,IN,IN Core Free Shipping 2015/04/08 23-48-5-108,False,,False
49295,402-3625826-8126751,05-31-22,Shipped,Amazon,Amazon.in,Expedited,JNE3698,JNE3698-KR-L,kurta,L,B09813S388,Shipped,1,INR,399.0,BENGALURU,KARNATAKA,560082.0,IN,IN Core Free Shipping 2015/04/08 23-48-5-108,False,,False
17405,407-1144192-6166746,04-20-22,Shipped,Amazon,Amazon.in,Expedited,SET331,SET331-KR-NP-L,Set,L,B09NQ4XYV9,Shipped,1,INR,597.0,NEW DELHI,DELHI,110063.0,IN,IN Core Free Shipping 2015/04/08 23-48-5-108,False,,
59578,402-8165095-2613162,05-23-22,Cancelled,Amazon,Amazon.in,Expedited,JNE3560,JNE3560-KR-M,kurta,M,B08PCVMF6R,Unshipped,1,INR,544.0,HYDERABAD,TELANGANA,500028.0,IN,,False,,False
89304,171-5885037-7599535,05-01-22,Shipped - Delivered to Buyer,Merchant,Amazon.in,Standard,JNE3608,JNE3608-KR-L,kurta,L,B08TH4MQD2,Shipped,1,INR,362.0,NAGAMALAIPUDUKOTTAI,TAMIL NADU,625019.0,IN,"Amazon PLCC Free-Financing Universal Merchant AAT-WNKTBO3K27EJC,Amazon PLCC Free-Financing Universal Merchant AAT-QX3UCCJESKPA2,Amazon PLCC Free-Financing Universal Merchant AAT-5QQ7BIYYQEDN2,Amazon PLCC Free-Financing Universal Merchant AAT-DSJ2QRXXWXVMQ,Amazon PLCC Free-Financing Universal Merchant AAT-CXJHMC2YJUK76,Amazon PLCC Free-Financing Universal Merchant AAT-CC4FAVTYR4X7C,Amazon PLCC Free-Financing Universal Merchant AAT-FYWJCQHU2XQ2U,Amazon PLCC Free-Financing Universal Merchant AAT-EOKPWFWYW7Y6I,Amazon PLCC Free-Financing Universal Merchant AAT-3R6UGYISJQCKA,Amazon PLCC Free-Financing Universal Merchant AAT-BRSZZ45H6MHAO,Amazon PLCC Free-Financing Universal Merchant AAT-MKLXOOZWQL7GO,Amazon PLCC Free-Financing Universal Merchant AAT-CB7UNXEXGIJTC,Amazon PLCC Free-Financing Universal Merchant #MP-gzasho-1593152694811,Amazon PLCC Free-Financing Universal Merchant AAT-WLBA4GZ52EAH4",False,Easy Ship,False
9709,407-9263008-3805108,04-24-22,Cancelled,Merchant,Amazon.in,Standard,NW004,NW004-TP-PJ-XXXL,Set,3XL,B0922T745K,,0,INR,472.38,GOKAK,KARNATAKA,591307.0,IN,,False,Easy Ship,
28017,404-2633243-6430761,04-14-22,Shipped - Delivered to Buyer,Merchant,Amazon.in,Standard,SET282,SET282-KR-PP-XXL,Set,XXL,B09CTF82YW,Shipped,1,INR,1033.0,RANCHI,JHARKHAND,834008.0,IN,"Amazon PLCC Free-Financing Universal Merchant AAT-WNKTBO3K27EJC,Amazon PLCC Free-Financing Universal Merchant AAT-QX3UCCJESKPA2,Amazon PLCC Free-Financing Universal Merchant AAT-CXJHMC2YJUK76,Amazon PLCC Free-Financing Universal Merchant AAT-CC4FAVTYR4X7C,Amazon PLCC Free-Financing Universal Merchant AAT-XXRCW6NZEPZI4,Amazon PLCC Free-Financing Universal Merchant AAT-CXNSLNBROFDW4,Amazon PLCC Free-Financing Universal Merchant AAT-R7GXNZWISTRFA,Amazon PLCC Free-Financing Universal Merchant AAT-WSJLDN3X7KEMO,Amazon PLCC Free-Financing Universal Merchant AAT-VL6FGQVGQVXUS,Amazon PLCC Free-Financing Universal Merchant AAT-EOKPWFWYW7Y6I,Amazon PLCC Free-Financing Universal Merchant AAT-ZYL5UPUNW6T62,Amazon PLCC Free-Financing Universal Merchant AAT-G5ZRX4BZOIODU,Amazon PLCC Free-Financing Universal Merchant AAT-P3CSUAK4HTEP2,Amazon PLCC Free-Financing Universal Merchant AAT-ACZIPIA37BFIY,Amazon PLCC Free-Financing Universal Merchant AAT-LMLYJV5SYVNDA,Amazon PLCC Free-Financing Universal Merchant AAT-4UKS7UWZY3AES,Amazon PLCC Free-Financing Universal Merchant AAT-PZHUW6DZX4BPS,Amazon PLCC Free-Financing Universal Merchant AAT-AWMMZNGS33JGQ,Amazon PLCC Free-Financing Universal Merchant AAT-BRSZZ45H6MHAO,Amazon PLCC Free-Financing Universal Merchant AAT-MKLXOOZWQL7GO,Amazon PLCC Free-Financing Universal Merchant AAT-CB7UNXEXGIJTC,Amazon PLCC Free-Financing Universal Merchant #MP-gzasho-1593152694811,Amazon PLCC Free-Financing Universal Merchant AAT-WLBA4GZ52EAH4",False,Easy Ship,
70896,408-1524423-6465127,05-14-22,Shipped,Amazon,Amazon.in,Standard,NW034,NW034-TP-PJ-XXL,Set,XXL,B09M768N86,Shipped,1,INR,0.0,JALANDHAR,PUNJAB,144003.0,IN,,False,,False
13618,407-3128514-8733123,04-22-22,Shipped,Amazon,Amazon.in,Expedited,JNE3440,JNE3440-KR-N-S,kurta,S,B081X5WHHT,Shipped,1,INR,399.0,GUWAHATI,ASSAM,781020.0,IN,,False,,
36574,171-2609938-5399538,04-08-22,Shipped - Delivered to Buyer,Merchant,Amazon.in,Standard,MEN5021,MEN5021-KR-L,kurta,L,B08YYZNNWM,Shipped,1,INR,533.0,BICHOLIM,GOA,403504.0,IN,"Amazon PLCC Free-Financing Universal Merchant AAT-WNKTBO3K27EJC,Amazon PLCC Free-Financing Universal Merchant AAT-QX3UCCJESKPA2,Amazon PLCC Free-Financing Universal Merchant AAT-CXJHMC2YJUK76,Amazon PLCC Free-Financing Universal Merchant AAT-CC4FAVTYR4X7C,Amazon PLCC Free-Financing Universal Merchant AAT-XXRCW6NZEPZI4,Amazon PLCC Free-Financing Universal Merchant AAT-EOKPWFWYW7Y6I,Amazon PLCC Free-Financing Universal Merchant AAT-ZYL5UPUNW6T62,Amazon PLCC Free-Financing Universal Merchant AAT-G5ZRX4BZOIODU,Amazon PLCC Free-Financing Universal Merchant AAT-YFJA6XMAMWZSK,Amazon PLCC Free-Financing Universal Merchant AAT-K66BSCE2J2V5E,Amazon PLCC Free-Financing Universal Merchant AAT-NJKZEPFSHB7RC,Amazon PLCC Free-Financing Universal Merchant AAT-275LMAQ3T5REI,Amazon PLCC Free-Financing Universal Merchant AAT-TNYBHEAO7HOHO,Amazon PLCC Free-Financing Universal Merchant AAT-BRSZZ45H6MHAO,Amazon PLCC Free-Financing Universal Merchant AAT-MKLXOOZWQL7GO,Amazon PLCC Free-Financing Universal Merchant AAT-CB7UNXEXGIJTC,Amazon PLCC Free-Financing Universal Merchant #MP-gzasho-1593152694811,Amazon PLCC Free-Financing Universal Merchant AAT-WLBA4GZ52EAH4,Amazon PLCC Free-Financing Universal Merchant AAT-QMFZ3M7T5NPDS,Amazon PLCC Free-Financing Universal Merchant #MP-pmilan-1601980554292",False,Easy Ship,
68246,404-6254589-3706718,05-16-22,Shipped,Amazon,Amazon.in,Expedited,J0344,J0344-TP-XS,Top,XS,B0986XVY18,Shipped,1,INR,574.0,BENGALURU,KARNATAKA,560097.0,IN,,False,,False
39546,171-8341647-1431502,04-06-22,Shipped - Delivered to Buyer,Merchant,Amazon.in,Standard,JNE3440,JNE3440-KR-N-XXXL,kurta,3XL,B09HMTKV2L,Shipped,1,INR,399.0,PONKUNNAM,KERALA,686504.0,IN,"Amazon PLCC Free-Financing Universal Merchant AAT-WNKTBO3K27EJC,Amazon PLCC Free-Financing Universal Merchant AAT-QX3UCCJESKPA2,Amazon PLCC Free-Financing Universal Merchant AAT-CXJHMC2YJUK76,Amazon PLCC Free-Financing Universal Merchant AAT-CC4FAVTYR4X7C,Amazon PLCC Free-Financing Universal Merchant AAT-XXRCW6NZEPZI4,Amazon PLCC Free-Financing Universal Merchant AAT-EOKPWFWYW7Y6I,Amazon PLCC Free-Financing Universal Merchant AAT-ZYL5UPUNW6T62,Amazon PLCC Free-Financing Universal Merchant AAT-G5ZRX4BZOIODU,Amazon PLCC Free-Financing Universal Merchant AAT-YFJA6XMAMWZSK,Amazon PLCC Free-Financing Universal Merchant AAT-K66BSCE2J2V5E,Amazon PLCC Free-Financing Universal Merchant AAT-275LMAQ3T5REI,Amazon PLCC Free-Financing Universal Merchant AAT-EPSXIT4LWLKXC,Amazon PLCC Free-Financing Universal Merchant AAT-BRSZZ45H6MHAO,Amazon PLCC Free-Financing Universal Merchant AAT-MKLXOOZWQL7GO,Amazon PLCC Free-Financing Universal Merchant AAT-CB7UNXEXGIJTC,Amazon PLCC Free-Financing Universal Merchant #MP-gzasho-1593152694811,Amazon PLCC Free-Financing Universal Merchant AAT-WLBA4GZ52EAH4",False,Easy Ship,
36118,402-5529131-8667543,04-09-22,Shipped,Amazon,Amazon.in,Expedited,J0157,J0157-DR-XXL,Western Dress,XXL,B0982YZ51B,Shipped,1,INR,588.0,KANCHIPURAM,TAMIL NADU,600056.0,IN,IN Core Free Shipping 2015/04/08 23-48-5-108,False,,
124064,404-9233338-7496301,06-04-22,Shipped,Amazon,Amazon.in,Expedited,JNE3862,JNE3862-TU-XL,Top,XL,B09Y3BRWN9,Shipped,1,INR,836.0,IMPHAL,MANIPUR,795001.0,IN,IN Core Free Shipping 2015/04/08 23-48-5-108,False,,False
90873,404-8512451-9758722,05-01-22,Shipped,Amazon,Amazon.in,Expedited,J0008,J0008-SKD-XL,Set,XL,B0894X711G,Shipped,1,INR,1133.0,THANE,MAHARASHTRA,400607.0,IN,,False,,False
11335,403-6544378-0883534,04-23-22,Shipped - Delivered to Buyer,Merchant,Amazon.in,Standard,JNE3405,JNE3405-KR-M,kurta,M,B081WVMMCY,Shipped,1,INR,399.0,LUCKNOW,UTTAR PRADESH,226002.0,IN,"Amazon PLCC Free-Financing Universal Merchant AAT-WNKTBO3K27EJC,Amazon PLCC Free-Financing Universal Merchant AAT-QX3UCCJESKPA2,Amazon PLCC Free-Financing Universal Merchant AAT-5QQ7BIYYQEDN2,Amazon PLCC Free-Financing Universal Merchant AAT-DSJ2QRXXWXVMQ,Amazon PLCC Free-Financing Universal Merchant AAT-CXJHMC2YJUK76,Amazon PLCC Free-Financing Universal Merchant AAT-CC4FAVTYR4X7C,Amazon PLCC Free-Financing Universal Merchant AAT-XXRCW6NZEPZI4,Amazon PLCC Free-Financing Universal Merchant AAT-EOKPWFWYW7Y6I,Amazon PLCC Free-Financing Universal Merchant AAT-G5ZRX4BZOIODU,Amazon PLCC Free-Financing Universal Merchant AAT-PZHUW6DZX4BPS,Amazon PLCC Free-Financing Universal Merchant AAT-ETXQ3XXWMRXBG,Amazon PLCC Free-Financing Universal Merchant AAT-BRSZZ45H6MHAO,Amazon PLCC Free-Financing Universal Merchant AAT-MKLXOOZWQL7GO,Amazon PLCC Free-Financing Universal Merchant AAT-CB7UNXEXGIJTC,Amazon PLCC Free-Financing Universal Merchant #MP-gzasho-1593152694811,Amazon PLCC Free-Financing Universal Merchant AAT-WLBA4GZ52EAH4",False,Easy Ship,
27977,406-2990027-4076333,04-14-22,Shipped,Amazon,Amazon.in,Expedited,J0341,J0341-DR-XL,Western Dress,XL,B099NQJZPQ,Shipped,1,INR,744.0,NEW DELHI,DELHI,110032.0,IN,IN Core Free Shipping 2015/04/08 23-48-5-108,False,,
68717,404-1817520-6707565,05-16-22,Shipped,Amazon,Amazon.in,Expedited,J0332,J0332-DR-XS,Western Dress,XS,B09LM82F69,Shipped,1,INR,668.0,SIDHPUR,Gujarat,384151.0,IN,IN Core Free Shipping 2015/04/08 23-48-5-108,False,,False
65005,171-8261989-4432331,05-19-22,Shipped - Delivered to Buyer,Merchant,Amazon.in,Standard,SET209,SET209-KR-PP-XXL,Set,XXL,B099WXZ2R9,Shipped,1,INR,523.0,DURGAPUR,WEST BENGAL,713216.0,IN,"Amazon PLCC Free-Financing Universal Merchant AAT-WNKTBO3K27EJC,Amazon PLCC Free-Financing Universal Merchant AAT-QX3UCCJESKPA2,Amazon PLCC Free-Financing Universal Merchant AAT-5QQ7BIYYQEDN2,Amazon PLCC Free-Financing Universal Merchant AAT-DSJ2QRXXWXVMQ,Amazon PLCC Free-Financing Universal Merchant AAT-CXJHMC2YJUK76,Amazon PLCC Free-Financing Universal Merchant AAT-CC4FAVTYR4X7C,Amazon PLCC Free-Financing Universal Merchant AAT-FYWJCQHU2XQ2U,Amazon PLCC Free-Financing Universal Merchant AAT-EOKPWFWYW7Y6I,Amazon PLCC Free-Financing Universal Merchant AAT-URPEBMPS7TSPE,Amazon PLCC Free-Financing Universal Merchant AAT-5ZEB2OGNZ32MC,Amazon PLCC Free-Financing Universal Merchant AAT-BAO77QKKMJQIM,Amazon PLCC Free-Financing Universal Merchant AAT-4ZN7U6MMDFGWM,Amazon PLCC Free-Financing Universal Merchant AAT-PAWHL2EB33U42,Amazon PLCC Free-Financing Universal Merchant AAT-7WX4JYESZISLU,Amazon PLCC Free-Financing Universal Merchant AAT-CIX56SGGAWUYW,Amazon PLCC Free-Financing Universal Merchant AAT-DMQVBJASKTAHS,Amazon PLCC Free-Financing Universal Merchant AAT-TNYBHEAO7HOHO,Amazon PLCC Free-Financing Universal Merchant AAT-BRSZZ45H6MHAO,Amazon PLCC Free-Financing Universal Merchant AAT-MKLXOOZWQL7GO,Amazon PLCC Free-Financing Universal Merchant AAT-CB7UNXEXGIJTC,Amazon PLCC Free-Financing Universal Merchant #MP-gzasho-1593152694811,Amazon PLCC Free-Financing Universal Merchant AAT-WLBA4GZ52EAH4,Amazon PLCC Free-Financing Universal Merchant AAT-QMFZ3M7T5NPDS,Amazon PLCC Free-Financing Universal Merchant #MP-pmilan-1601980554292",False,Easy Ship,False
113070,406-5099026-7925125,06-11-22,Cancelled,Merchant,Amazon.in,Standard,SET384,SET384-KR-NP-XXL,Set,XXL,B09K3Q4421,,0,INR,570.48,KANPUR NAGAR,UTTAR PRADESH,208012.0,IN,,False,Easy Ship,False
12345,403-3526557-0070728,04-23-22,Cancelled,Amazon,Amazon.in,Expedited,J0343,J0343-DR-XXXL,Western Dress,3XL,B098314S8L,Unshipped,1,INR,744.0,GREATER NOIDA,UTTAR PRADESH,201310.0,IN,,False,,
90340,171-3532416-6046762,05-01-22,Cancelled,Merchant,Amazon.in,Standard,JNE3784,JNE3784-KR-XS,kurta,XS,B09K3X66GN,,0,INR,463.81,CHHIBRAMAU,UTTAR PRADESH,209721.0,IN,,False,Easy Ship,False
120176,407-7327342-1165952,06-06-22,Shipped,Amazon,Amazon.in,Expedited,J0230,J0230-SKD-XXL,Set,XXL,B08XNGQCGM,Shipped,1,INR,1163.0,BOLPUR,WEST BENGAL,731235.0,IN,IN Core Free Shipping 2015/04/08 23-48-5-108,False,,False
59240,402-9184695-4997150,05-24-22,Shipped,Amazon,Amazon.in,Expedited,JNE3518,JNE3518-KR-XL,kurta,XL,B08XW66LTH,Shipped,1,INR,487.0,PUNE,MAHARASHTRA,411002.0,IN,IN Core Free Shipping 2015/04/08 23-48-5-108,False,,False
6767,402-2039470-2933934,04-26-22,Shipped,Amazon,Amazon.in,Expedited,JNE3468,JNE3468-KR-XL,kurta,XL,B08RP67NGB,Shipped,1,INR,363.0,HYDERABAD,TELANGANA,500010.0,IN,,False,,
36278,406-4453736-8000301,04-09-22,Shipped,Amazon,Amazon.in,Expedited,J0341,J0341-DR-M,Western Dress,M,B099NQQ79L,Shipped,1,INR,744.0,BENGALURU,KARNATAKA,560037.0,IN,IN Core Free Shipping 2015/04/08 23-48-5-108,False,,
120458,403-1139448-1051552,06-06-22,Shipped,Amazon,Amazon.in,Expedited,SET348,SET348-KR-NP-XL,Set,XL,B09QJ68QLV,Shipped,1,INR,899.0,MUMBAI,MAHARASHTRA,400010.0,IN,IN Core Free Shipping 2015/04/08 23-48-5-108,False,,False
108915,171-1743097-8650726,06-14-22,Shipped,Amazon,Amazon.in,Expedited,J0008,J0008-SKD-M,Set,M,B0894YTN3H,Shipped,1,INR,1075.0,HYDERABAD,TELANGANA,500090.0,IN,,False,,False
5938,407-1804457-3609948,04-26-22,Shipped,Amazon,Amazon.in,Expedited,SET273,SET273-KR-NP-S,Set,S,B094FR7J54,Shipped,1,INR,612.0,MUMBAI,MAHARASHTRA,400013.0,IN,IN Core Free Shipping 2015/04/08 23-48-5-108,False,,
51297,405-1085502-3865932,05-30-22,Cancelled,Amazon,Amazon.in,Expedited,JNE3797,JNE3797-KR-XXXL,Western Dress,3XL,B09SDY4VDC,Cancelled,0,,,LUCKNOW,UTTAR PRADESH,226010.0,IN,,False,,False
10942,171-5627544-6225949,04-23-22,Shipped - Delivered to Buyer,Merchant,Amazon.in,Standard,J0341,J0341-DR-XXXL,Western Dress,3XL,B099NSQP4Z,Shipped,1,INR,744.0,MUMBAI,MAHARASHTRA,400022.0,IN,"Amazon PLCC Free-Financing Universal Merchant AAT-WNKTBO3K27EJC,Amazon PLCC Free-Financing Universal Merchant AAT-QX3UCCJESKPA2,Amazon PLCC Free-Financing Universal Merchant AAT-5QQ7BIYYQEDN2,Amazon PLCC Free-Financing Universal Merchant AAT-DSJ2QRXXWXVMQ,Amazon PLCC Free-Financing Universal Merchant AAT-CXJHMC2YJUK76,Amazon PLCC Free-Financing Universal Merchant AAT-CC4FAVTYR4X7C,Amazon PLCC Free-Financing Universal Merchant AAT-XXRCW6NZEPZI4,Amazon PLCC Free-Financing Universal Merchant AAT-EOKPWFWYW7Y6I,Amazon PLCC Free-Financing Universal Merchant AAT-ZYL5UPUNW6T62,Amazon PLCC Free-Financing Universal Merchant AAT-G5ZRX4BZOIODU,Amazon PLCC Free-Financing Universal Merchant AAT-PZHUW6DZX4BPS,Amazon PLCC Free-Financing Universal Merchant AAT-ETXQ3XXWMRXBG,Amazon PLCC Free-Financing Universal Merchant AAT-BRSZZ45H6MHAO,Amazon PLCC Free-Financing Universal Merchant AAT-MKLXOOZWQL7GO,Amazon PLCC Free-Financing Universal Merchant AAT-CB7UNXEXGIJTC,Amazon PLCC Free-Financing Universal Merchant #MP-gzasho-1593152694811,Amazon PLCC Free-Financing Universal Merchant AAT-WLBA4GZ52EAH4",False,Easy Ship,
102878,406-8753027-7311513,06-19-22,Shipped,Amazon,Amazon.in,Expedited,JNE3546,JNE3546-KR-XL,kurta,XL,B08HK5JSM1,Shipped,1,INR,468.0,KALYANI,WEST BENGAL,741235.0,IN,,False,,False
88392,403-7713859-8064319,05-02-22,Shipped,Amazon,Amazon.in,Expedited,JNE3620,JNE3620-KR-M,kurta,M,B091Q9FQ4B,Shipped,1,INR,329.0,BELAGAVI,KARNATAKA,590001.0,IN,IN Core Free Shipping 2015/04/08 23-48-5-108,False,,False
128115,406-5214982-2810764,06-01-22,Shipped,Amazon,Amazon.in,Expedited,J0008,J0008-SKD-XXXL,Set,3XL,B0894X8ND7,Shipped,1,INR,1075.0,MUMBAI,MAHARASHTRA,400101.0,IN,IN Core Free Shipping 2015/04/08 23-48-5-108,False,,False
7515,171-1561056-4214708,04-25-22,Shipped - Delivered to Buyer,Merchant,Amazon.in,Standard,J0113,J0113-TP-XXXL,Top,3XL,B08V1FF319,Shipped,1,INR,540.0,LUCKNOW,UTTAR PRADESH,226021.0,IN,"Amazon PLCC Free-Financing Universal Merchant AAT-WNKTBO3K27EJC,Amazon PLCC Free-Financing Universal Merchant AAT-QX3UCCJESKPA2,Amazon PLCC Free-Financing Universal Merchant AAT-5QQ7BIYYQEDN2,Amazon PLCC Free-Financing Universal Merchant AAT-DSJ2QRXXWXVMQ,Amazon PLCC Free-Financing Universal Merchant AAT-CXJHMC2YJUK76,Amazon PLCC Free-Financing Universal Merchant AAT-CC4FAVTYR4X7C,Amazon PLCC Free-Financing Universal Merchant AAT-XXRCW6NZEPZI4,Amazon PLCC Free-Financing Universal Merchant AAT-EOKPWFWYW7Y6I,Amazon PLCC Free-Financing Universal Merchant AAT-ZYL5UPUNW6T62,Amazon PLCC Free-Financing Universal Merchant AAT-G5ZRX4BZOIODU,Amazon PLCC Free-Financing Universal Merchant AAT-PZHUW6DZX4BPS,Amazon PLCC Free-Financing Universal Merchant AAT-ETXQ3XXWMRXBG,Amazon PLCC Free-Financing Universal Merchant AAT-7X3XCTYG64VBE,Amazon PLCC Free-Financing Universal Merchant AAT-7CHGD3WTS3MHM,Amazon PLCC Free-Financing Universal Merchant AAT-26ZDKNME27X42,Amazon PLCC Free-Financing Universal Merchant AAT-4ZF5KN6E4LJK4,Amazon PLCC Free-Financing Universal Merchant AAT-7RCXIKUAX7DDY,Amazon PLCC Free-Financing Universal Merchant AAT-BRSZZ45H6MHAO,Amazon PLCC Free-Financing Universal Merchant AAT-MKLXOOZWQL7GO,Amazon PLCC Free-Financing Universal Merchant AAT-CB7UNXEXGIJTC,Amazon PLCC Free-Financing Universal Merchant #MP-gzasho-1593152694811,Amazon PLCC Free-Financing Universal Merchant AAT-WLBA4GZ52EAH4",False,Easy Ship,
39777,171-8154432-0837142,04-06-22,Shipped,Amazon,Amazon.in,Expedited,JNE3567,JNE3567-KR-M,kurta,M,B08KRXV1QR,Shipped,1,INR,399.0,DEWAS,MADHYA PRADESH,455001.0,IN,IN Core Free Shipping 2015/04/08 23-48-5-108,False,,
72749,404-6855419-5633968,05-12-22,Shipped - Delivered to Buyer,Merchant,Amazon.in,Standard,J0285,J0285-SKD-M,Set,M,B08QGNW2H8,Shipped,1,INR,1523.0,MAZBAT,ASSAM,784507.0,IN,"Amazon PLCC Free-Financing Universal Merchant AAT-WNKTBO3K27EJC,Amazon PLCC Free-Financing Universal Merchant AAT-QX3UCCJESKPA2,Amazon PLCC Free-Financing Universal Merchant AAT-5QQ7BIYYQEDN2,Amazon PLCC Free-Financing Universal Merchant AAT-DSJ2QRXXWXVMQ,Amazon PLCC Free-Financing Universal Merchant AAT-CXJHMC2YJUK76,Amazon PLCC Free-Financing Universal Merchant AAT-CC4FAVTYR4X7C,Amazon PLCC Free-Financing Universal Merchant AAT-FYWJCQHU2XQ2U,Amazon PLCC Free-Financing Universal Merchant AAT-EOKPWFWYW7Y6I,Amazon PLCC Free-Financing Universal Merchant AAT-URPEBMPS7TSPE,Amazon PLCC Free-Financing Universal Merchant AAT-2MN4SWBDTUSNI,Amazon PLCC Free-Financing Universal Merchant AAT-4VFZUZS2EO5J2,Amazon PLCC Free-Financing Universal Merchant AAT-E4LY4VKBFF2NI,Amazon PLCC Free-Financing Universal Merchant AAT-BRSZZ45H6MHAO,Amazon PLCC Free-Financing Universal Merchant AAT-MKLXOOZWQL7GO,Amazon PLCC Free-Financing Universal Merchant AAT-CB7UNXEXGIJTC,Amazon PLCC Free-Financing Universal Merchant #MP-gzasho-1593152694811,Amazon PLCC Free-Financing Universal Merchant AAT-WLBA4GZ52EAH4",False,Easy Ship,False
14117,405-7884247-7258702,04-22-22,Shipped,Amazon,Amazon.in,Expedited,JNE3613,JNE3613-KR-L,kurta,L,B08XVFSDR2,Shipped,1,INR,399.0,NEW DELHI,DELHI,110092.0,IN,,False,,
126902,406-6601915-1794702,06-02-22,Shipped,Amazon,Amazon.in,Expedited,SET184,SET184-KR-PP-XS,Set,XS,B08W9F5KML,Shipped,1,INR,573.0,DIMAPUR,NAGALAND,797112.0,IN,IN Core Free Shipping 2015/04/08 23-48-5-108,False,,False
21729,171-2503868-5075540,04-17-22,Shipped,Amazon,Amazon.in,Expedited,JNE3399,JNE3399-KR-S,kurta,S,B082W87NQF,Shipped,1,INR,435.0,NEW DELHI,DELHI,110049.0,IN,IN Core Free Shipping 2015/04/08 23-48-5-108,False,,
23962,406-8062655-1560345,04-16-22,Shipped,Amazon,Amazon.in,Expedited,JNE3440,JNE3440-KR-N-L,kurta,L,B081X7JHBC,Shipped,1,INR,399.0,RAIA,GOA,403720.0,IN,IN Core Free Shipping 2015/04/08 23-48-5-108,False,,
90597,403-2635472-0559548,05-01-22,Shipped - Delivered to Buyer,Merchant,Amazon.in,Standard,JNE3311,JNE3311-KR-M,kurta,M,B07SNP2Z5V,Shipped,1,INR,599.0,RAIGARH,MAHARASHTRA,410206.0,IN,"Amazon PLCC Free-Financing Universal Merchant AAT-WNKTBO3K27EJC,Amazon PLCC Free-Financing Universal Merchant AAT-QX3UCCJESKPA2,Amazon PLCC Free-Financing Universal Merchant AAT-5QQ7BIYYQEDN2,Amazon PLCC Free-Financing Universal Merchant AAT-DSJ2QRXXWXVMQ,Amazon PLCC Free-Financing Universal Merchant AAT-CXJHMC2YJUK76,Amazon PLCC Free-Financing Universal Merchant AAT-CC4FAVTYR4X7C,Amazon PLCC Free-Financing Universal Merchant AAT-FYWJCQHU2XQ2U,Amazon PLCC Free-Financing Universal Merchant AAT-CXNSLNBROFDW4,Amazon PLCC Free-Financing Universal Merchant AAT-WSJLDN3X7KEMO,Amazon PLCC Free-Financing Universal Merchant AAT-VL6FGQVGQVXUS,Amazon PLCC Free-Financing Universal Merchant AAT-EOKPWFWYW7Y6I,Amazon PLCC Free-Financing Universal Merchant AAT-XVPICCHRWDCAI,Amazon PLCC Free-Financing Universal Merchant AAT-URPEBMPS7TSPE,Amazon PLCC Free-Financing Universal Merchant SS-1651121388986,Amazon PLCC Free-Financing Universal Merchant AAT-3R6UGYISJQCKA,Amazon PLCC Free-Financing Universal Merchant AAT-BRSZZ45H6MHAO,Amazon PLCC Free-Financing Universal Merchant AAT-MKLXOOZWQL7GO,Amazon PLCC Free-Financing Universal Merchant AAT-CB7UNXEXGIJTC,Amazon PLCC Free-Financing Universal Merchant #MP-gzasho-1593152694811,Amazon PLCC Free-Financing Universal Merchant AAT-WLBA4GZ52EAH4",False,Easy Ship,False
115291,407-2815029-6914746,06-10-22,Shipped,Amazon,Amazon.in,Expedited,SET408,SET408-KR-NP-XL,Set,XL,B09RKDJX6S,Shipped,1,INR,499.0,Chennai,TAMIL NADU,600092.0,IN,IN Core Free Shipping 2015/04/08 23-48-5-108,False,,False
36906,403-6135698-6021160,04-08-22,Shipped,Amazon,Amazon.in,Expedited,JNE3691,JNE3691-TU-XL,Top,XL,B0986XQG53,Shipped,1,INR,665.0,KESINGA,ODISHA,766012.0,IN,IN Core Free Shipping 2015/04/08 23-48-5-108,False,,
120790,405-2080013-9663553,06-06-22,Shipped,Amazon,Amazon.in,Expedited,JNE3797,JNE3797-KR-XS,Western Dress,XS,B09SDY9SQ6,Shipped,1,INR,735.0,BENGALURU,KARNATAKA,560067.0,IN,IN Core Free Shipping 2015/04/08 23-48-5-108,False,,False
112528,171-1398160-2602724,06-12-22,Cancelled,Amazon,Amazon.in,Expedited,SET293,SET293-KR-NP-M,Set,M,B09K3LJWBB,Unshipped,1,INR,702.0,KOLKATA,WEST BENGAL,700015.0,IN,,False,,False
17486,171-6814245-8129123,04-20-22,Shipped,Amazon,Amazon.in,Expedited,JNE3373,JNE3373-KR-XXL,kurta,XXL,B082W8RWN1,Shipped,1,INR,376.0,SHIMLA,HIMACHAL PRADESH,171001.0,IN,IN Core Free Shipping 2015/04/08 23-48-5-108,False,,
89002,406-2680996-1859549,05-02-22,Shipped,Amazon,Amazon.in,Expedited,SET341,SET341-KR-NP-S,Set,S,B09NPWMVFT,Shipped,1,INR,899.0,BENGALURU,KARNATAKA,560029.0,IN,IN Core Free Shipping 2015/04/08 23-48-5-108,False,,False
50743,402-5756223-7178756,05-30-22,Shipped,Amazon,Amazon.in,Expedited,J0344,J0344-TP-M,Top,M,B0986XJDJ4,Shipped,1,INR,574.0,BENGALURU,KARNATAKA,560076.0,IN,,False,,False
126242,403-8465827-0298749,06-02-22,Shipped,Amazon,Amazon.in,Expedited,J0339,J0339-DR-XL,Western Dress,XL,B0982ZDB2S,Shipped,1,INR,786.0,THANE west,MAHARASHTRA,400615.0,IN,,False,,False
57583,402-1430544-6317918,05-25-22,Shipped,Amazon,Amazon.in,Expedited,JNE3412,JNE3412-KR-M,kurta,M,B0893DP1WQ,Shipped,1,INR,435.0,Devgad,MAHARASHTRA,416613.0,IN,,False,,False
93503,402-3592143-5422705,06-27-22,Shipped - Picked Up,Merchant,Amazon.in,Standard,SET347,SET347-KR-NP-XXL,Set,XXL,B09RKCWNYM,Shipped,1,INR,852.0,NAGROTA,JAMMU & KASHMIR,181221.0,IN,"Amazon PLCC Free-Financing Universal Merchant AAT-WNKTBO3K27EJC,Amazon PLCC Free-Financing Universal Merchant AAT-QX3UCCJESKPA2,Amazon PLCC Free-Financing Universal Merchant AAT-5QQ7BIYYQEDN2,Amazon PLCC Free-Financing Universal Merchant AAT-DSJ2QRXXWXVMQ,Amazon PLCC Free-Financing Universal Merchant AAT-CXJHMC2YJUK76,Amazon PLCC Free-Financing Universal Merchant AAT-SL3Y2YRMAUNFC,Amazon PLCC Free-Financing Universal Merchant AAT-CC4FAVTYR4X7C,Amazon PLCC Free-Financing Universal Merchant AAT-EWAPBB6BDRGM6,Amazon PLCC Free-Financing Universal Merchant AAT-WSJLDN3X7KEMO,Amazon PLCC Free-Financing Universal Merchant AAT-VL6FGQVGQVXUS,Amazon PLCC Free-Financing Universal Merchant AAT-EOKPWFWYW7Y6I,Amazon PLCC Free-Financing Universal Merchant AAT-NT3ZJJGQ3JK3Q,Amazon PLCC Free-Financing Universal Merchant AAT-AMKH7SAAONETC,Amazon PLCC Free-Financing Universal Merchant AAT-56XNPXK2K7OLI,Amazon PLCC Free-Financing Universal Merchant AAT-6XVEGAWJUJYXG,Amazon PLCC Free-Financing Universal Merchant AAT-BOWEMQBNNNHBK,Amazon PLCC Free-Financing Universal Merchant AAT-ONHQI6RQUNGB6,Amazon PLCC Free-Financing Universal Merchant AAT-UFMRPWCRGE2ZM,Amazon PLCC Free-Financing Universal Merchant AAT-SF4YGC5K3O574,Amazon PLCC Free-Financing Universal Merchant AAT-SUBB5QVZKACYG,Amazon PLCC Free-Financing Universal Merchant AAT-CF5ZF57364I7G,Amazon PLCC Free-Financing Universal Merchant AAT-BRSZZ45H6MHAO,Amazon PLCC Free-Financing Universal Merchant AAT-MKLXOOZWQL7GO,Amazon PLCC Free-Financing Universal Merchant AAT-CB7UNXEXGIJTC,Amazon PLCC Free-Financing Universal Merchant #MP-gzasho-1593152694811,Amazon PLCC Free-Financing Universal Merchant AAT-WLBA4GZ52EAH4",False,Easy Ship,False
109827,402-9994805-4024303,06-14-22,Shipped,Amazon,Amazon.in,Expedited,J0119,J0119-TP-XL,Top,XL,B08RYPWC3J,Shipped,1,INR,758.0,NEW DELHI,DELHI,110044.0,IN,,False,,False
42163,406-0050111-3796377,04-05-22,Cancelled,Amazon,Amazon.in,Expedited,JNE3313,JNE3313-KR-A-XXL,kurta,XXL,B07SMNGTKQ,Unshipped,1,INR,549.0,NEW DELHI,DELHI,110068.0,IN,,False,,
75289,405-1045353-3022768,05-10-22,Cancelled,Merchant,Amazon.in,Standard,SET098,SET098-KR-PP-L,Set,L,B07X3M5KLQ,,0,INR,722.86,BALURGHAT,WEST BENGAL,733101.0,IN,,False,Easy Ship,False
43980,171-6305874-0383551,04-04-22,Cancelled,Merchant,Amazon.in,Standard,MEN5004,MEN5004-KR-XL,kurta,XL,B08YZ19332,,0,INR,457.14,HYDERABAD,TELANGANA,500019.0,IN,,False,Easy Ship,
81498,407-4061016-9669926,05-06-22,Cancelled,Amazon,Amazon.in,Expedited,SET278,SET278-KR-NP-M,Set,M,B0983F3BLZ,Unshipped,1,INR,1432.0,GHAZIABAD,UTTAR PRADESH,201005.0,IN,,False,,False
68392,402-7736215-3983558,05-16-22,Shipped,Amazon,Amazon.in,Expedited,SET209,SET209-KR-PP-XXXL,Set,3XL,B099WXH67W,Shipped,1,INR,523.0,CHENNAI,TAMIL NADU,600015.0,IN,IN Core Free Shipping 2015/04/08 23-48-5-108,False,,False
62130,406-4630508-3422757,05-21-22,Shipped,Amazon,Amazon.in,Expedited,SET268,SET268-KR-NP-M,Set,M,B08XQ8R6GW,Shipped,1,INR,788.0,MUMBAI -400064,MAHARASHTRA,400064.0,IN,IN Core Free Shipping 2015/04/08 23-48-5-108,False,,False
37927,404-0112315-2151553,04-08-22,Shipped,Amazon,Amazon.in,Expedited,JNE3613,JNE3613-KR-XL,kurta,XL,B08XVKMPHJ,Shipped,1,INR,399.0,TUMAKURU,KARNATAKA,572104.0,IN,,False,,
31298,402-1458563-2999526,04-12-22,Shipped,Amazon,Amazon.in,Expedited,J0008,J0008-SKD-L,Set,L,B0894YB3B1,Shipped,1,INR,1133.0,Belagavi,KARNATAKA,590006.0,IN,IN Core Free Shipping 2015/04/08 23-48-5-108,False,,
109739,403-8397935-3189115,06-14-22,Shipped,Amazon,Amazon.in,Expedited,MEN5014,MEN5014-KR-L,kurta,L,B08YYTZRBY,Shipped,1,INR,665.0,Edappally,KERALA,682024.0,IN,IN Core Free Shipping 2015/04/08 23-48-5-108,False,,False
73119,405-7179408-4489137,05-12-22,Shipped - Delivered to Buyer,Merchant,Amazon.in,Standard,SET233,SET233-KR-PP-M,Set,M,B08MXFT72L,Shipped,1,INR,545.0,HYDERABAD,TELANGANA,500084.0,IN,"Amazon PLCC Free-Financing Universal Merchant AAT-WNKTBO3K27EJC,Amazon PLCC Free-Financing Universal Merchant AAT-QX3UCCJESKPA2,Amazon PLCC Free-Financing Universal Merchant AAT-5QQ7BIYYQEDN2,Amazon PLCC Free-Financing Universal Merchant AAT-DSJ2QRXXWXVMQ,Amazon PLCC Free-Financing Universal Merchant AAT-CXJHMC2YJUK76,Amazon PLCC Free-Financing Universal Merchant AAT-SL3Y2YRMAUNFC,Amazon PLCC Free-Financing Universal Merchant AAT-CC4FAVTYR4X7C,Amazon PLCC Free-Financing Universal Merchant AAT-FYWJCQHU2XQ2U,Amazon PLCC Free-Financing Universal Merchant AAT-R7GXNZWISTRFA,Amazon PLCC Free-Financing Universal Merchant AAT-WSJLDN3X7KEMO,Amazon PLCC Free-Financing Universal Merchant AAT-VL6FGQVGQVXUS,Amazon PLCC Free-Financing Universal Merchant AAT-EOKPWFWYW7Y6I,Amazon PLCC Free-Financing Universal Merchant AAT-URPEBMPS7TSPE,Amazon PLCC Free-Financing Universal Merchant AAT-L2DLP5YGE5766,Amazon PLCC Free-Financing Universal Merchant AAT-5ZEB2OGNZ32MC,Amazon PLCC Free-Financing Universal Merchant AAT-2MN4SWBDTUSNI,Amazon PLCC Free-Financing Universal Merchant AAT-4VFZUZS2EO5J2,Amazon PLCC Free-Financing Universal Merchant AAT-E4LY4VKBFF2NI,Amazon PLCC Free-Financing Universal Merchant AAT-BRSZZ45H6MHAO,Amazon PLCC Free-Financing Universal Merchant AAT-MKLXOOZWQL7GO,Amazon PLCC Free-Financing Universal Merchant AAT-CB7UNXEXGIJTC,Amazon PLCC Free-Financing Universal Merchant #MP-gzasho-1593152694811,Amazon PLCC Free-Financing Universal Merchant AAT-WLBA4GZ52EAH4",False,Easy Ship,False
100787,402-4811491-3697116,06-21-22,Shipped,Amazon,Amazon.in,Expedited,JNE3797,JNE3797-KR-A-M,Western Dress,M,B09TH73PT5,Shipped,1,INR,771.0,BENGALURU,KARNATAKA,560037.0,IN,IN Core Free Shipping 2015/04/08 23-48-5-108,False,,False
89071,403-9190661-3953167,05-02-22,Shipped,Amazon,Amazon.in,Expedited,JNE3366,JNE3366-KR-1053-M,kurta,M,B07T1XCJWG,Shipped,1,INR,376.0,BENGALURU,KARNATAKA,560040.0,IN,,False,,False
79540,404-7417403-4666739,05-07-22,Shipped,Amazon,Amazon.in,Expedited,J0329,J0329-KR-XS,kurta,XS,B09KXR9FMJ,Shipped,1,INR,801.0,SIDHPUR,Gujarat,384151.0,IN,IN Core Free Shipping 2015/04/08 23-48-5-108,False,,False
83278,403-3659883-0353121,05-04-22,Shipped - Delivered to Buyer,Merchant,Amazon.in,Standard,SET377,SET377-KR-NP-S,Set,S,B09TZV2J9G,Shipped,1,INR,1238.0,KALABURGI,KARNATAKA,585104.0,IN,"Amazon PLCC Free-Financing Universal Merchant AAT-WNKTBO3K27EJC,Amazon PLCC Free-Financing Universal Merchant AAT-QX3UCCJESKPA2,Amazon PLCC Free-Financing Universal Merchant AAT-5QQ7BIYYQEDN2,Amazon PLCC Free-Financing Universal Merchant AAT-DSJ2QRXXWXVMQ,Amazon PLCC Free-Financing Universal Merchant AAT-CXJHMC2YJUK76,Amazon PLCC Free-Financing Universal Merchant AAT-CC4FAVTYR4X7C,Amazon PLCC Free-Financing Universal Merchant AAT-FYWJCQHU2XQ2U,Amazon PLCC Free-Financing Universal Merchant AAT-EOKPWFWYW7Y6I,Amazon PLCC Free-Financing Universal Merchant AAT-URPEBMPS7TSPE,Amazon PLCC Free-Financing Universal Merchant AAT-3R6UGYISJQCKA,Amazon PLCC Free-Financing Universal Merchant AAT-TREXU6MY3SEMI,Amazon PLCC Free-Financing Universal Merchant AAT-RVL5KAXRIWHV2,Amazon PLCC Free-Financing Universal Merchant AAT-BS2QIL3ZUUJDC,Amazon PLCC Free-Financing Universal Merchant AAT-BD2QQYQLU3K3Q,Amazon PLCC Free-Financing Universal Merchant AAT-7Z5FYSWV55YJ6,Amazon PLCC Free-Financing Universal Merchant AAT-KQRYFJZLTA6E2,Amazon PLCC Free-Financing Universal Merchant AAT-F6SN46VZWQOQI,Amazon PLCC Free-Financing Universal Merchant AAT-GL6VKXK3MYVP4,Amazon PLCC Free-Financing Universal Merchant AAT-26CRLBGU7BZ4I,Amazon PLCC Free-Financing Universal Merchant AAT-EC3WUB2OYMZJY,Amazon PLCC Free-Financing Universal Merchant AAT-LLHTF3J4EFYUO,Amazon PLCC Free-Financing Universal Merchant AAT-TNYBHEAO7HOHO,Amazon PLCC Free-Financing Universal Merchant AAT-BRSZZ45H6MHAO,Amazon PLCC Free-Financing Universal Merchant AAT-MKLXOOZWQL7GO,Amazon PLCC Free-Financing Universal Merchant AAT-CB7UNXEXGIJTC,Amazon PLCC Free-Financing Universal Merchant #MP-gzasho-1593152694811,Amazon PLCC Free-Financing Universal Merchant AAT-WLBA4GZ52EAH4,Amazon PLCC Free-Financing Universal Merchant AAT-QMFZ3M7T5NPDS,Amazon PLCC Free-Financing Universal Merchant #MP-pmilan-1601980554292",False,Easy Ship,False
125250,402-9366312-0641936,06-03-22,Shipped,Amazon,Amazon.in,Expedited,J0009,J0009-SKD-XS,Set,XS,B0894XK9TT,Shipped,1,INR,828.0,BENGALURU,KARNATAKA,560037.0,IN,IN Core Free Shipping 2015/04/08 23-48-5-108,False,,False
32026,403-0127436-2045927,04-11-22,Cancelled,Merchant,Amazon.in,Standard,J0003,J0003-SET-S,Set,S,B0894X27FC,,0,INR,622.86,NEW DELHI,DELHI,110077.0,IN,,False,Easy Ship,
98517,406-1574749-4180304,06-23-22,Shipped - Delivered to Buyer,Merchant,Amazon.in,Standard,NW034,NW034-TP-PJ-XXL,Set,XXL,B09M768N86,Shipped,1,INR,595.0,HYDERABAD,TELANGANA,500070.0,IN,"Amazon PLCC Free-Financing Universal Merchant AAT-WNKTBO3K27EJC,Amazon PLCC Free-Financing Universal Merchant AAT-QX3UCCJESKPA2,Amazon PLCC Free-Financing Universal Merchant AAT-5QQ7BIYYQEDN2,Amazon PLCC Free-Financing Universal Merchant AAT-DSJ2QRXXWXVMQ,Amazon PLCC Free-Financing Universal Merchant AAT-CXJHMC2YJUK76,Amazon PLCC Free-Financing Universal Merchant AAT-CC4FAVTYR4X7C,Amazon PLCC Free-Financing Universal Merchant AAT-EWAPBB6BDRGM6,Amazon PLCC Free-Financing Universal Merchant AAT-WSJLDN3X7KEMO,Amazon PLCC Free-Financing Universal Merchant AAT-VL6FGQVGQVXUS,Amazon PLCC Free-Financing Universal Merchant AAT-EOKPWFWYW7Y6I,Amazon PLCC Free-Financing Universal Merchant AAT-NT3ZJJGQ3JK3Q,Amazon PLCC Free-Financing Universal Merchant AAT-7IFG6TWAZNCBQ,Amazon PLCC Free-Financing Universal Merchant AAT-6XVEGAWJUJYXG,Amazon PLCC Free-Financing Universal Merchant AAT-BOWEMQBNNNHBK,Amazon PLCC Free-Financing Universal Merchant AAT-SKYXW7T3UZBGO,Amazon PLCC Free-Financing Universal Merchant AAT-ONHQI6RQUNGB6,Amazon PLCC Free-Financing Universal Merchant AAT-UFMRPWCRGE2ZM,Amazon PLCC Free-Financing Universal Merchant AAT-SF4YGC5K3O574,Amazon PLCC Free-Financing Universal Merchant AAT-SUBB5QVZKACYG,Amazon PLCC Free-Financing Universal Merchant AAT-CF5ZF57364I7G,Amazon PLCC Free-Financing Universal Merchant AAT-BRSZZ45H6MHAO,Amazon PLCC Free-Financing Universal Merchant AAT-MKLXOOZWQL7GO,Amazon PLCC Free-Financing Universal Merchant AAT-CB7UNXEXGIJTC,Amazon PLCC Free-Financing Universal Merchant #MP-gzasho-1593152694811,Amazon PLCC Free-Financing Universal Merchant AAT-WLBA4GZ52EAH4",False,Easy Ship,False
57242,407-3089754-2020353,05-25-22,Shipped - Delivered to Buyer,Merchant,Amazon.in,Standard,SET304,SET304-KR-DPT-M,Set,M,B09K3LRFQF,Shipped,1,INR,1186.0,PUNE,MAHARASHTRA,411047.0,IN,"Amazon PLCC Free-Financing Universal Merchant AAT-WNKTBO3K27EJC,Amazon PLCC Free-Financing Universal Merchant AAT-QX3UCCJESKPA2,Amazon PLCC Free-Financing Universal Merchant AAT-5QQ7BIYYQEDN2,Amazon PLCC Free-Financing Universal Merchant AAT-DSJ2QRXXWXVMQ,Amazon PLCC Free-Financing Universal Merchant AAT-CXJHMC2YJUK76,Amazon PLCC Free-Financing Universal Merchant AAT-SL3Y2YRMAUNFC,Amazon PLCC Free-Financing Universal Merchant AAT-CC4FAVTYR4X7C,Amazon PLCC Free-Financing Universal Merchant AAT-FYWJCQHU2XQ2U,Amazon PLCC Free-Financing Universal Merchant AAT-R7GXNZWISTRFA,Amazon PLCC Free-Financing Universal Merchant AAT-EOKPWFWYW7Y6I,Amazon PLCC Free-Financing Universal Merchant AAT-URPEBMPS7TSPE,Amazon PLCC Free-Financing Universal Merchant AAT-L2DLP5YGE5766,Amazon PLCC Free-Financing Universal Merchant AAT-5ZEB2OGNZ32MC,Amazon PLCC Free-Financing Universal Merchant AAT-BRSZZ45H6MHAO,Amazon PLCC Free-Financing Universal Merchant AAT-MKLXOOZWQL7GO,Amazon PLCC Free-Financing Universal Merchant AAT-CB7UNXEXGIJTC,Amazon PLCC Free-Financing Universal Merchant #MP-gzasho-1593152694811,Amazon PLCC Free-Financing Universal Merchant AAT-WLBA4GZ52EAH4",False,Easy Ship,False
44244,403-4961935-5665922,04-03-22,Shipped,Amazon,Amazon.in,Expedited,J0158,J0158-DR-L,Western Dress,L,B091XV892C,Shipped,1,INR,998.0,BENGALURU,KARNATAKA,560099.0,IN,IN Core Free Shipping 2015/04/08 23-48-5-108,False,,
98957,406-3448475-5307552,06-22-22,Shipped,Amazon,Amazon.in,Expedited,J0400,J0400-DR-XS,Western Dress,XS,B09SDZ7T2T,Shipped,1,INR,807.0,Pune,MAHARASHTRA,411017.0,IN,IN Core Free Shipping 2015/04/08 23-48-5-108,False,,False
120723,402-7500311-0434718,06-06-22,Shipped,Amazon,Amazon.in,Expedited,J0382,J0382-SKD-XS,Set,XS,B09M6ZDZHR,Shipped,1,INR,1271.0,HYDERABAD,TELANGANA,500079.0,IN,IN Core Free Shipping 2015/04/08 23-48-5-108,False,,False
51809,407-9532504-6637108,05-29-22,Shipped,Amazon,Amazon.in,Expedited,J0401,J0401-DR-XS,Western Dress,XS,B09SDXYWYN,Shipped,1,INR,885.0,Bengaluru,KARNATAKA,560102.0,IN,,False,,False
17068,404-7695889-7861966,04-20-22,Shipped,Amazon,Amazon.in,Expedited,SET069,SET069-KR-NP-XS,Set,XS,B07SN3QXPH,Shipped,1,INR,612.0,TALASARI,MAHARASHTRA,401606.0,IN,IN Core Free Shipping 2015/04/08 23-48-5-108,False,,
28078,171-0296676-2335548,04-14-22,Shipped,Amazon,Amazon.in,Expedited,SET197,SET197-KR-NP-XS,Set,XS,B08B3YCWK5,Shipped,1,INR,759.0,FAIZABAD,UTTAR PRADESH,224001.0,IN,IN Core Free Shipping 2015/04/08 23-48-5-108,False,,
118962,404-3276441-2137102,06-07-22,Shipped,Amazon,Amazon.in,Expedited,JNE3634,JNE3634-KR-XXL,kurta,XXL,B097ZZZR1P,Shipped,1,INR,521.0,CHENNAI,TAMIL NADU,600059.0,IN,,False,,False
105268,408-0906038-7571560,06-17-22,Shipped,Amazon,Amazon.in,Expedited,J0339,J0339-DR-L,Western Dress,L,B098315N2Z,Shipped,1,INR,1091.0,MUMBAI,MAHARASHTRA,400060.0,IN,,False,,False
112825,171-0107864-0451508,06-12-22,Shipped,Amazon,Amazon.in,Expedited,JNE3373,JNE3373-KR-M,kurta,M,B082W8F8P3,Shipped,1,INR,376.0,WARANGAL,TELANGANA,506006.0,IN,IN Core Free Shipping 2015/04/08 23-48-5-108,False,,False
110958,406-7563256-9954756,06-13-22,Shipped,Amazon,Amazon.in,Expedited,SET004,SET004-KR-SP-A-XS,Set,XS,B07K5BYTJS,Shipped,1,INR,652.0,DEHRADUN,UTTARAKHAND,248007.0,IN,IN Core Free Shipping 2015/04/08 23-48-5-108,False,,False
40784,406-4611677-3362720,04-06-22,Shipped,Amazon,Amazon.in,Expedited,J0333,J0333-DR-M,Western Dress,M,B0982ZV9GB,Shipped,1,INR,825.0,DAHANU,MAHARASHTRA,401602.0,IN,IN Core Free Shipping 2015/04/08 23-48-5-108,False,,
117503,403-6289131-7098754,06-08-22,Shipped - Delivered to Buyer,Merchant,Amazon.in,Standard,J0003,J0003-SET-L,Set,L,B0894Y4PNG,Shipped,1,INR,664.0,MUMBAI,MAHARASHTRA,400063.0,IN,"Amazon PLCC Free-Financing Universal Merchant AAT-WNKTBO3K27EJC,Amazon PLCC Free-Financing Universal Merchant AAT-QX3UCCJESKPA2,Amazon PLCC Free-Financing Universal Merchant AAT-5QQ7BIYYQEDN2,Amazon PLCC Free-Financing Universal Merchant AAT-DSJ2QRXXWXVMQ,Amazon PLCC Free-Financing Universal Merchant AAT-CXJHMC2YJUK76,Amazon PLCC Free-Financing Universal Merchant AAT-CC4FAVTYR4X7C,Amazon PLCC Free-Financing Universal Merchant AAT-EWAPBB6BDRGM6,Amazon PLCC Free-Financing Universal Merchant AAT-EOKPWFWYW7Y6I,Amazon PLCC Free-Financing Universal Merchant AAT-ZBCRDPHJI4UDO,Amazon PLCC Free-Financing Universal Merchant AAT-CMBNOJYSQPOPS,Amazon PLCC Free-Financing Universal Merchant AAT-IBN3WODYJ44YC,Amazon PLCC Free-Financing Universal Merchant AAT-W2F65W44TEYES,Amazon PLCC Free-Financing Universal Merchant AAT-ZBGDWJCP6BTLE,Amazon PLCC Free-Financing Universal Merchant AAT-BOWEMQBNNNHBK,Amazon PLCC Free-Financing Universal Merchant AAT-SKYXW7T3UZBGO,Amazon PLCC Free-Financing Universal Merchant AAT-BRSZZ45H6MHAO,Amazon PLCC Free-Financing Universal Merchant AAT-MKLXOOZWQL7GO,Amazon PLCC Free-Financing Universal Merchant AAT-CB7UNXEXGIJTC,Amazon PLCC Free-Financing Universal Merchant #MP-gzasho-1593152694811,Amazon PLCC Free-Financing Universal Merchant AAT-WLBA4GZ52EAH4",False,Easy Ship,False
78428,171-6010620-8284319,05-08-22,Shipped - Delivered to Buyer,Merchant,Amazon.in,Standard,SET278,SET278-KR-NP-M,Set,M,B0983F3BLZ,Shipped,1,INR,1442.0,GUDALUR THE NILGIRIS DISTRICT,TAMIL NADU,643212.0,IN,"Amazon PLCC Free-Financing Universal Merchant AAT-WNKTBO3K27EJC,Amazon PLCC Free-Financing Universal Merchant AAT-QX3UCCJESKPA2,Amazon PLCC Free-Financing Universal Merchant AAT-5QQ7BIYYQEDN2,Amazon PLCC Free-Financing Universal Merchant AAT-DSJ2QRXXWXVMQ,Amazon PLCC Free-Financing Universal Merchant AAT-CXJHMC2YJUK76,Amazon PLCC Free-Financing Universal Merchant AAT-SL3Y2YRMAUNFC,Amazon PLCC Free-Financing Universal Merchant AAT-CC4FAVTYR4X7C,Amazon PLCC Free-Financing Universal Merchant AAT-FYWJCQHU2XQ2U,Amazon PLCC Free-Financing Universal Merchant AAT-R7GXNZWISTRFA,Amazon PLCC Free-Financing Universal Merchant AAT-EOKPWFWYW7Y6I,Amazon PLCC Free-Financing Universal Merchant AAT-URPEBMPS7TSPE,Amazon PLCC Free-Financing Universal Merchant AAT-3R6UGYISJQCKA,Amazon PLCC Free-Financing Universal Merchant AAT-TREXU6MY3SEMI,Amazon PLCC Free-Financing Universal Merchant AAT-CPIZVVXYOLZ5S,Amazon PLCC Free-Financing Universal Merchant AAT-BS2QIL3ZUUJDC,Amazon PLCC Free-Financing Universal Merchant AAT-BD2QQYQLU3K3Q,Amazon PLCC Free-Financing Universal Merchant AAT-7Z5FYSWV55YJ6,Amazon PLCC Free-Financing Universal Merchant AAT-KQRYFJZLTA6E2,Amazon PLCC Free-Financing Universal Merchant AAT-F6SN46VZWQOQI,Amazon PLCC Free-Financing Universal Merchant AAT-GL6VKXK3MYVP4,Amazon PLCC Free-Financing Universal Merchant AAT-26CRLBGU7BZ4I,Amazon PLCC Free-Financing Universal Merchant AAT-EC3WUB2OYMZJY,Amazon PLCC Free-Financing Universal Merchant AAT-LLHTF3J4EFYUO,Amazon PLCC Free-Financing Universal Merchant AAT-TNYBHEAO7HOHO,Amazon PLCC Free-Financing Universal Merchant AAT-BRSZZ45H6MHAO,Amazon PLCC Free-Financing Universal Merchant AAT-MKLXOOZWQL7GO,Amazon PLCC Free-Financing Universal Merchant AAT-CB7UNXEXGIJTC,Amazon PLCC Free-Financing Universal Merchant #MP-gzasho-1593152694811,Amazon PLCC Free-Financing Universal Merchant AAT-WLBA4GZ52EAH4,Amazon PLCC Free-Financing Universal Merchant AAT-QMFZ3M7T5NPDS,Amazon PLCC Free-Financing Universal Merchant #MP-pmilan-1601980554292",False,Easy Ship,False
43409,408-1246506-5670700,04-04-22,Shipped - Delivered to Buyer,Merchant,Amazon.in,Standard,SET268,SET268-KR-NP-L,Set,L,B08XQ8MCKP,Shipped,1,INR,0.0,Bangalore,KARNATAKA,560047.0,IN,"Amazon PLCC Free-Financing Universal Merchant AAT-XXRCW6NZEPZI4,Amazon PLCC Free-Financing Universal Merchant AAT-YFJA6XMAMWZSK,Amazon PLCC Free-Financing Universal Merchant AAT-K66BSCE2J2V5E,Amazon PLCC Free-Financing Universal Merchant #MP-gzasho-1593152694811",False,Easy Ship,
18314,403-4741867-3097969,04-19-22,Shipped - Delivered to Buyer,Merchant,Amazon.in,Standard,J0297,J0297-TP-L,Top,L,B099S6YS1J,Shipped,1,INR,574.0,BENGALURU,KARNATAKA,560037.0,IN,"Amazon PLCC Free-Financing Universal Merchant AAT-WNKTBO3K27EJC,Amazon PLCC Free-Financing Universal Merchant AAT-QX3UCCJESKPA2,Amazon PLCC Free-Financing Universal Merchant AAT-CXJHMC2YJUK76,Amazon PLCC Free-Financing Universal Merchant AAT-SL3Y2YRMAUNFC,Amazon PLCC Free-Financing Universal Merchant AAT-CC4FAVTYR4X7C,Amazon PLCC Free-Financing Universal Merchant AAT-XXRCW6NZEPZI4,Amazon PLCC Free-Financing Universal Merchant AAT-R7GXNZWISTRFA,Amazon PLCC Free-Financing Universal Merchant AAT-EOKPWFWYW7Y6I,Amazon PLCC Free-Financing Universal Merchant AAT-ZYL5UPUNW6T62,Amazon PLCC Free-Financing Universal Merchant AAT-G5ZRX4BZOIODU,Amazon PLCC Free-Financing Universal Merchant AAT-P3CSUAK4HTEP2,Amazon PLCC Free-Financing Universal Merchant AAT-PZHUW6DZX4BPS,Amazon PLCC Free-Financing Universal Merchant AAT-AWMMZNGS33JGQ,Amazon PLCC Free-Financing Universal Merchant AAT-XX7G3ZRJJJ5LG,Amazon PLCC Free-Financing Universal Merchant AAT-LEHCKNDBJG64E,Amazon PLCC Free-Financing Universal Merchant AAT-DJVHCEV7D7RQY,Amazon PLCC Free-Financing Universal Merchant AAT-TNYBHEAO7HOHO,Amazon PLCC Free-Financing Universal Merchant AAT-BRSZZ45H6MHAO,Amazon PLCC Free-Financing Universal Merchant AAT-MKLXOOZWQL7GO,Amazon PLCC Free-Financing Universal Merchant AAT-CB7UNXEXGIJTC,Amazon PLCC Free-Financing Universal Merchant #MP-gzasho-1593152694811,Amazon PLCC Free-Financing Universal Merchant AAT-WLBA4GZ52EAH4,Amazon PLCC Free-Financing Universal Merchant AAT-QMFZ3M7T5NPDS,Amazon PLCC Free-Financing Universal Merchant #MP-pmilan-1601980554292",False,Easy Ship,
90127,171-3501103-8089121,05-01-22,Shipped - Delivered to Buyer,Merchant,Amazon.in,Standard,JNE3714,JNE3714-KR-XL,kurta,XL,B099NPN8W4,Shipped,1,INR,459.0,CHENNAI,TAMIL NADU,600026.0,IN,"Amazon PLCC Free-Financing Universal Merchant AAT-WNKTBO3K27EJC,Amazon PLCC Free-Financing Universal Merchant AAT-QX3UCCJESKPA2,Amazon PLCC Free-Financing Universal Merchant AAT-5QQ7BIYYQEDN2,Amazon PLCC Free-Financing Universal Merchant AAT-DSJ2QRXXWXVMQ,Amazon PLCC Free-Financing Universal Merchant AAT-CXJHMC2YJUK76,Amazon PLCC Free-Financing Universal Merchant AAT-SL3Y2YRMAUNFC,Amazon PLCC Free-Financing Universal Merchant AAT-CC4FAVTYR4X7C,Amazon PLCC Free-Financing Universal Merchant AAT-FYWJCQHU2XQ2U,Amazon PLCC Free-Financing Universal Merchant AAT-EOKPWFWYW7Y6I,Amazon PLCC Free-Financing Universal Merchant AAT-URPEBMPS7TSPE,Amazon PLCC Free-Financing Universal Merchant AAT-3R6UGYISJQCKA,Amazon PLCC Free-Financing Universal Merchant AAT-TNYBHEAO7HOHO,Amazon PLCC Free-Financing Universal Merchant AAT-BRSZZ45H6MHAO,Amazon PLCC Free-Financing Universal Merchant AAT-MKLXOOZWQL7GO,Amazon PLCC Free-Financing Universal Merchant AAT-CB7UNXEXGIJTC,Amazon PLCC Free-Financing Universal Merchant #MP-gzasho-1593152694811,Amazon PLCC Free-Financing Universal Merchant AAT-WLBA4GZ52EAH4,Amazon PLCC Free-Financing Universal Merchant AAT-QMFZ3M7T5NPDS,Amazon PLCC Free-Financing Universal Merchant #MP-pmilan-1601980554292",False,Easy Ship,False
108994,406-7675964-5211515,06-14-22,Shipped,Amazon,Amazon.in,Expedited,JNE3799,JNE3799-KR-XS,kurta,XS,B09SDZ78G5,Shipped,1,INR,626.0,BENGALURU,KARNATAKA,560050.0,IN,IN Core Free Shipping 2015/04/08 23-48-5-108,False,,False
58748,407-1175726-6956365,05-24-22,Shipped,Amazon,Amazon.in,Expedited,JNE3334,JNE3334-KR-L,kurta,L,B07S8VQ9Y4,Shipped,1,INR,318.0,HYDERABAD,TELANGANA,500013.0,IN,,False,,False
125160,406-6529360-4814735,06-03-22,Shipped,Amazon,Amazon.in,Expedited,NW012,NW012-TP-PJ-XXL,Set,XXL,B0922SLD43,Shipped,1,INR,521.0,NEW DELHI,DELHI,110034.0,IN,IN Core Free Shipping 2015/04/08 23-48-5-108,False,,False
86905,408-5915893-4071522,05-03-22,Shipped,Amazon,Amazon.in,Expedited,J0340,J0340-TP-S,Top,S,B0986XTYKD,Shipped,1,INR,563.0,GHAZIABAD,UTTAR PRADESH,201017.0,IN,IN Core Free Shipping 2015/04/08 23-48-5-108,False,,False
57231,402-6874618-8560325,05-25-22,Cancelled,Merchant,Amazon.in,Standard,J0105,J0105-KR-S,Western Dress,S,B08PVRCH4Y,,0,INR,951.43,SAMBALPUR,ODISHA,768003.0,IN,,False,Easy Ship,False
29952,407-0442660-2736366,04-12-22,Shipped,Amazon,Amazon.in,Expedited,SET331,SET331-KR-NP-M,Set,M,B09NQ3TN2T,Shipped,1,INR,597.0,MUMBAI,MAHARASHTRA,400051.0,IN,IN Core Free Shipping 2015/04/08 23-48-5-108,False,,
27336,403-4577819-3871510,04-14-22,Shipped,Amazon,Amazon.in,Expedited,J0134,J0134-SET-S,Set,S,B08N4QQDNL,Shipped,1,INR,699.0,BHUBANESWAR,ODISHA,752101.0,IN,IN Core Free Shipping 2015/04/08 23-48-5-108,False,,
85983,408-8471106-0008342,05-03-22,Shipped,Amazon,Amazon.in,Expedited,SET043,SET043-KR-NP-L,Set,L,B07P65FDBT,Shipped,1,INR,916.0,VIRPUR,Gujarat,388260.0,IN,IN Core Free Shipping 2015/04/08 23-48-5-108,False,,False
34040,405-7336180-3209112,04-10-22,Shipped,Amazon,Amazon.in,Expedited,J0158,J0158-DR-XL,Western Dress,XL,B091YR33W5,Shipped,1,INR,721.0,Hosur,TAMIL NADU,635109.0,IN,,False,,
26251,171-8739307-5344355,04-15-22,Shipped,Amazon,Amazon.in,Expedited,J0008,J0008-SKD-S,Set,S,B0894XGJ83,Shipped,1,INR,1065.0,Mumbai,MAHARASHTRA,400055.0,IN,IN Core Free Shipping 2015/04/08 23-48-5-108,False,,
29845,403-6628421-5942707,04-13-22,Shipped,Amazon,Amazon.in,Expedited,J0002,J0002-SKD-L,Set,L,B0894X3VKQ,Shipped,1,INR,1115.0,NELLORE,ANDHRA PRADESH,524003.0,IN,,False,,
61218,407-7239764-4486703,05-22-22,Shipped,Amazon,Amazon.in,Expedited,SET352,SET352-KR-NP-XXL,Set,XXL,B09KXW1KGH,Shipped,1,INR,486.0,MYSURU,KARNATAKA,570001.0,IN,,False,,False
31214,408-9939687-9918717,04-12-22,Shipped - Delivered to Buyer,Merchant,Amazon.in,Standard,J0230,J0230-SKD-XXL,Set,XXL,B08XNGQCGM,Shipped,1,INR,0.0,BENGALURU,KARNATAKA,560022.0,IN,"Amazon PLCC Free-Financing Universal Merchant AAT-XXRCW6NZEPZI4,Amazon PLCC Free-Financing Universal Merchant #MP-gzasho-1593152694811",False,Easy Ship,
58969,402-4686181-3536315,05-24-22,Shipped,Amazon,Amazon.in,Expedited,J0003,J0003-SET-XXXL,Set,3XL,B0894Y3VBB,Shipped,1,INR,696.0,SECUNDERABAD,TELANGANA,500009.0,IN,IN Core Free Shipping 2015/04/08 23-48-5-108,False,,False
30890,402-2303396-0904316,04-12-22,Shipped,Amazon,Amazon.in,Expedited,J0340,J0340-TP-L,Top,L,B0986Z5BDC,Shipped,1,INR,563.0,MUMBAI,MAHARASHTRA,400101.0,IN,IN Core Free Shipping 2015/04/08 23-48-5-108,False,,
4939,402-9228360-8117943,04-27-22,Cancelled,Merchant,Amazon.in,Standard,JNE3363,JNE3363-KR-1032-XXL,kurta,XXL,B07T62PKNM,,0,,,Banglore,KARNATAKA,560072.0,IN,,False,Easy Ship,
67441,408-8845702-2057133,05-17-22,Shipped,Amazon,Amazon.in,Standard,J0370,J0370-SKD-S,Set,S,B09K3BQV17,Shipped,1,INR,0.0,KOLKATA,WEST BENGAL,700028.0,IN,,False,,False
85487,405-1750227-2475511,05-03-22,Shipped,Amazon,Amazon.in,Expedited,MEN5023,MEN5023-KR-XL,kurta,XL,B08YZ22Q6R,Shipped,1,INR,533.0,"Chembur east, Mumbai",MAHARASHTRA,400071.0,IN,,False,,False
113119,405-2155925-2869167,06-11-22,Shipped,Amazon,Amazon.in,Expedited,JNE3771,JNE3771-KR-XXL,kurta,XXL,B09K3RBH7W,Shipped,1,INR,346.0,HYDERABAD,TELANGANA,500016.0,IN,,False,,False
98805,406-2612800-9895551,06-22-22,Shipped,Amazon,Amazon.in,Expedited,JNE3810,JNE3810-KR-XXL,kurta,XXL,B09RKC4B4P,Shipped,1,INR,569.0,JALANDHAR,PUNJAB,144007.0,IN,IN Core Free Shipping 2015/04/08 23-48-5-108,False,,False
85564,406-6432957-0753940,05-03-22,Shipped,Amazon,Amazon.in,Expedited,SET058,SET058-KR-NP-S,Set,S,B07R59R6KX,Shipped,1,INR,847.0,MAHESANA,Gujarat,384002.0,IN,IN Core Free Shipping 2015/04/08 23-48-5-108,False,,False
64153,405-0633672-3239529,05-19-22,Shipped,Amazon,Amazon.in,Expedited,SET291,SET291-KR-PP-M,Set,M,B099NK55YG,Shipped,1,INR,605.0,BENGALURU,KARNATAKA,560058.0,IN,IN Core Free Shipping 2015/04/08 23-48-5-108,False,,False
3064,405-8213737-9674764,04-28-22,Shipped,Amazon,Amazon.in,Expedited,J0123,J0123-TP-XXL,Top,XXL,B08RDTTBPW,Shipped,1,INR,267.0,NEW DELHI,DELHI,110019.0,IN,,False,,
86270,171-7013842-4369136,05-03-22,Shipped - Delivered to Buyer,Merchant,Amazon.in,Standard,J0285,J0285-SKD-M,Set,M,B08QGNW2H8,Shipped,1,INR,1432.0,PUNE,MAHARASHTRA,411057.0,IN,"Amazon PLCC Free-Financing Universal Merchant AAT-WNKTBO3K27EJC,Amazon PLCC Free-Financing Universal Merchant AAT-QX3UCCJESKPA2,Amazon PLCC Free-Financing Universal Merchant AAT-5QQ7BIYYQEDN2,Amazon PLCC Free-Financing Universal Merchant AAT-DSJ2QRXXWXVMQ,Amazon PLCC Free-Financing Universal Merchant AAT-CXJHMC2YJUK76,Amazon PLCC Free-Financing Universal Merchant AAT-CC4FAVTYR4X7C,Amazon PLCC Free-Financing Universal Merchant AAT-FYWJCQHU2XQ2U,Amazon PLCC Free-Financing Universal Merchant AAT-CXNSLNBROFDW4,Amazon PLCC Free-Financing Universal Merchant AAT-R7GXNZWISTRFA,Amazon PLCC Free-Financing Universal Merchant AAT-WSJLDN3X7KEMO,Amazon PLCC Free-Financing Universal Merchant AAT-VL6FGQVGQVXUS,Amazon PLCC Free-Financing Universal Merchant AAT-EOKPWFWYW7Y6I,Amazon PLCC Free-Financing Universal Merchant AAT-XVPICCHRWDCAI,Amazon PLCC Free-Financing Universal Merchant AAT-URPEBMPS7TSPE,Amazon PLCC Free-Financing Universal Merchant AAT-3R6UGYISJQCKA,Amazon PLCC Free-Financing Universal Merchant AAT-B4XD5CKOZFUO6,Amazon PLCC Free-Financing Universal Merchant AAT-WA3O6HTUZGC2M,Amazon PLCC Free-Financing Universal Merchant AAT-CIALTIPNFIG2E,Amazon PLCC Free-Financing Universal Merchant AAT-R24EXPJ2OZUEK,Amazon PLCC Free-Financing Universal Merchant AAT-A6EVSKTLHUNI4,Amazon PLCC Free-Financing Universal Merchant AAT-56V5XGGAEKQWC,Amazon PLCC Free-Financing Universal Merchant AAT-V35YNZJGNRNUQ,Amazon PLCC Free-Financing Universal Merchant AAT-JKICCRTK4FJLC,Amazon PLCC Free-Financing Universal Merchant AAT-IW7FKCNMUEENG,Amazon PLCC Free-Financing Universal Merchant AAT-GGYFSBBAGFEHC,Amazon PLCC Free-Financing Universal Merchant AAT-BRSZZ45H6MHAO,Amazon PLCC Free-Financing Universal Merchant AAT-MKLXOOZWQL7GO,Amazon PLCC Free-Financing Universal Merchant AAT-CB7UNXEXGIJTC,Amazon PLCC Free-Financing Universal Merchant #MP-gzasho-1593152694811,Amazon PLCC Free-Financing Universal Merchant AAT-WLBA4GZ52EAH4",False,Easy Ship,False
42780,407-5410105-6070749,04-04-22,Shipped,Amazon,Amazon.in,Expedited,J0343,J0343-DR-XXL,Western Dress,XXL,B09831TPR5,Shipped,1,INR,1033.0,PATNA,BIHAR,800004.0,IN,,False,,
114122,405-5243098-7201147,06-11-22,Shipped,Amazon,Amazon.in,Expedited,JNE3801,JNE3801-KR-XL,kurta,XL,B09SDYL6L1,Shipped,1,INR,725.0,BHIWANDI,MAHARASHTRA,421302.0,IN,IN Core Free Shipping 2015/04/08 23-48-5-108,False,,False
32098,405-9077285-7917921,04-11-22,Shipped,Amazon,Amazon.in,Expedited,J0233,J0233-SKD-XXXL,Set,3XL,B08XNHF3KB,Shipped,1,INR,1299.0,THANE,MAHARASHTRA,400601.0,IN,,False,,
108565,402-5956626-5928315,06-14-22,Cancelled,Amazon,Amazon.in,Expedited,J0013,J0013-SKD-XS,Set,XS,B08CMXXV2J,Cancelled,0,,,kalyan,MAHARASHTRA,421301.0,IN,,False,,False
89083,171-7798921-3103567,05-02-22,Shipped,Amazon,Amazon.in,Expedited,J0004,J0004-SKD-XXXL,Set,3XL,B0894X1Q3M,Shipped,1,INR,1115.0,Bengaluru,KARNATAKA,560067.0,IN,IN Core Free Shipping 2015/04/08 23-48-5-108,False,,False
14438,403-0981712-9337127,04-21-22,Shipped - Returned to Seller,Merchant,Amazon.in,Standard,J0153,J0153-DR-S,Western Dress,S,B08N4RTJCY,Shipped,1,INR,443.0,PATNA,BIHAR,800001.0,IN,"Amazon PLCC Free-Financing Universal Merchant AAT-WNKTBO3K27EJC,Amazon PLCC Free-Financing Universal Merchant AAT-QX3UCCJESKPA2,Amazon PLCC Free-Financing Universal Merchant AAT-5QQ7BIYYQEDN2,Amazon PLCC Free-Financing Universal Merchant AAT-DSJ2QRXXWXVMQ,Amazon PLCC Free-Financing Universal Merchant AAT-CXJHMC2YJUK76,Amazon PLCC Free-Financing Universal Merchant AAT-CC4FAVTYR4X7C,Amazon PLCC Free-Financing Universal Merchant AAT-XXRCW6NZEPZI4,Amazon PLCC Free-Financing Universal Merchant AAT-EOKPWFWYW7Y6I,Amazon PLCC Free-Financing Universal Merchant AAT-G5ZRX4BZOIODU,Amazon PLCC Free-Financing Universal Merchant AAT-MYWMDU232W4HO,Amazon PLCC Free-Financing Universal Merchant AAT-PZHUW6DZX4BPS,Amazon PLCC Free-Financing Universal Merchant AAT-BRSZZ45H6MHAO,Amazon PLCC Free-Financing Universal Merchant AAT-MKLXOOZWQL7GO,Amazon PLCC Free-Financing Universal Merchant AAT-CB7UNXEXGIJTC,Amazon PLCC Free-Financing Universal Merchant #MP-gzasho-1593152694811,Amazon PLCC Free-Financing Universal Merchant AAT-WLBA4GZ52EAH4",False,Easy Ship,
24784,404-2757395-7471502,04-15-22,Shipped,Amazon,Amazon.in,Expedited,JNE3368,JNE3368-KR-XL,kurta,XL,B081X921QM,Shipped,1,INR,471.0,"pimple Saudagar,Pune",MAHARASHTRA,411027.0,IN,IN Core Free Shipping 2015/04/08 23-48-5-108,False,,
33692,403-6626424-6818733,04-10-22,Shipped,Amazon,Amazon.in,Expedited,SET269,SET269-KR-NP-L,Set,L,B0983D9C65,Shipped,1,INR,824.0,MUMBAI,MAHARASHTRA,400052.0,IN,IN Core Free Shipping 2015/04/08 23-48-5-108,False,,
89596,171-3085849-1909954,05-01-22,Shipped,Amazon,Amazon.in,Expedited,J0373,J0373-KR-XXL,kurta,XXL,B09KXNV41S,Shipped,1,INR,599.0,MANUGUR,TELANGANA,507117.0,IN,IN Core Free Shipping 2015/04/08 23-48-5-108,False,,False
38510,405-6218500-4155518,04-07-22,Shipped,Amazon,Amazon.in,Expedited,J0295,J0295-DR-XL,Western Dress,XL,B099NQVSXH,Shipped,1,INR,859.0,BENGALURU,KARNATAKA,560064.0,IN,,False,,
14391,408-3618629-6457120,04-21-22,Shipped - Delivered to Buyer,Merchant,Amazon.in,Standard,SET386,SET386-KR-NP-XXXL,Set,3XL,B09K3L9Z85,Shipped,1,INR,631.0,GHAZIABAD,UTTAR PRADESH,201001.0,IN,"Amazon PLCC Free-Financing Universal Merchant AAT-WNKTBO3K27EJC,Amazon PLCC Free-Financing Universal Merchant AAT-QX3UCCJESKPA2,Amazon PLCC Free-Financing Universal Merchant AAT-5QQ7BIYYQEDN2,Amazon PLCC Free-Financing Universal Merchant AAT-DSJ2QRXXWXVMQ,Amazon PLCC Free-Financing Universal Merchant AAT-CXJHMC2YJUK76,Amazon PLCC Free-Financing Universal Merchant AAT-CC4FAVTYR4X7C,Amazon PLCC Free-Financing Universal Merchant AAT-XXRCW6NZEPZI4,Amazon PLCC Free-Financing Universal Merchant AAT-EOKPWFWYW7Y6I,Amazon PLCC Free-Financing Universal Merchant AAT-ZYL5UPUNW6T62,Amazon PLCC Free-Financing Universal Merchant AAT-G5ZRX4BZOIODU,Amazon PLCC Free-Financing Universal Merchant AAT-MYWMDU232W4HO,Amazon PLCC Free-Financing Universal Merchant AAT-PZHUW6DZX4BPS,Amazon PLCC Free-Financing Universal Merchant AAT-BRSZZ45H6MHAO,Amazon PLCC Free-Financing Universal Merchant AAT-MKLXOOZWQL7GO,Amazon PLCC Free-Financing Universal Merchant AAT-CB7UNXEXGIJTC,Amazon PLCC Free-Financing Universal Merchant #MP-gzasho-1593152694811,Amazon PLCC Free-Financing Universal Merchant AAT-WLBA4GZ52EAH4",False,Easy Ship,
77107,403-9730085-3039554,05-09-22,Shipped,Amazon,Amazon.in,Expedited,NW001,NW001-TP-PJ-XL,Set,XL,B0922W5WM9,Shipped,1,INR,539.0,KOLKATA,WEST BENGAL,700053.0,IN,IN Core Free Shipping 2015/04/08 23-48-5-108,False,,False
29275,171-3629155-5282743,04-13-22,Shipped - Delivered to Buyer,Merchant,Amazon.in,Standard,SET397,SET397-KR-NP  -M,Set,M,B09RKD6KWL,Shipped,1,INR,1186.0,DEHRADUN,UTTARAKHAND,248001.0,IN,"Amazon PLCC Free-Financing Universal Merchant AAT-WNKTBO3K27EJC,Amazon PLCC Free-Financing Universal Merchant AAT-QX3UCCJESKPA2,Amazon PLCC Free-Financing Universal Merchant AAT-CXJHMC2YJUK76,Amazon PLCC Free-Financing Universal Merchant AAT-SL3Y2YRMAUNFC,Amazon PLCC Free-Financing Universal Merchant AAT-CC4FAVTYR4X7C,Amazon PLCC Free-Financing Universal Merchant AAT-XXRCW6NZEPZI4,Amazon PLCC Free-Financing Universal Merchant AAT-EOKPWFWYW7Y6I,Amazon PLCC Free-Financing Universal Merchant AAT-ZYL5UPUNW6T62,Amazon PLCC Free-Financing Universal Merchant AAT-G5ZRX4BZOIODU,Amazon PLCC Free-Financing Universal Merchant AAT-PZHUW6DZX4BPS,Amazon PLCC Free-Financing Universal Merchant AAT-BRSZZ45H6MHAO,Amazon PLCC Free-Financing Universal Merchant AAT-MKLXOOZWQL7GO,Amazon PLCC Free-Financing Universal Merchant AAT-CB7UNXEXGIJTC,Amazon PLCC Free-Financing Universal Merchant #MP-gzasho-1593152694811,Amazon PLCC Free-Financing Universal Merchant AAT-WLBA4GZ52EAH4",False,Easy Ship,
6072,407-1148126-6695532,04-26-22,Cancelled,Merchant,Amazon.in,Standard,JNE3805,JNE3805-KR-S,kurta,S,B09K3T9XRW,,0,INR,437.14,DEHRADUN,UTTARAKHAND,248005.0,IN,,False,Easy Ship,
85902,406-1955581-7537132,05-03-22,Shipped,Amazon,Amazon.in,Expedited,J0236,J0236-SKD-XXL,Set,XXL,B08ZYQ716N,Shipped,1,INR,922.0,Hyderabad,TELANGANA,500028.0,IN,IN Core Free Shipping 2015/04/08 23-48-5-108,False,,False
103703,402-0884714-5519532,06-18-22,Shipped,Amazon,Amazon.in,Expedited,JNE3546,JNE3546-KR-M,kurta,M,B08HK4W6YT,Shipped,1,INR,468.0,BHUBANESWAR,ODISHA,752101.0,IN,IN Core Free Shipping 2015/04/08 23-48-5-108,False,,False
86604,406-2883523-4164357,05-03-22,Shipped,Amazon,Amazon.in,Expedited,MEN5009,MEN5009-KR-M,kurta,M,B08YYX8VKT,Shipped,1,INR,484.0,CHENNAI,TAMIL NADU,600033.0,IN,,False,,False
19936,403-3990289-7093935,04-18-22,Shipped - Delivered to Buyer,Merchant,Amazon.in,Standard,JNE3543,JNE3543-KR-M,kurta,M,B08HHJQ3F4,Shipped,1,INR,368.0,PUNE,MAHARASHTRA,411021.0,IN,"Amazon PLCC Free-Financing Universal Merchant AAT-WNKTBO3K27EJC,Amazon PLCC Free-Financing Universal Merchant AAT-QX3UCCJESKPA2,Amazon PLCC Free-Financing Universal Merchant AAT-CXJHMC2YJUK76,Amazon PLCC Free-Financing Universal Merchant AAT-CC4FAVTYR4X7C,Amazon PLCC Free-Financing Universal Merchant AAT-XXRCW6NZEPZI4,Amazon PLCC Free-Financing Universal Merchant AAT-EOKPWFWYW7Y6I,Amazon PLCC Free-Financing Universal Merchant AAT-ZYL5UPUNW6T62,Amazon PLCC Free-Financing Universal Merchant AAT-G5ZRX4BZOIODU,Amazon PLCC Free-Financing Universal Merchant AAT-PZHUW6DZX4BPS,Amazon PLCC Free-Financing Universal Merchant AAT-XX7G3ZRJJJ5LG,Amazon PLCC Free-Financing Universal Merchant AAT-LEHCKNDBJG64E,Amazon PLCC Free-Financing Universal Merchant AAT-DJVHCEV7D7RQY,Amazon PLCC Free-Financing Universal Merchant AAT-BRSZZ45H6MHAO,Amazon PLCC Free-Financing Universal Merchant AAT-MKLXOOZWQL7GO,Amazon PLCC Free-Financing Universal Merchant AAT-CB7UNXEXGIJTC,Amazon PLCC Free-Financing Universal Merchant #MP-gzasho-1593152694811,Amazon PLCC Free-Financing Universal Merchant AAT-WLBA4GZ52EAH4,Amazon PLCC Free-Financing Universal Merchant #MP-pmilan-1601980554292",False,Easy Ship,
119444,406-7298839-3202759,06-07-22,Shipped,Amazon,Amazon.in,Expedited,JNE3555,JNE3555-KR-XXXL,kurta,3XL,B09HMPQWFX,Shipped,1,INR,487.0,THANE,MAHARASHTRA,401107.0,IN,,False,,False
60467,402-1104659-3973162,05-22-22,Shipped,Amazon,Amazon.in,Expedited,J0379,J0379-SKD-L,Set,L,B09M6WZX2J,Shipped,1,INR,1369.0,BENGALURU,KARNATAKA,560092.0,IN,,False,,False
27838,406-9920121-1619539,04-14-22,Shipped,Amazon,Amazon.in,Expedited,J0335,J0335-DR-L,Western Dress,L,B09831T4CQ,Shipped,1,INR,807.0,MUMBAI,MAHARASHTRA,400078.0,IN,,False,,
77792,171-2802534-9962701,05-08-22,Shipped - Delivered to Buyer,Merchant,Amazon.in,Standard,J0341,J0341-DR-M,Western Dress,M,B099NQQ79L,Shipped,1,INR,842.0,GREATER NOIDA,UTTAR PRADESH,201310.0,IN,"Amazon PLCC Free-Financing Universal Merchant AAT-WNKTBO3K27EJC,Amazon PLCC Free-Financing Universal Merchant AAT-QX3UCCJESKPA2,Amazon PLCC Free-Financing Universal Merchant AAT-5QQ7BIYYQEDN2,Amazon PLCC Free-Financing Universal Merchant AAT-DSJ2QRXXWXVMQ,Amazon PLCC Free-Financing Universal Merchant AAT-CXJHMC2YJUK76,Amazon PLCC Free-Financing Universal Merchant AAT-SL3Y2YRMAUNFC,Amazon PLCC Free-Financing Universal Merchant AAT-CC4FAVTYR4X7C,Amazon PLCC Free-Financing Universal Merchant AAT-FYWJCQHU2XQ2U,Amazon PLCC Free-Financing Universal Merchant AAT-EOKPWFWYW7Y6I,Amazon PLCC Free-Financing Universal Merchant AAT-URPEBMPS7TSPE,Amazon PLCC Free-Financing Universal Merchant AAT-TREXU6MY3SEMI,Amazon PLCC Free-Financing Universal Merchant AAT-CPIZVVXYOLZ5S,Amazon PLCC Free-Financing Universal Merchant AAT-BS2QIL3ZUUJDC,Amazon PLCC Free-Financing Universal Merchant AAT-BD2QQYQLU3K3Q,Amazon PLCC Free-Financing Universal Merchant AAT-7Z5FYSWV55YJ6,Amazon PLCC Free-Financing Universal Merchant AAT-KQRYFJZLTA6E2,Amazon PLCC Free-Financing Universal Merchant AAT-F6SN46VZWQOQI,Amazon PLCC Free-Financing Universal Merchant AAT-GL6VKXK3MYVP4,Amazon PLCC Free-Financing Universal Merchant AAT-26CRLBGU7BZ4I,Amazon PLCC Free-Financing Universal Merchant AAT-EC3WUB2OYMZJY,Amazon PLCC Free-Financing Universal Merchant AAT-LLHTF3J4EFYUO,Amazon PLCC Free-Financing Universal Merchant AAT-TNYBHEAO7HOHO,Amazon PLCC Free-Financing Universal Merchant AAT-BRSZZ45H6MHAO,Amazon PLCC Free-Financing Universal Merchant AAT-MKLXOOZWQL7GO,Amazon PLCC Free-Financing Universal Merchant AAT-CB7UNXEXGIJTC,Amazon PLCC Free-Financing Universal Merchant #MP-gzasho-1593152694811,Amazon PLCC Free-Financing Universal Merchant AAT-WLBA4GZ52EAH4,Amazon PLCC Free-Financing Universal Merchant AAT-QMFZ3M7T5NPDS,Amazon PLCC Free-Financing Universal Merchant #MP-pmilan-1601980554292",False,Easy Ship,False
66094,405-0976273-3856343,05-18-22,Cancelled,Amazon,Amazon.in,Expedited,SET374,SET374-KR-NP-XS,Set,XS,B09NDKGZ6V,Cancelled,0,,,JAIPUR,RAJASTHAN,302017.0,IN,,False,,False
51976,404-4554388-8791515,05-29-22,Shipped - Delivered to Buyer,Merchant,Amazon.in,Standard,J0102,J0102-SKD-XXL,Set,XXL,B09HMSPY2J,Shipped,1,INR,1186.0,COIMBATORE,TAMIL NADU,641022.0,IN,"Amazon PLCC Free-Financing Universal Merchant AAT-WNKTBO3K27EJC,Amazon PLCC Free-Financing Universal Merchant AAT-QX3UCCJESKPA2,Amazon PLCC Free-Financing Universal Merchant AAT-5QQ7BIYYQEDN2,Amazon PLCC Free-Financing Universal Merchant AAT-DSJ2QRXXWXVMQ,Amazon PLCC Free-Financing Universal Merchant AAT-CXJHMC2YJUK76,Amazon PLCC Free-Financing Universal Merchant AAT-SL3Y2YRMAUNFC,Amazon PLCC Free-Financing Universal Merchant AAT-CC4FAVTYR4X7C,Amazon PLCC Free-Financing Universal Merchant AAT-FYWJCQHU2XQ2U,Amazon PLCC Free-Financing Universal Merchant AAT-EOKPWFWYW7Y6I,Amazon PLCC Free-Financing Universal Merchant AAT-URPEBMPS7TSPE,Amazon PLCC Free-Financing Universal Merchant AAT-5ZEB2OGNZ32MC,Amazon PLCC Free-Financing Universal Merchant AAT-CAK4QZ7KEFRQU,Amazon PLCC Free-Financing Universal Merchant AAT-YZJ5BRTPINRLK,Amazon PLCC Free-Financing Universal Merchant AAT-SNWJTEAZA2JRI,Amazon PLCC Free-Financing Universal Merchant AAT-BBJ6FVTP3QKBO,Amazon PLCC Free-Financing Universal Merchant AAT-BRSZZ45H6MHAO,Amazon PLCC Free-Financing Universal Merchant AAT-MKLXOOZWQL7GO,Amazon PLCC Free-Financing Universal Merchant AAT-CB7UNXEXGIJTC,Amazon PLCC Free-Financing Universal Merchant #MP-gzasho-1593152694811,Amazon PLCC Free-Financing Universal Merchant AAT-WLBA4GZ52EAH4",False,Easy Ship,False
69706,171-2849921-3321147,05-15-22,Cancelled,Merchant,Amazon.in,Standard,J0230,J0230-SKD-M,Set,M,B08XNJG8B1,,0,INR,1204.46,DEHRADUN,UTTARAKHAND,248001.0,IN,,False,Easy Ship,False
29891,402-6281616-3252319,04-13-22,Shipped,Amazon,Amazon.in,Expedited,JNE3373,JNE3373-KR-L,kurta,L,B082W7GVH7,Shipped,1,INR,376.0,BENGALURU,KARNATAKA,560048.0,IN,,False,,
87903,404-2603497-3545151,05-02-22,Shipped,Amazon,Amazon.in,Expedited,J0346,J0346-SET-XL,Set,XL,B0983G1KLL,Shipped,1,INR,464.0,SALEM,TAMIL NADU,636003.0,IN,IN Core Free Shipping 2015/04/08 23-48-5-108,False,,False
8588,404-2323924-6631552,04-25-22,Shipped,Amazon,Amazon.in,Expedited,J0002,J0002-SKD-L,Set,L,B0894X3VKQ,Shipped,1,INR,1115.0,DADRI,UTTAR PRADESH,201008.0,IN,IN Core Free Shipping 2015/04/08 23-48-5-108,False,,
33985,406-1607140-6324314,04-10-22,Shipped - Delivered to Buyer,Merchant,Amazon.in,Standard,SET144,SET144-KR-NP-S,Set,S,B0822SHZ5K,Shipped,1,INR,788.0,Haldwani,UTTARAKHAND,263139.0,IN,"Amazon PLCC Free-Financing Universal Merchant AAT-WNKTBO3K27EJC,Amazon PLCC Free-Financing Universal Merchant AAT-QX3UCCJESKPA2,Amazon PLCC Free-Financing Universal Merchant AAT-CXJHMC2YJUK76,Amazon PLCC Free-Financing Universal Merchant AAT-SL3Y2YRMAUNFC,Amazon PLCC Free-Financing Universal Merchant AAT-CC4FAVTYR4X7C,Amazon PLCC Free-Financing Universal Merchant AAT-XXRCW6NZEPZI4,Amazon PLCC Free-Financing Universal Merchant AAT-R7GXNZWISTRFA,Amazon PLCC Free-Financing Universal Merchant AAT-EOKPWFWYW7Y6I,Amazon PLCC Free-Financing Universal Merchant AAT-ZYL5UPUNW6T62,Amazon PLCC Free-Financing Universal Merchant AAT-G5ZRX4BZOIODU,Amazon PLCC Free-Financing Universal Merchant AAT-P3CSUAK4HTEP2,Amazon PLCC Free-Financing Universal Merchant AAT-TNYBHEAO7HOHO,Amazon PLCC Free-Financing Universal Merchant AAT-BRSZZ45H6MHAO,Amazon PLCC Free-Financing Universal Merchant AAT-MKLXOOZWQL7GO,Amazon PLCC Free-Financing Universal Merchant AAT-CB7UNXEXGIJTC,Amazon PLCC Free-Financing Universal Merchant #MP-gzasho-1593152694811,Amazon PLCC Free-Financing Universal Merchant AAT-WLBA4GZ52EAH4,Amazon PLCC Free-Financing Universal Merchant AAT-QMFZ3M7T5NPDS,Amazon PLCC Free-Financing Universal Merchant #MP-pmilan-1601980554292",False,Easy Ship,
125642,405-3346352-7093139,06-03-22,Shipped,Amazon,Amazon.in,Expedited,SET433,SET433-KR-NP-XS,Set,XS,B09TH5QJ45,Shipped,1,INR,560.0,KUMHER,RAJASTHAN,321201.0,IN,IN Core Free Shipping 2015/04/08 23-48-5-108,False,,False
9093,406-4669674-9461941,04-24-22,Shipped,Amazon,Amazon.in,Expedited,MEN5004,MEN5004-KR-M,kurta,M,B08YYYZMKB,Shipped,1,INR,484.0,New Town,WEST BENGAL,700135.0,IN,,False,,
10157,406-9851396-8644327,04-24-22,Shipped - Delivered to Buyer,Merchant,Amazon.in,Standard,MEN5027,MEN5027-KR-M,kurta,M,B08YYPMZ67,Shipped,1,INR,475.0,Thane,MAHARASHTRA,400606.0,IN,"Amazon PLCC Free-Financing Universal Merchant AAT-WNKTBO3K27EJC,Amazon PLCC Free-Financing Universal Merchant AAT-QX3UCCJESKPA2,Amazon PLCC Free-Financing Universal Merchant AAT-5QQ7BIYYQEDN2,Amazon PLCC Free-Financing Universal Merchant AAT-DSJ2QRXXWXVMQ,Amazon PLCC Free-Financing Universal Merchant AAT-CXJHMC2YJUK76,Amazon PLCC Free-Financing Universal Merchant AAT-CC4FAVTYR4X7C,Amazon PLCC Free-Financing Universal Merchant AAT-XXRCW6NZEPZI4,Amazon PLCC Free-Financing Universal Merchant AAT-EOKPWFWYW7Y6I,Amazon PLCC Free-Financing Universal Merchant AAT-ZYL5UPUNW6T62,Amazon PLCC Free-Financing Universal Merchant AAT-G5ZRX4BZOIODU,Amazon PLCC Free-Financing Universal Merchant AAT-DELQQPYRTQEMS,Amazon PLCC Free-Financing Universal Merchant AAT-ETXQ3XXWMRXBG,Amazon PLCC Free-Financing Universal Merchant AAT-TNYBHEAO7HOHO,Amazon PLCC Free-Financing Universal Merchant AAT-BRSZZ45H6MHAO,Amazon PLCC Free-Financing Universal Merchant AAT-MKLXOOZWQL7GO,Amazon PLCC Free-Financing Universal Merchant AAT-CB7UNXEXGIJTC,Amazon PLCC Free-Financing Universal Merchant #MP-gzasho-1593152694811,Amazon PLCC Free-Financing Universal Merchant AAT-WLBA4GZ52EAH4,Amazon PLCC Free-Financing Universal Merchant AAT-QMFZ3M7T5NPDS,Amazon PLCC Free-Financing Universal Merchant #MP-pmilan-1601980554292",False,Easy Ship,
127520,402-2891460-9894719,06-01-22,Cancelled,Amazon,Amazon.in,Expedited,JNE3784,JNE3784-KR-L,kurta,L,B09K3TM23D,Cancelled,0,,,Khardaha,WEST BENGAL,700118.0,IN,,False,,False
30385,171-0442536-7993105,04-12-22,Shipped - Delivered to Buyer,Merchant,Amazon.in,Standard,MEN5007,MEN5007-KR-L,kurta,L,B08YYXSP8X,Shipped,1,INR,475.0,PIMPRI CHINCHWAD,MAHARASHTRA,411033.0,IN,"Amazon PLCC Free-Financing Universal Merchant AAT-WNKTBO3K27EJC,Amazon PLCC Free-Financing Universal Merchant AAT-QX3UCCJESKPA2,Amazon PLCC Free-Financing Universal Merchant AAT-CXJHMC2YJUK76,Amazon PLCC Free-Financing Universal Merchant AAT-CC4FAVTYR4X7C,Amazon PLCC Free-Financing Universal Merchant AAT-XXRCW6NZEPZI4,Amazon PLCC Free-Financing Universal Merchant AAT-CXNSLNBROFDW4,Amazon PLCC Free-Financing Universal Merchant AAT-WSJLDN3X7KEMO,Amazon PLCC Free-Financing Universal Merchant AAT-VL6FGQVGQVXUS,Amazon PLCC Free-Financing Universal Merchant AAT-EOKPWFWYW7Y6I,Amazon PLCC Free-Financing Universal Merchant AAT-G5ZRX4BZOIODU,Amazon PLCC Free-Financing Universal Merchant AAT-ACZIPIA37BFIY,Amazon PLCC Free-Financing Universal Merchant AAT-4UKS7UWZY3AES,Amazon PLCC Free-Financing Universal Merchant AAT-DELQQPYRTQEMS,Amazon PLCC Free-Financing Universal Merchant AAT-BRSZZ45H6MHAO,Amazon PLCC Free-Financing Universal Merchant AAT-MKLXOOZWQL7GO,Amazon PLCC Free-Financing Universal Merchant AAT-CB7UNXEXGIJTC,Amazon PLCC Free-Financing Universal Merchant #MP-gzasho-1593152694811,Amazon PLCC Free-Financing Universal Merchant AAT-WLBA4GZ52EAH4",False,Easy Ship,
59877,405-8336974-6574749,05-23-22,Shipped - Delivered to Buyer,Merchant,Amazon.in,Standard,JNE3790,JNE3790-KR-M,kurta,M,B09KXLRVWY,Shipped,1,INR,307.0,HYDERABAD,TELANGANA,500085.0,IN,"Amazon PLCC Free-Financing Universal Merchant AAT-WNKTBO3K27EJC,Amazon PLCC Free-Financing Universal Merchant AAT-QX3UCCJESKPA2,Amazon PLCC Free-Financing Universal Merchant AAT-5QQ7BIYYQEDN2,Amazon PLCC Free-Financing Universal Merchant AAT-DSJ2QRXXWXVMQ,Amazon PLCC Free-Financing Universal Merchant AAT-CXJHMC2YJUK76,Amazon PLCC Free-Financing Universal Merchant AAT-CC4FAVTYR4X7C,Amazon PLCC Free-Financing Universal Merchant AAT-FYWJCQHU2XQ2U,Amazon PLCC Free-Financing Universal Merchant AAT-WSJLDN3X7KEMO,Amazon PLCC Free-Financing Universal Merchant AAT-VL6FGQVGQVXUS,Amazon PLCC Free-Financing Universal Merchant AAT-EOKPWFWYW7Y6I,Amazon PLCC Free-Financing Universal Merchant AAT-4ZN7U6MMDFGWM,Amazon PLCC Free-Financing Universal Merchant AAT-PAWHL2EB33U42,Amazon PLCC Free-Financing Universal Merchant AAT-7WX4JYESZISLU,Amazon PLCC Free-Financing Universal Merchant AAT-CIX56SGGAWUYW,Amazon PLCC Free-Financing Universal Merchant AAT-DMQVBJASKTAHS,Amazon PLCC Free-Financing Universal Merchant AAT-5VXFLMD6EKIFC,Amazon PLCC Free-Financing Universal Merchant AAT-BRSZZ45H6MHAO,Amazon PLCC Free-Financing Universal Merchant AAT-MKLXOOZWQL7GO,Amazon PLCC Free-Financing Universal Merchant AAT-CB7UNXEXGIJTC,Amazon PLCC Free-Financing Universal Merchant #MP-gzasho-1593152694811,Amazon PLCC Free-Financing Universal Merchant AAT-WLBA4GZ52EAH4",False,Easy Ship,False
12283,171-6683623-2709143,04-23-22,Shipped - Returned to Seller,Merchant,Amazon.in,Standard,MEN5011,MEN5011-KR-XXXL,kurta,3XL,B08YYYQXBM,Shipped,1,INR,499.0,MUMBAI,MAHARASHTRA,400069.0,IN,"Amazon PLCC Free-Financing Universal Merchant AAT-WNKTBO3K27EJC,Amazon PLCC Free-Financing Universal Merchant AAT-QX3UCCJESKPA2,Amazon PLCC Free-Financing Universal Merchant AAT-5QQ7BIYYQEDN2,Amazon PLCC Free-Financing Universal Merchant AAT-DSJ2QRXXWXVMQ,Amazon PLCC Free-Financing Universal Merchant AAT-CXJHMC2YJUK76,Amazon PLCC Free-Financing Universal Merchant AAT-SL3Y2YRMAUNFC,Amazon PLCC Free-Financing Universal Merchant AAT-CC4FAVTYR4X7C,Amazon PLCC Free-Financing Universal Merchant AAT-XXRCW6NZEPZI4,Amazon PLCC Free-Financing Universal Merchant SS-1643890021772,Amazon PLCC Free-Financing Universal Merchant AAT-R7GXNZWISTRFA,Amazon PLCC Free-Financing Universal Merchant AAT-EOKPWFWYW7Y6I,Amazon PLCC Free-Financing Universal Merchant AAT-ZYL5UPUNW6T62,Amazon PLCC Free-Financing Universal Merchant AAT-G5ZRX4BZOIODU,Amazon PLCC Free-Financing Universal Merchant AAT-P3CSUAK4HTEP2,Amazon PLCC Free-Financing Universal Merchant AAT-DELQQPYRTQEMS,Amazon PLCC Free-Financing Universal Merchant AAT-ETXQ3XXWMRXBG,Amazon PLCC Free-Financing Universal Merchant AAT-TNYBHEAO7HOHO,Amazon PLCC Free-Financing Universal Merchant AAT-BRSZZ45H6MHAO,Amazon PLCC Free-Financing Universal Merchant AAT-MKLXOOZWQL7GO,Amazon PLCC Free-Financing Universal Merchant AAT-CB7UNXEXGIJTC,Amazon PLCC Free-Financing Universal Merchant #MP-gzasho-1593152694811,Amazon PLCC Free-Financing Universal Merchant AAT-WLBA4GZ52EAH4,Amazon PLCC Free-Financing Universal Merchant AAT-QMFZ3M7T5NPDS,Amazon PLCC Free-Financing Universal Merchant #MP-pmilan-1601980554292",False,Easy Ship,
44902,403-0617550-0869148,04-03-22,Shipped - Delivered to Buyer,Merchant,Amazon.in,Standard,JNE3742,JNE3742-KR-L,kurta,L,B099NP71TV,Shipped,1,INR,427.0,BANGALORE,KARNATAKA,560026.0,IN,"Amazon PLCC Free-Financing Universal Merchant AAT-WNKTBO3K27EJC,Amazon PLCC Free-Financing Universal Merchant AAT-QX3UCCJESKPA2,Amazon PLCC Free-Financing Universal Merchant AAT-CXJHMC2YJUK76,Amazon PLCC Free-Financing Universal Merchant AAT-SL3Y2YRMAUNFC,Amazon PLCC Free-Financing Universal Merchant AAT-CC4FAVTYR4X7C,Amazon PLCC Free-Financing Universal Merchant AAT-GX73LJKJC2A3Y,Amazon PLCC Free-Financing Universal Merchant AAT-XXRCW6NZEPZI4,Amazon PLCC Free-Financing Universal Merchant AAT-EOKPWFWYW7Y6I,Amazon PLCC Free-Financing Universal Merchant AAT-ZYL5UPUNW6T62,Amazon PLCC Free-Financing Universal Merchant AAT-G5ZRX4BZOIODU,Amazon PLCC Free-Financing Universal Merchant AAT-YFJA6XMAMWZSK,Amazon PLCC Free-Financing Universal Merchant AAT-K66BSCE2J2V5E,Amazon PLCC Free-Financing Universal Merchant AAT-TNYBHEAO7HOHO,Amazon PLCC Free-Financing Universal Merchant AAT-BRSZZ45H6MHAO,Amazon PLCC Free-Financing Universal Merchant AAT-MKLXOOZWQL7GO,Amazon PLCC Free-Financing Universal Merchant AAT-CB7UNXEXGIJTC,Amazon PLCC Free-Financing Universal Merchant #MP-gzasho-1593152694811,Amazon PLCC Free-Financing Universal Merchant AAT-WLBA4GZ52EAH4,Amazon PLCC Free-Financing Universal Merchant AAT-QMFZ3M7T5NPDS,Amazon PLCC Free-Financing Universal Merchant #MP-pmilan-1601980554292",False,Easy Ship,
29774,405-6980471-6369932,04-13-22,Shipped,Amazon,Amazon.in,Expedited,JNE3779,JNE3779-KR-M,kurta,M,B09SDXVJNP,Shipped,1,INR,432.0,SRIKAKULAM,ANDHRA PRADESH,532001.0,IN,IN Core Free Shipping 2015/04/08 23-48-5-108,False,,
12702,402-7493583-9017159,04-22-22,Shipped,Amazon,Amazon.in,Expedited,JNE3781,JNE3781-KR-XXL,kurta,XXL,B09K3XTK9M,Shipped,1,INR,406.0,CHIDAMBARAM,TAMIL NADU,608001.0,IN,Duplicated A12RHGVGRWOT3S 1560498941486,False,,
90163,408-7994694-5245914,05-01-22,Shipped,Amazon,Amazon.in,Expedited,JNE3452,JNE3452-KR-L,kurta,L,B08HK6YSWK,Shipped,1,INR,291.0,LUDHIANA,PUNJAB,141004.0,IN,IN Core Free Shipping 2015/04/08 23-48-5-108,False,,False
104538,406-5723651-8226717,06-18-22,Shipped,Amazon,Amazon.in,Expedited,SET323,SET323-KR-NP-XXXL,Set,3XL,B09NDLZF7K,Shipped,1,INR,939.0,BENGALURU,KARNATAKA,560047.0,IN,,False,,False
54600,403-3782559-1760336,05-27-22,Shipped,Amazon,Amazon.in,Expedited,MEN5004,MEN5004-KR-XXL,kurta,XXL,B08YZ16M9S,Shipped,1,INR,709.0,PATNA,BIHAR,800020.0,IN,IN Core Free Shipping 2015/04/08 23-48-5-108,False,,False
85526,403-5602088-7418733,05-03-22,Shipped - Delivered to Buyer,Merchant,Amazon.in,Standard,JNE2014,JNE2014-KR-178-L,kurta,L,B0783Q5HMF,Shipped,1,INR,353.0,HYDERABAD,TELANGANA,500016.0,IN,"Amazon PLCC Free-Financing Universal Merchant AAT-WNKTBO3K27EJC,Amazon PLCC Free-Financing Universal Merchant AAT-QX3UCCJESKPA2,Amazon PLCC Free-Financing Universal Merchant AAT-5QQ7BIYYQEDN2,Amazon PLCC Free-Financing Universal Merchant AAT-DSJ2QRXXWXVMQ,Amazon PLCC Free-Financing Universal Merchant AAT-CXJHMC2YJUK76,Amazon PLCC Free-Financing Universal Merchant AAT-CC4FAVTYR4X7C,Amazon PLCC Free-Financing Universal Merchant AAT-FYWJCQHU2XQ2U,Amazon PLCC Free-Financing Universal Merchant AAT-R7GXNZWISTRFA,Amazon PLCC Free-Financing Universal Merchant AAT-EOKPWFWYW7Y6I,Amazon PLCC Free-Financing Universal Merchant AAT-URPEBMPS7TSPE,Amazon PLCC Free-Financing Universal Merchant AAT-3R6UGYISJQCKA,Amazon PLCC Free-Financing Universal Merchant AAT-B4XD5CKOZFUO6,Amazon PLCC Free-Financing Universal Merchant AAT-WA3O6HTUZGC2M,Amazon PLCC Free-Financing Universal Merchant AAT-CIALTIPNFIG2E,Amazon PLCC Free-Financing Universal Merchant AAT-R24EXPJ2OZUEK,Amazon PLCC Free-Financing Universal Merchant AAT-A6EVSKTLHUNI4,Amazon PLCC Free-Financing Universal Merchant AAT-56V5XGGAEKQWC,Amazon PLCC Free-Financing Universal Merchant AAT-V35YNZJGNRNUQ,Amazon PLCC Free-Financing Universal Merchant AAT-JKICCRTK4FJLC,Amazon PLCC Free-Financing Universal Merchant AAT-IW7FKCNMUEENG,Amazon PLCC Free-Financing Universal Merchant AAT-GGYFSBBAGFEHC,Amazon PLCC Free-Financing Universal Merchant AAT-BRSZZ45H6MHAO,Amazon PLCC Free-Financing Universal Merchant AAT-MKLXOOZWQL7GO,Amazon PLCC Free-Financing Universal Merchant AAT-CB7UNXEXGIJTC,Amazon PLCC Free-Financing Universal Merchant #MP-gzasho-1593152694811,Amazon PLCC Free-Financing Universal Merchant AAT-WLBA4GZ52EAH4",False,Easy Ship,False
85576,404-4102949-9961161,05-03-22,Shipped,Amazon,Amazon.in,Expedited,J0012,J0012-SKD-XXXL,Set,3XL,B0894Y1W9Q,Shipped,1,INR,1140.0,HYDERABAD,TELANGANA,500075.0,IN,IN Core Free Shipping 2015/04/08 23-48-5-108,False,,False
120886,405-6849257-1803526,06-06-22,Shipped,Amazon,Amazon.in,Expedited,JNE3671,JNE3671-TU-XXL,Top,XXL,B0986X16BT,Shipped,1,INR,826.0,NEW DELHI,DELHI,110065.0,IN,,False,,False
28427,403-9087456-7377126,04-13-22,Shipped - Delivered to Buyer,Merchant,Amazon.in,Standard,JNE3870,JNE3870-DR-L,Western Dress,L,B09RK7N97N,Shipped,1,INR,721.0,CHENNAI,TAMIL NADU,600119.0,IN,"Amazon PLCC Free-Financing Universal Merchant AAT-WNKTBO3K27EJC,Amazon PLCC Free-Financing Universal Merchant AAT-QX3UCCJESKPA2,Amazon PLCC Free-Financing Universal Merchant AAT-CXJHMC2YJUK76,Amazon PLCC Free-Financing Universal Merchant AAT-CC4FAVTYR4X7C,Amazon PLCC Free-Financing Universal Merchant AAT-XXRCW6NZEPZI4,Amazon PLCC Free-Financing Universal Merchant AAT-EOKPWFWYW7Y6I,Amazon PLCC Free-Financing Universal Merchant AAT-ZYL5UPUNW6T62,Amazon PLCC Free-Financing Universal Merchant AAT-G5ZRX4BZOIODU,Amazon PLCC Free-Financing Universal Merchant AAT-LMLYJV5SYVNDA,Amazon PLCC Free-Financing Universal Merchant AAT-PZHUW6DZX4BPS,Amazon PLCC Free-Financing Universal Merchant AAT-BRSZZ45H6MHAO,Amazon PLCC Free-Financing Universal Merchant AAT-MKLXOOZWQL7GO,Amazon PLCC Free-Financing Universal Merchant AAT-CB7UNXEXGIJTC,Amazon PLCC Free-Financing Universal Merchant #MP-gzasho-1593152694811,Amazon PLCC Free-Financing Universal Merchant AAT-WLBA4GZ52EAH4",False,Easy Ship,
94331,402-4617305-9215568,06-26-22,Cancelled,Amazon,Amazon.in,Expedited,JNE3739,JNE3739-KR-XL,kurta,XL,B099FD3RH8,Cancelled,0,,,MUZAFFARPUR,BIHAR,842002.0,IN,,False,,False
7027,406-2744762-0946767,04-26-22,Shipped,Amazon,Amazon.in,Expedited,J0306,J0306-DR-M,Western Dress,M,B099P5P6Y2,Shipped,1,INR,690.0,BENGALURU,KARNATAKA,560087.0,IN,,False,,
33046,404-9990602-5797161,04-10-22,Shipped,Amazon,Amazon.in,Expedited,MEN5017,MEN5017-KR-L,kurta,L,B08YZ1JHHZ,Shipped,1,INR,549.0,SEDAM,KARNATAKA,585222.0,IN,IN Core Free Shipping 2015/04/08 23-48-5-108,False,,
6847,408-8029146-8949107,04-26-22,Shipped - Delivered to Buyer,Merchant,Amazon.in,Standard,SET363,SET363-KR-NP-XXXL,Set,3XL,B09TH37FXC,Shipped,1,INR,1338.0,MUMBAI,MAHARASHTRA,400037.0,IN,"Amazon PLCC Free-Financing Universal Merchant AAT-WNKTBO3K27EJC,Amazon PLCC Free-Financing Universal Merchant AAT-QX3UCCJESKPA2,Amazon PLCC Free-Financing Universal Merchant AAT-5QQ7BIYYQEDN2,Amazon PLCC Free-Financing Universal Merchant AAT-DSJ2QRXXWXVMQ,Amazon PLCC Free-Financing Universal Merchant AAT-CXJHMC2YJUK76,Amazon PLCC Free-Financing Universal Merchant AAT-CC4FAVTYR4X7C,Amazon PLCC Free-Financing Universal Merchant AAT-XXRCW6NZEPZI4,Amazon PLCC Free-Financing Universal Merchant AAT-EOKPWFWYW7Y6I,Amazon PLCC Free-Financing Universal Merchant AAT-ZYL5UPUNW6T62,Amazon PLCC Free-Financing Universal Merchant AAT-G5ZRX4BZOIODU,Amazon PLCC Free-Financing Universal Merchant AAT-PZHUW6DZX4BPS,Amazon PLCC Free-Financing Universal Merchant AAT-ETXQ3XXWMRXBG,Amazon PLCC Free-Financing Universal Merchant AAT-7X3XCTYG64VBE,Amazon PLCC Free-Financing Universal Merchant AAT-7CHGD3WTS3MHM,Amazon PLCC Free-Financing Universal Merchant AAT-26ZDKNME27X42,Amazon PLCC Free-Financing Universal Merchant AAT-4ZF5KN6E4LJK4,Amazon PLCC Free-Financing Universal Merchant AAT-7RCXIKUAX7DDY,Amazon PLCC Free-Financing Universal Merchant AAT-BRSZZ45H6MHAO,Amazon PLCC Free-Financing Universal Merchant AAT-MKLXOOZWQL7GO,Amazon PLCC Free-Financing Universal Merchant AAT-CB7UNXEXGIJTC,Amazon PLCC Free-Financing Universal Merchant #MP-gzasho-1593152694811,Amazon PLCC Free-Financing Universal Merchant AAT-WLBA4GZ52EAH4",False,Easy Ship,
114036,408-7090703-4158752,06-11-22,Shipped,Amazon,Amazon.in,Expedited,J0335,J0335-DR-L,Western Dress,L,B09831T4CQ,Shipped,1,INR,1294.0,GAJRAULA,UTTAR PRADESH,244235.0,IN,,False,,False
44596,171-7605615-1721117,04-03-22,Shipped,Amazon,Amazon.in,Expedited,J0334,J0334-TP-XS,Top,XS,B0986XV48J,Shipped,1,INR,549.0,CHENNAI,TAMIL NADU,600029.0,IN,IN Core Free Shipping 2015/04/08 23-48-5-108,False,,
58887,406-9110386-6536322,05-24-22,Shipped,Amazon,Amazon.in,Expedited,J0339,J0339-DR-XXL,Western Dress,XXL,B0982ZRDSY,Shipped,1,INR,825.0,"Vashi Koparkhairane Road, NAVI MUMBAI",MAHARASHTRA,400709.0,IN,,False,,False
17923,402-0661633-2149145,04-20-22,Shipped,Amazon,Amazon.in,Expedited,JNE3373,JNE3373-KR-XXL,kurta,XXL,B082W8RWN1,Shipped,1,INR,376.0,CHENNAI,TAMIL NADU,600032.0,IN,IN Core Free Shipping 2015/04/08 23-48-5-108,False,,
26584,171-4755585-0619565,04-14-22,Shipped,Amazon,Amazon.in,Expedited,JNE3364,JNE3364-KR-1051-A-XS,kurta,XS,B07WP5J1L6,Shipped,1,INR,376.0,NAGPUR,MAHARASHTRA,440008.0,IN,IN Core Free Shipping 2015/04/08 23-48-5-108,False,,
84938,403-5621412-3554732,05-04-22,Shipped,Amazon,Amazon.in,Expedited,JNE2305,JNE2305-KR-533-S,kurta,S,B07GRVXGV9,Shipped,1,INR,357.0,BENGALURU,KARNATAKA,560068.0,IN,,False,,False
14960,403-8577147-8177128,04-21-22,Shipped,Amazon,Amazon.in,Expedited,JNE3291,JNE3291-KR-S,kurta,S,B07R41RHRH,Shipped,1,INR,442.0,HONAVAR,KARNATAKA,581361.0,IN,,False,,
80743,408-4562295-6959555,05-06-22,Shipped,Amazon,Amazon.in,Expedited,SET374,SET374-KR-NP-M,Set,M,B09NDKJKPN,Shipped,1,INR,626.0,bhubaneswar,ODISHA,751024.0,IN,IN Core Free Shipping 2015/04/08 23-48-5-108,False,,False
104745,403-5523087-5786743,06-18-22,Shipped,Amazon,Amazon.in,Expedited,SET392,SET392-KR-NP-S,Set,S,B09RKD9PDZ,Shipped,1,INR,799.0,BENGALURU,KARNATAKA,560100.0,IN,IN Core Free Shipping 2015/04/08 23-48-5-108,False,,False
32180,405-6035246-7525132,04-11-22,Shipped,Amazon,Amazon.in,Expedited,J0008,J0008-SKD-XL,Set,XL,B0894X711G,Shipped,1,INR,1133.0,BENGALURU 560037,KARNATAKA,560037.0,IN,IN Core Free Shipping 2015/04/08 23-48-5-108,False,,
123937,402-5240704-0181944,06-04-22,Shipped - Delivered to Buyer,Merchant,Amazon.in,Standard,JNE3797,JNE3797-KR-XXL,Western Dress,XXL,B09SDXSQ33,Shipped,1,INR,735.0,MUMBAI 400102,MAHARASHTRA,400102.0,IN,"Amazon PLCC Free-Financing Universal Merchant AAT-WNKTBO3K27EJC,Amazon PLCC Free-Financing Universal Merchant AAT-QX3UCCJESKPA2,Amazon PLCC Free-Financing Universal Merchant AAT-5QQ7BIYYQEDN2,Amazon PLCC Free-Financing Universal Merchant AAT-DSJ2QRXXWXVMQ,Amazon PLCC Free-Financing Universal Merchant AAT-CXJHMC2YJUK76,Amazon PLCC Free-Financing Universal Merchant AAT-CC4FAVTYR4X7C,Amazon PLCC Free-Financing Universal Merchant AAT-EWAPBB6BDRGM6,Amazon PLCC Free-Financing Universal Merchant AAT-EOKPWFWYW7Y6I,Amazon PLCC Free-Financing Universal Merchant AAT-NT3ZJJGQ3JK3Q,Amazon PLCC Free-Financing Universal Merchant AAT-Z7SKZOEIDWRU4,Amazon PLCC Free-Financing Universal Merchant AAT-5QNBXTEQWGXOW,Amazon PLCC Free-Financing Universal Merchant AAT-TNYBHEAO7HOHO,Amazon PLCC Free-Financing Universal Merchant AAT-BRSZZ45H6MHAO,Amazon PLCC Free-Financing Universal Merchant AAT-MKLXOOZWQL7GO,Amazon PLCC Free-Financing Universal Merchant AAT-CB7UNXEXGIJTC,Amazon PLCC Free-Financing Universal Merchant #MP-gzasho-1593152694811,Amazon PLCC Free-Financing Universal Merchant AAT-WLBA4GZ52EAH4,Amazon PLCC Free-Financing Universal Merchant AAT-QMFZ3M7T5NPDS,Amazon PLCC Free-Financing Universal Merchant #MP-pmilan-1601980554292",False,Easy Ship,False
12808,171-7785349-0705959,04-22-22,Shipped,Amazon,Amazon.in,Expedited,SET374,SET374-KR-NP-L,Set,L,B09NDKQD88,Shipped,1,INR,597.0,Mira road east,MAHARASHTRA,401107.0,IN,,False,,
53414,408-9520246-4698702,05-28-22,Shipped,Amazon,Amazon.in,Expedited,J0012,J0012-SKD-XXL,Set,XXL,B0894X9LNS,Shipped,1,INR,1199.0,INDORE,MADHYA PRADESH,452010.0,IN,,True,,False
30301,171-6293179-9770725,04-12-22,Shipped,Amazon,Amazon.in,Expedited,SET380,SET380-KR-NP-XXXL,Set,3XL,B09QJ3F6T9,Shipped,1,INR,995.0,BADLAPUR West,MAHARASHTRA,421503.0,IN,,False,,
4704,403-9224924-5515513,04-27-22,Cancelled,Merchant,Amazon.in,Standard,JNE3805,JNE3805-KR-XS,kurta,XS,B09K415WZ1,,0,INR,437.14,BICHOLIM,GOA,403504.0,IN,,False,Easy Ship,
125753,408-8749167-0951518,06-03-22,Shipped - Delivered to Buyer,Merchant,Amazon.in,Standard,MEN5025,MEN5025-KR-XXXL,kurta,3XL,B08YYQS8FH,Shipped,1,INR,0.0,Kolkata,WEST BENGAL,700061.0,IN,"Amazon PLCC Free-Financing Universal Merchant AAT-5QQ7BIYYQEDN2,Amazon PLCC Free-Financing Universal Merchant AAT-DSJ2QRXXWXVMQ,Amazon PLCC Free-Financing Universal Merchant AAT-EWAPBB6BDRGM6,Amazon PLCC Free-Financing Universal Merchant AAT-AMKH7SAAONETC,Amazon PLCC Free-Financing Universal Merchant AAT-56XNPXK2K7OLI,Amazon PLCC Free-Financing Universal Merchant AAT-Z7SKZOEIDWRU4,Amazon PLCC Free-Financing Universal Merchant AAT-SYBM7O5OQIPGQ,Amazon PLCC Free-Financing Universal Merchant #MP-gzasho-1593152694811",False,Easy Ship,False
3381,403-7985902-0760311,04-28-22,Shipped - Delivered to Buyer,Merchant,Amazon.in,Standard,JNE3794,JNE3794-KR-XXL,kurta,XXL,B09HMS8F1B,Shipped,1,INR,517.0,TRIVANDRUM,KERALA,695006.0,IN,"Amazon PLCC Free-Financing Universal Merchant AAT-WNKTBO3K27EJC,Amazon PLCC Free-Financing Universal Merchant AAT-QX3UCCJESKPA2,Amazon PLCC Free-Financing Universal Merchant AAT-5QQ7BIYYQEDN2,Amazon PLCC Free-Financing Universal Merchant AAT-DSJ2QRXXWXVMQ,Amazon PLCC Free-Financing Universal Merchant AAT-CXJHMC2YJUK76,Amazon PLCC Free-Financing Universal Merchant AAT-SL3Y2YRMAUNFC,Amazon PLCC Free-Financing Universal Merchant AAT-CC4FAVTYR4X7C,Amazon PLCC Free-Financing Universal Merchant AAT-XXRCW6NZEPZI4,Amazon PLCC Free-Financing Universal Merchant AAT-R7GXNZWISTRFA,Amazon PLCC Free-Financing Universal Merchant AAT-EOKPWFWYW7Y6I,Amazon PLCC Free-Financing Universal Merchant AAT-ZYL5UPUNW6T62,Amazon PLCC Free-Financing Universal Merchant AAT-G5ZRX4BZOIODU,Amazon PLCC Free-Financing Universal Merchant AAT-P3CSUAK4HTEP2,Amazon PLCC Free-Financing Universal Merchant AAT-23LLL7GZCLBVW,Amazon PLCC Free-Financing Universal Merchant AAT-PZHUW6DZX4BPS,Amazon PLCC Free-Financing Universal Merchant AAT-ETXQ3XXWMRXBG,Amazon PLCC Free-Financing Universal Merchant AAT-7X3XCTYG64VBE,Amazon PLCC Free-Financing Universal Merchant AAT-7CHGD3WTS3MHM,Amazon PLCC Free-Financing Universal Merchant AAT-26ZDKNME27X42,Amazon PLCC Free-Financing Universal Merchant AAT-4ZF5KN6E4LJK4,Amazon PLCC Free-Financing Universal Merchant AAT-7RCXIKUAX7DDY,Amazon PLCC Free-Financing Universal Merchant AAT-TNYBHEAO7HOHO,Amazon PLCC Free-Financing Universal Merchant AAT-BRSZZ45H6MHAO,Amazon PLCC Free-Financing Universal Merchant AAT-MKLXOOZWQL7GO,Amazon PLCC Free-Financing Universal Merchant AAT-CB7UNXEXGIJTC,Amazon PLCC Free-Financing Universal Merchant #MP-gzasho-1593152694811,Amazon PLCC Free-Financing Universal Merchant AAT-WLBA4GZ52EAH4,Amazon PLCC Free-Financing Universal Merchant AAT-QMFZ3M7T5NPDS,Amazon PLCC Free-Financing Universal Merchant #MP-pmilan-1601980554292",False,Easy Ship,
123264,407-0348511-1329923,06-05-22,Shipped,Amazon,Amazon.in,Expedited,JNE3373,JNE3373-KR-XL,kurta,XL,B082W8BXW1,Shipped,1,INR,376.0,BENGALURU,KARNATAKA,560066.0,IN,IN Core Free Shipping 2015/04/08 23-48-5-108,False,,False
128392,171-2296757-5626745,06-01-22,Cancelled,Merchant,Amazon.in,Standard,JNE3688,JNE3688-TU-XS,Top,XS,B099S8ZV85,,0,INR,570.48,NAGPUR,MAHARASHTRA,440008.0,IN,,False,Easy Ship,False
26973,171-7061712-7496334,04-14-22,Cancelled,Merchant,Amazon.in,Standard,SET405,SET405-KR-NP-XL,Set,XL,B09QJ3XPJ8,,0,INR,690.48,MUMBAI,MAHARASHTRA,400101.0,IN,,False,Easy Ship,
73308,404-8701752-6706711,05-12-22,Shipped,Amazon,Amazon.in,Expedited,SET239,SET239-KR-NP-XS,Set,XS,B08TZWD17Q,Shipped,1,INR,693.0,Bengaluru,KARNATAKA,560064.0,IN,IN Core Free Shipping 2015/04/08 23-48-5-108,False,,False
11241,403-5474521-9223555,04-23-22,Shipped,Amazon,Amazon.in,Expedited,JNE3291,JNE3291-KR-XL,kurta,XL,B07R4XJNW3,Shipped,1,INR,442.0,HYDERABAD,TELANGANA,500097.0,IN,Duplicated AYTJSBA8ZOP16 1567159860988,False,,
58972,407-9340324-8506701,05-24-22,Shipped - Delivered to Buyer,Merchant,Amazon.in,Standard,JNE3672,JNE3672-TU-XL,Top,XL,B0943HTGZ3,Shipped,1,INR,574.0,UDAIPUR,RAJASTHAN,313001.0,IN,"Amazon PLCC Free-Financing Universal Merchant AAT-WNKTBO3K27EJC,Amazon PLCC Free-Financing Universal Merchant AAT-QX3UCCJESKPA2,Amazon PLCC Free-Financing Universal Merchant AAT-5QQ7BIYYQEDN2,Amazon PLCC Free-Financing Universal Merchant AAT-DSJ2QRXXWXVMQ,Amazon PLCC Free-Financing Universal Merchant AAT-CXJHMC2YJUK76,Amazon PLCC Free-Financing Universal Merchant AAT-SL3Y2YRMAUNFC,Amazon PLCC Free-Financing Universal Merchant AAT-CC4FAVTYR4X7C,Amazon PLCC Free-Financing Universal Merchant AAT-FYWJCQHU2XQ2U,Amazon PLCC Free-Financing Universal Merchant AAT-EOKPWFWYW7Y6I,Amazon PLCC Free-Financing Universal Merchant AAT-URPEBMPS7TSPE,Amazon PLCC Free-Financing Universal Merchant AAT-ME7D3ZA4R4KII,Amazon PLCC Free-Financing Universal Merchant AAT-5ZEB2OGNZ32MC,Amazon PLCC Free-Financing Universal Merchant AAT-4ZN7U6MMDFGWM,Amazon PLCC Free-Financing Universal Merchant AAT-PAWHL2EB33U42,Amazon PLCC Free-Financing Universal Merchant AAT-7WX4JYESZISLU,Amazon PLCC Free-Financing Universal Merchant AAT-CIX56SGGAWUYW,Amazon PLCC Free-Financing Universal Merchant AAT-DMQVBJASKTAHS,Amazon PLCC Free-Financing Universal Merchant AAT-TNYBHEAO7HOHO,Amazon PLCC Free-Financing Universal Merchant AAT-BRSZZ45H6MHAO,Amazon PLCC Free-Financing Universal Merchant AAT-MKLXOOZWQL7GO,Amazon PLCC Free-Financing Universal Merchant AAT-CB7UNXEXGIJTC,Amazon PLCC Free-Financing Universal Merchant #MP-gzasho-1593152694811,Amazon PLCC Free-Financing Universal Merchant AAT-WLBA4GZ52EAH4,Amazon PLCC Free-Financing Universal Merchant AAT-QMFZ3M7T5NPDS,Amazon PLCC Free-Financing Universal Merchant #MP-pmilan-1601980554292",False,Easy Ship,False
14146,404-8324672-8302741,04-22-22,Shipped,Amazon,Amazon.in,Expedited,SET280,SET280-KR-PP-XXL,Set,XXL,B09CTB9HTP,Shipped,1,INR,790.0,VIJAYAWADA,ANDHRA PRADESH,520012.0,IN,IN Core Free Shipping 2015/04/08 23-48-5-108,False,,
54035,408-6678894-1379554,05-28-22,Shipped,Amazon,Amazon.in,Expedited,J0213,J0213-TP-XXXL,Top,3XL,B0965L3HCV,Shipped,1,INR,599.0,ahmedabad,Gujarat,380016.0,IN,IN Core Free Shipping 2015/04/08 23-48-5-108,False,,False
38246,407-8340113-2433158,04-07-22,Shipped,Amazon,Amazon.in,Expedited,JNE3405,JNE3405-KR-L,kurta,L,B081WSCKPQ,Shipped,1,INR,399.0,Marteru,ANDHRA PRADESH,534122.0,IN,,False,,
99559,171-5404065-6253133,06-22-22,Shipped - Delivered to Buyer,Merchant,Amazon.in,Standard,SET183,SET183-KR-DH-M,Set,M,B08B3Z2YY3,Shipped,1,INR,759.0,INDORE,MADHYA PRADESH,452010.0,IN,"Amazon PLCC Free-Financing Universal Merchant AAT-WNKTBO3K27EJC,Amazon PLCC Free-Financing Universal Merchant AAT-QX3UCCJESKPA2,Amazon PLCC Free-Financing Universal Merchant AAT-5QQ7BIYYQEDN2,Amazon PLCC Free-Financing Universal Merchant AAT-DSJ2QRXXWXVMQ,Amazon PLCC Free-Financing Universal Merchant AAT-CXJHMC2YJUK76,Amazon PLCC Free-Financing Universal Merchant AAT-CC4FAVTYR4X7C,Amazon PLCC Free-Financing Universal Merchant AAT-EWAPBB6BDRGM6,Amazon PLCC Free-Financing Universal Merchant AAT-WSJLDN3X7KEMO,Amazon PLCC Free-Financing Universal Merchant AAT-VL6FGQVGQVXUS,Amazon PLCC Free-Financing Universal Merchant AAT-EOKPWFWYW7Y6I,Amazon PLCC Free-Financing Universal Merchant AAT-NT3ZJJGQ3JK3Q,Amazon PLCC Free-Financing Universal Merchant AAT-5SHH3G55USK5C,Amazon PLCC Free-Financing Universal Merchant AAT-6XVEGAWJUJYXG,Amazon PLCC Free-Financing Universal Merchant AAT-5QNBXTEQWGXOW,Amazon PLCC Free-Financing Universal Merchant AAT-BOWEMQBNNNHBK,Amazon PLCC Free-Financing Universal Merchant AAT-SKYXW7T3UZBGO,Amazon PLCC Free-Financing Universal Merchant AAT-ONHQI6RQUNGB6,Amazon PLCC Free-Financing Universal Merchant AAT-7L53RVBBSPI3S,Amazon PLCC Free-Financing Universal Merchant AAT-FXGH5APHPAWRQ,Amazon PLCC Free-Financing Universal Merchant AAT-BRSZZ45H6MHAO,Amazon PLCC Free-Financing Universal Merchant AAT-MKLXOOZWQL7GO,Amazon PLCC Free-Financing Universal Merchant AAT-CB7UNXEXGIJTC,Amazon PLCC Free-Financing Universal Merchant #MP-gzasho-1593152694811,Amazon PLCC Free-Financing Universal Merchant AAT-WLBA4GZ52EAH4",False,Easy Ship,False
96147,402-7901005-5521105,06-25-22,Shipped - Picked Up,Merchant,Amazon.in,Standard,SET268,SET268-KR-NP-XL,Set,XL,B08XQBF1G4,Shipped,1,INR,788.0,CHENNAI,TAMIL NADU,600017.0,IN,"Amazon PLCC Free-Financing Universal Merchant AAT-WNKTBO3K27EJC,Amazon PLCC Free-Financing Universal Merchant AAT-QX3UCCJESKPA2,Amazon PLCC Free-Financing Universal Merchant AAT-5QQ7BIYYQEDN2,Amazon PLCC Free-Financing Universal Merchant AAT-DSJ2QRXXWXVMQ,Amazon PLCC Free-Financing Universal Merchant AAT-CXJHMC2YJUK76,Amazon PLCC Free-Financing Universal Merchant AAT-CC4FAVTYR4X7C,Amazon PLCC Free-Financing Universal Merchant AAT-EWAPBB6BDRGM6,Amazon PLCC Free-Financing Universal Merchant AAT-EOKPWFWYW7Y6I,Amazon PLCC Free-Financing Universal Merchant AAT-NT3ZJJGQ3JK3Q,Amazon PLCC Free-Financing Universal Merchant AAT-6XVEGAWJUJYXG,Amazon PLCC Free-Financing Universal Merchant AAT-BOWEMQBNNNHBK,Amazon PLCC Free-Financing Universal Merchant AAT-ONHQI6RQUNGB6,Amazon PLCC Free-Financing Universal Merchant AAT-NXLSQ2GWN3LQK,Amazon PLCC Free-Financing Universal Merchant AAT-UFMRPWCRGE2ZM,Amazon PLCC Free-Financing Universal Merchant AAT-SF4YGC5K3O574,Amazon PLCC Free-Financing Universal Merchant AAT-SUBB5QVZKACYG,Amazon PLCC Free-Financing Universal Merchant AAT-CF5ZF57364I7G,Amazon PLCC Free-Financing Universal Merchant AAT-BRSZZ45H6MHAO,Amazon PLCC Free-Financing Universal Merchant AAT-MKLXOOZWQL7GO,Amazon PLCC Free-Financing Universal Merchant AAT-CB7UNXEXGIJTC,Amazon PLCC Free-Financing Universal Merchant #MP-gzasho-1593152694811,Amazon PLCC Free-Financing Universal Merchant AAT-WLBA4GZ52EAH4",False,Easy Ship,False
125405,405-2572081-7062735,06-03-22,Shipped,Amazon,Amazon.in,Expedited,SET341,SET341-KR-NP-XL,Set,XL,B09NPX3HG3,Shipped,1,INR,857.0,TINSUKIA,ASSAM,786125.0,IN,IN Core Free Shipping 2015/04/08 23-48-5-108,False,,False
99309,171-4311410-1413951,06-22-22,Shipped,Amazon,Amazon.in,Expedited,J0388,J0388-TP-XXL,Top,XXL,B09YYP42TQ,Shipped,1,INR,649.0,SANQUELIM,GOA,403505.0,IN,IN Core Free Shipping 2015/04/08 23-48-5-108,False,,False
35955,405-8653415-4089130,04-09-22,Shipped,Amazon,Amazon.in,Expedited,JNE3510,JNE3510-KR-L,kurta,L,B08WPR181B,Shipped,1,INR,429.0,MUMBAI,MAHARASHTRA,400064.0,IN,,False,,
20304,407-0648594-7374711,04-18-22,Shipped - Delivered to Buyer,Merchant,Amazon.in,Standard,SET393,SET393-KR-NP-M,Set,M,B09QJ4YB1F,Shipped,1,INR,999.0,PATNA,BIHAR,800014.0,IN,"Amazon PLCC Free-Financing Universal Merchant AAT-WNKTBO3K27EJC,Amazon PLCC Free-Financing Universal Merchant AAT-QX3UCCJESKPA2,Amazon PLCC Free-Financing Universal Merchant AAT-CXJHMC2YJUK76,Amazon PLCC Free-Financing Universal Merchant AAT-SL3Y2YRMAUNFC,Amazon PLCC Free-Financing Universal Merchant AAT-CC4FAVTYR4X7C,Amazon PLCC Free-Financing Universal Merchant AAT-XXRCW6NZEPZI4,Amazon PLCC Free-Financing Universal Merchant SS-1643890021772,Amazon PLCC Free-Financing Universal Merchant AAT-R7GXNZWISTRFA,Amazon PLCC Free-Financing Universal Merchant AAT-EOKPWFWYW7Y6I,Amazon PLCC Free-Financing Universal Merchant AAT-ZYL5UPUNW6T62,Amazon PLCC Free-Financing Universal Merchant AAT-G5ZRX4BZOIODU,Amazon PLCC Free-Financing Universal Merchant AAT-P3CSUAK4HTEP2,Amazon PLCC Free-Financing Universal Merchant AAT-PZHUW6DZX4BPS,Amazon PLCC Free-Financing Universal Merchant AAT-XX7G3ZRJJJ5LG,Amazon PLCC Free-Financing Universal Merchant AAT-LEHCKNDBJG64E,Amazon PLCC Free-Financing Universal Merchant AAT-DJVHCEV7D7RQY,Amazon PLCC Free-Financing Universal Merchant AAT-TNYBHEAO7HOHO,Amazon PLCC Free-Financing Universal Merchant AAT-BRSZZ45H6MHAO,Amazon PLCC Free-Financing Universal Merchant AAT-MKLXOOZWQL7GO,Amazon PLCC Free-Financing Universal Merchant AAT-CB7UNXEXGIJTC,Amazon PLCC Free-Financing Universal Merchant #MP-gzasho-1593152694811,Amazon PLCC Free-Financing Universal Merchant AAT-WLBA4GZ52EAH4,Amazon PLCC Free-Financing Universal Merchant AAT-QMFZ3M7T5NPDS,Amazon PLCC Free-Financing Universal Merchant #MP-pmilan-1601980554292",False,Easy Ship,
1618,405-7299573-7231506,04-29-22,Shipped,Amazon,Amazon.in,Expedited,SET324,SET324-KR-NP-M,Set,M,B09NQ4NM75,Shipped,1,INR,597.0,HYDERABAD,TELANGANA,500010.0,IN,IN Core Free Shipping 2015/04/08 23-48-5-108,False,,
110645,405-5337786-5388369,06-13-22,Cancelled,Amazon,Amazon.in,Expedited,J0011,J0011-LCD-S,Set,S,B08B3YXQJ2,Unshipped,1,INR,1610.0,BENGALURU,KARNATAKA,560048.0,IN,,False,,False
65596,407-8443791-4207505,05-18-22,Cancelled,Amazon,Amazon.in,Expedited,PSET264,PSET264-KR-NP-6XL,Set,6XL,B09M77164V,Cancelled,0,,,PUNE,MAHARASHTRA,411015.0,IN,,False,,False
126644,406-6860521-0325949,06-02-22,Shipped - Delivered to Buyer,Merchant,Amazon.in,Standard,JNE3776,JNE3776-KR-S,kurta,S,B09K3RBN7T,Shipped,1,INR,301.0,Khliehriat,MEGHALAYA,793200.0,IN,"Amazon PLCC Free-Financing Universal Merchant AAT-WNKTBO3K27EJC,Amazon PLCC Free-Financing Universal Merchant AAT-QX3UCCJESKPA2,Amazon PLCC Free-Financing Universal Merchant AAT-5QQ7BIYYQEDN2,Amazon PLCC Free-Financing Universal Merchant AAT-DSJ2QRXXWXVMQ,Amazon PLCC Free-Financing Universal Merchant AAT-CXJHMC2YJUK76,Amazon PLCC Free-Financing Universal Merchant AAT-CC4FAVTYR4X7C,Amazon PLCC Free-Financing Universal Merchant AAT-EWAPBB6BDRGM6,Amazon PLCC Free-Financing Universal Merchant AAT-WSJLDN3X7KEMO,Amazon PLCC Free-Financing Universal Merchant AAT-VL6FGQVGQVXUS,Amazon PLCC Free-Financing Universal Merchant AAT-EOKPWFWYW7Y6I,Amazon PLCC Free-Financing Universal Merchant AAT-5VXFLMD6EKIFC,Amazon PLCC Free-Financing Universal Merchant AAT-NT3ZJJGQ3JK3Q,Amazon PLCC Free-Financing Universal Merchant AAT-5SHH3G55USK5C,Amazon PLCC Free-Financing Universal Merchant AAT-Z7SKZOEIDWRU4,Amazon PLCC Free-Financing Universal Merchant AAT-ZY77ROZXBSFU6,Amazon PLCC Free-Financing Universal Merchant AAT-BRSZZ45H6MHAO,Amazon PLCC Free-Financing Universal Merchant AAT-MKLXOOZWQL7GO,Amazon PLCC Free-Financing Universal Merchant AAT-CB7UNXEXGIJTC,Amazon PLCC Free-Financing Universal Merchant #MP-gzasho-1593152694811,Amazon PLCC Free-Financing Universal Merchant AAT-WLBA4GZ52EAH4",False,Easy Ship,False
113573,403-0200663-5239517,06-11-22,Shipped,Amazon,Amazon.in,Expedited,J0117,J0117-TP-XXL,Top,XXL,B08N4XHHCQ,Shipped,1,INR,726.0,NOIDA,UTTAR PRADESH,201303.0,IN,IN Core Free Shipping 2015/04/08 23-48-5-108,False,,False
80723,171-5145401-1610700,05-06-22,Shipped,Amazon,Amazon.in,Expedited,JNE3634,JNE3634-KR-L,kurta,L,B0981152GP,Shipped,1,INR,511.0,NEW DELHI,DELHI,110030.0,IN,IN Core Free Shipping 2015/04/08 23-48-5-108,False,,False
44081,404-9113553-5093901,04-04-22,Shipped,Amazon,Amazon.in,Expedited,SET268,SET268-KR-NP-XL,Set,XL,B08XQBF1G4,Shipped,1,INR,698.0,Chennai,TAMIL NADU,600087.0,IN,,False,,
94358,408-1304738-6635516,06-26-22,Shipped,Amazon,Amazon.in,Expedited,SET331,SET331-KR-NP-M,Set,M,B09NQ3TN2T,Shipped,1,INR,0.0,SAO JOSE DE AREAL,GOA,403709.0,IN,,False,,False
32859,406-8009396-9748316,04-11-22,Shipped - Delivered to Buyer,Merchant,Amazon.in,Standard,SET388,SET388-KR-NP-XXXL,Set,3XL,B09QJMF9YB,Shipped,1,INR,1299.0,VIJAPURA,KARNATAKA,586101.0,IN,"Amazon PLCC Free-Financing Universal Merchant AAT-WNKTBO3K27EJC,Amazon PLCC Free-Financing Universal Merchant AAT-QX3UCCJESKPA2,Amazon PLCC Free-Financing Universal Merchant AAT-CXJHMC2YJUK76,Amazon PLCC Free-Financing Universal Merchant AAT-SL3Y2YRMAUNFC,Amazon PLCC Free-Financing Universal Merchant AAT-CC4FAVTYR4X7C,Amazon PLCC Free-Financing Universal Merchant AAT-XXRCW6NZEPZI4,Amazon PLCC Free-Financing Universal Merchant AAT-EOKPWFWYW7Y6I,Amazon PLCC Free-Financing Universal Merchant AAT-ZYL5UPUNW6T62,Amazon PLCC Free-Financing Universal Merchant AAT-G5ZRX4BZOIODU,Amazon PLCC Free-Financing Universal Merchant AAT-PZHUW6DZX4BPS,Amazon PLCC Free-Financing Universal Merchant AAT-BRSZZ45H6MHAO,Amazon PLCC Free-Financing Universal Merchant AAT-MKLXOOZWQL7GO,Amazon PLCC Free-Financing Universal Merchant AAT-CB7UNXEXGIJTC,Amazon PLCC Free-Financing Universal Merchant #MP-gzasho-1593152694811,Amazon PLCC Free-Financing Universal Merchant AAT-WLBA4GZ52EAH4",False,Easy Ship,
16062,406-2951547-7311545,04-21-22,Shipped,Amazon,Amazon.in,Expedited,JNE3549,JNE3549-KR-XXXL,kurta,3XL,B09HMQH2PN,Shipped,1,INR,329.0,THIRUVANANTHAPURAM,KERALA,695017.0,IN,IN Core Free Shipping 2015/04/08 23-48-5-108,False,,
97678,402-2049954-7606742,06-23-22,Shipped - Delivered to Buyer,Merchant,Amazon.in,Standard,JNE3904,JNE3904-DR-XL,Western Dress,XL,B09Y26SM95,Shipped,1,INR,599.0,PUNE,MAHARASHTRA,411037.0,IN,"Amazon PLCC Free-Financing Universal Merchant AAT-WNKTBO3K27EJC,Amazon PLCC Free-Financing Universal Merchant AAT-QX3UCCJESKPA2,Amazon PLCC Free-Financing Universal Merchant AAT-5QQ7BIYYQEDN2,Amazon PLCC Free-Financing Universal Merchant AAT-DSJ2QRXXWXVMQ,Amazon PLCC Free-Financing Universal Merchant AAT-CXJHMC2YJUK76,Amazon PLCC Free-Financing Universal Merchant AAT-SL3Y2YRMAUNFC,Amazon PLCC Free-Financing Universal Merchant AAT-CC4FAVTYR4X7C,Amazon PLCC Free-Financing Universal Merchant AAT-EWAPBB6BDRGM6,Amazon PLCC Free-Financing Universal Merchant AAT-EOKPWFWYW7Y6I,Amazon PLCC Free-Financing Universal Merchant AAT-NT3ZJJGQ3JK3Q,Amazon PLCC Free-Financing Universal Merchant AAT-5SHH3G55USK5C,Amazon PLCC Free-Financing Universal Merchant AAT-AMKH7SAAONETC,Amazon PLCC Free-Financing Universal Merchant AAT-56XNPXK2K7OLI,Amazon PLCC Free-Financing Universal Merchant AAT-7IFG6TWAZNCBQ,Amazon PLCC Free-Financing Universal Merchant AAT-BOWEMQBNNNHBK,Amazon PLCC Free-Financing Universal Merchant AAT-SKYXW7T3UZBGO,Amazon PLCC Free-Financing Universal Merchant AAT-ONHQI6RQUNGB6,VPC-44571-44201687 Coupon,Amazon PLCC Free-Financing Universal Merchant AAT-UFMRPWCRGE2ZM,Amazon PLCC Free-Financing Universal Merchant AAT-SF4YGC5K3O574,Amazon PLCC Free-Financing Universal Merchant AAT-SUBB5QVZKACYG,Amazon PLCC Free-Financing Universal Merchant AAT-CF5ZF57364I7G,Amazon PLCC Free-Financing Universal Merchant AAT-TNYBHEAO7HOHO,Amazon PLCC Free-Financing Universal Merchant AAT-BRSZZ45H6MHAO,Amazon PLCC Free-Financing Universal Merchant AAT-MKLXOOZWQL7GO,Amazon PLCC Free-Financing Universal Merchant AAT-CB7UNXEXGIJTC,Amazon PLCC Free-Financing Universal Merchant #MP-gzasho-1593152694811,Amazon PLCC Free-Financing Universal Merchant AAT-WLBA4GZ52EAH4,Amazon PLCC Free-Financing Universal Merchant AAT-QMFZ3M7T5NPDS,Amazon PLCC Free-Financing Universal Merchant #MP-pmilan-1601980554292",False,Easy Ship,False
24337,407-4219627-6559562,04-16-22,Shipped,Amazon,Amazon.in,Expedited,JNE3797,JNE3797-KR-L,Western Dress,L,B09SDXFFQ1,Shipped,1,INR,725.0,PUNE,MAHARASHTRA,411027.0,IN,IN Core Free Shipping 2015/04/08 23-48-5-108,False,,
46405,406-2188720-9729940,04-02-22,Shipped - Delivered to Buyer,Merchant,Amazon.in,Standard,JNE1951,JNE1951-KR-155-XXL,kurta,XXL,B07141LX6Q,Shipped,1,INR,365.0,BENGALURU,KARNATAKA,560086.0,IN,"Amazon PLCC Free-Financing Universal Merchant AAT-WNKTBO3K27EJC,Amazon PLCC Free-Financing Universal Merchant AAT-QX3UCCJESKPA2,Amazon PLCC Free-Financing Universal Merchant AAT-CXJHMC2YJUK76,Amazon PLCC Free-Financing Universal Merchant AAT-SL3Y2YRMAUNFC,Amazon PLCC Free-Financing Universal Merchant AAT-CC4FAVTYR4X7C,Amazon PLCC Free-Financing Universal Merchant AAT-XXRCW6NZEPZI4,Amazon PLCC Free-Financing Universal Merchant AAT-R7GXNZWISTRFA,Amazon PLCC Free-Financing Universal Merchant AAT-WSJLDN3X7KEMO,Amazon PLCC Free-Financing Universal Merchant AAT-VL6FGQVGQVXUS,Amazon PLCC Free-Financing Universal Merchant AAT-EOKPWFWYW7Y6I,Amazon PLCC Free-Financing Universal Merchant AAT-ZYL5UPUNW6T62,Amazon PLCC Free-Financing Universal Merchant AAT-XVPICCHRWDCAI,Amazon PLCC Free-Financing Universal Merchant SS-1648638650510,Amazon PLCC Free-Financing Universal Merchant AAT-G5ZRX4BZOIODU,Amazon PLCC Free-Financing Universal Merchant AAT-P3CSUAK4HTEP2,Amazon PLCC Free-Financing Universal Merchant AAT-ACZIPIA37BFIY,Amazon PLCC Free-Financing Universal Merchant AAT-YFJA6XMAMWZSK,Amazon PLCC Free-Financing Universal Merchant AAT-K66BSCE2J2V5E,Amazon PLCC Free-Financing Universal Merchant AAT-BRSZZ45H6MHAO,Amazon PLCC Free-Financing Universal Merchant AAT-MKLXOOZWQL7GO,Amazon PLCC Free-Financing Universal Merchant AAT-CB7UNXEXGIJTC,Amazon PLCC Free-Financing Universal Merchant #MP-gzasho-1593152694811,Amazon PLCC Free-Financing Universal Merchant AAT-WLBA4GZ52EAH4",False,Easy Ship,
111921,403-6901094-0281924,06-12-22,Shipped - Delivered to Buyer,Merchant,Amazon.in,Standard,NW016,NW016-ST-SR-S,Set,S,B099NQKVD6,Shipped,1,INR,537.0,VADODARA,Gujarat,390019.0,IN,"Amazon PLCC Free-Financing Universal Merchant AAT-WNKTBO3K27EJC,Amazon PLCC Free-Financing Universal Merchant AAT-QX3UCCJESKPA2,Amazon PLCC Free-Financing Universal Merchant AAT-5QQ7BIYYQEDN2,Amazon PLCC Free-Financing Universal Merchant AAT-DSJ2QRXXWXVMQ,Amazon PLCC Free-Financing Universal Merchant AAT-CXJHMC2YJUK76,Amazon PLCC Free-Financing Universal Merchant AAT-CC4FAVTYR4X7C,Amazon PLCC Free-Financing Universal Merchant AAT-EWAPBB6BDRGM6,Amazon PLCC Free-Financing Universal Merchant AAT-EOKPWFWYW7Y6I,Amazon PLCC Free-Financing Universal Merchant AAT-3CSO6PTXOFDTO,Amazon PLCC Free-Financing Universal Merchant AAT-ZBCRDPHJI4UDO,Amazon PLCC Free-Financing Universal Merchant AAT-CMBNOJYSQPOPS,Amazon PLCC Free-Financing Universal Merchant AAT-IBN3WODYJ44YC,Amazon PLCC Free-Financing Universal Merchant AAT-W2F65W44TEYES,Amazon PLCC Free-Financing Universal Merchant AAT-ZBGDWJCP6BTLE,Amazon PLCC Free-Financing Universal Merchant AAT-BOWEMQBNNNHBK,Amazon PLCC Free-Financing Universal Merchant AAT-SKYXW7T3UZBGO,Amazon PLCC Free-Financing Universal Merchant AAT-BRSZZ45H6MHAO,Amazon PLCC Free-Financing Universal Merchant AAT-MKLXOOZWQL7GO,Amazon PLCC Free-Financing Universal Merchant AAT-CB7UNXEXGIJTC,Amazon PLCC Free-Financing Universal Merchant #MP-gzasho-1593152694811,Amazon PLCC Free-Financing Universal Merchant AAT-WLBA4GZ52EAH4",False,Easy Ship,False
121608,406-7628092-5214751,06-06-22,Shipped,Amazon,Amazon.in,Expedited,SET269,SET269-KR-NP-L,Set,L,B0983D9C65,Shipped,1,INR,824.0,NORTH GOA,GOA,403005.0,IN,IN Core Free Shipping 2015/04/08 23-48-5-108,False,,False
115540,171-2098581-2032305,06-09-22,Shipped,Amazon,Amazon.in,Expedited,JNE3439,JNE3439-KR-M,kurta,M,B081WSGX1L,Shipped,1,INR,435.0,JAIPUR,RAJASTHAN,302002.0,IN,IN Core Free Shipping 2015/04/08 23-48-5-108,False,,False
110330,408-8390659-8709155,06-13-22,Cancelled,Merchant,Amazon.in,Standard,J0350,J0350-SET-XL,Set,XL,B0983GD1BK,,0,,,JAMSHEDPUR,JHARKHAND,831013.0,IN,,False,Easy Ship,False
80484,408-7271709-9757939,05-06-22,Shipped - Delivered to Buyer,Merchant,Amazon.in,Standard,J0335,J0335-DR-M,Western Dress,M,B09831XC46,Shipped,1,INR,930.0,PALAMPUR,HIMACHAL PRADESH,176061.0,IN,"Amazon PLCC Free-Financing Universal Merchant AAT-WNKTBO3K27EJC,Amazon PLCC Free-Financing Universal Merchant AAT-QX3UCCJESKPA2,Amazon PLCC Free-Financing Universal Merchant AAT-5QQ7BIYYQEDN2,Amazon PLCC Free-Financing Universal Merchant AAT-DSJ2QRXXWXVMQ,Amazon PLCC Free-Financing Universal Merchant AAT-CXJHMC2YJUK76,Amazon PLCC Free-Financing Universal Merchant AAT-CC4FAVTYR4X7C,Amazon PLCC Free-Financing Universal Merchant AAT-FYWJCQHU2XQ2U,Amazon PLCC Free-Financing Universal Merchant AAT-CXNSLNBROFDW4,Amazon PLCC Free-Financing Universal Merchant AAT-WSJLDN3X7KEMO,Amazon PLCC Free-Financing Universal Merchant AAT-VL6FGQVGQVXUS,Amazon PLCC Free-Financing Universal Merchant AAT-EOKPWFWYW7Y6I,Amazon PLCC Free-Financing Universal Merchant AAT-URPEBMPS7TSPE,Amazon PLCC Free-Financing Universal Merchant AAT-3R6UGYISJQCKA,Amazon PLCC Free-Financing Universal Merchant AAT-TREXU6MY3SEMI,Amazon PLCC Free-Financing Universal Merchant AAT-RVL5KAXRIWHV2,Amazon PLCC Free-Financing Universal Merchant AAT-BS2QIL3ZUUJDC,Amazon PLCC Free-Financing Universal Merchant AAT-BD2QQYQLU3K3Q,Amazon PLCC Free-Financing Universal Merchant AAT-7Z5FYSWV55YJ6,Amazon PLCC Free-Financing Universal Merchant AAT-KQRYFJZLTA6E2,Amazon PLCC Free-Financing Universal Merchant AAT-F6SN46VZWQOQI,Amazon PLCC Free-Financing Universal Merchant AAT-GL6VKXK3MYVP4,Amazon PLCC Free-Financing Universal Merchant AAT-26CRLBGU7BZ4I,Amazon PLCC Free-Financing Universal Merchant AAT-EC3WUB2OYMZJY,Amazon PLCC Free-Financing Universal Merchant AAT-LLHTF3J4EFYUO,Amazon PLCC Free-Financing Universal Merchant AAT-BRSZZ45H6MHAO,Amazon PLCC Free-Financing Universal Merchant AAT-MKLXOOZWQL7GO,Amazon PLCC Free-Financing Universal Merchant AAT-CB7UNXEXGIJTC,Amazon PLCC Free-Financing Universal Merchant #MP-gzasho-1593152694811,Amazon PLCC Free-Financing Universal Merchant AAT-WLBA4GZ52EAH4",False,Easy Ship,False
123923,403-4957792-2949966,06-04-22,Shipped,Amazon,Amazon.in,Expedited,SET348,SET348-KR-NP-XS,Set,XS,B09QJ4J3LH,Shipped,1,INR,899.0,LUCKNOW,UTTAR PRADESH,226021.0,IN,IN Core Free Shipping 2015/04/08 23-48-5-108,False,,False
14038,405-8301359-4145117,04-22-22,Shipped,Amazon,Amazon.in,Expedited,J0230,J0230-SKD-M,Set,M,B08XNJG8B1,Shipped,1,INR,1112.0,PUNE,MAHARASHTRA,411001.0,IN,,False,,
93198,408-5130212-5534722,06-27-22,Cancelled,Amazon,Amazon.in,Expedited,J0413,J0413-DR-M,Western Dress,M,B09TY1HFLG,Unshipped,1,INR,741.0,CHENNAI,TAMIL NADU,600094.0,IN,,False,,False
55987,402-9938249-9816327,05-26-22,Shipped,Amazon,Amazon.in,Expedited,SET247,SET247-KR-SHA-XS,Set,XS,B09B58X791,Shipped,1,INR,775.0,WAGHAI,Gujarat,394730.0,IN,IN Core Free Shipping 2015/04/08 23-48-5-108,False,,False
24909,402-3280654-8652337,04-15-22,Shipped - Delivered to Buyer,Merchant,Amazon.in,Standard,JNE3739,JNE3739-KR-L,kurta,L,B099FC39QH,Shipped,1,INR,459.0,Coimbatore,TAMIL NADU,641004.0,IN,"Amazon PLCC Free-Financing Universal Merchant AAT-WNKTBO3K27EJC,Amazon PLCC Free-Financing Universal Merchant AAT-QX3UCCJESKPA2,Amazon PLCC Free-Financing Universal Merchant AAT-CXJHMC2YJUK76,Amazon PLCC Free-Financing Universal Merchant AAT-CC4FAVTYR4X7C,Amazon PLCC Free-Financing Universal Merchant AAT-XXRCW6NZEPZI4,Amazon PLCC Free-Financing Universal Merchant AAT-CXNSLNBROFDW4,Amazon PLCC Free-Financing Universal Merchant AAT-WSJLDN3X7KEMO,Amazon PLCC Free-Financing Universal Merchant AAT-VL6FGQVGQVXUS,Amazon PLCC Free-Financing Universal Merchant AAT-EOKPWFWYW7Y6I,Amazon PLCC Free-Financing Universal Merchant AAT-ZYL5UPUNW6T62,Amazon PLCC Free-Financing Universal Merchant AAT-G5ZRX4BZOIODU,Amazon PLCC Free-Financing Universal Merchant AAT-ACZIPIA37BFIY,Amazon PLCC Free-Financing Universal Merchant AAT-Q4AAGWXBPHLIS,Amazon PLCC Free-Financing Universal Merchant AAT-4UKS7UWZY3AES,Amazon PLCC Free-Financing Universal Merchant AAT-PZHUW6DZX4BPS,Amazon PLCC Free-Financing Universal Merchant AAT-XX7G3ZRJJJ5LG,Amazon PLCC Free-Financing Universal Merchant AAT-LEHCKNDBJG64E,Amazon PLCC Free-Financing Universal Merchant AAT-DJVHCEV7D7RQY,Amazon PLCC Free-Financing Universal Merchant AAT-BRSZZ45H6MHAO,Amazon PLCC Free-Financing Universal Merchant AAT-MKLXOOZWQL7GO,Amazon PLCC Free-Financing Universal Merchant AAT-CB7UNXEXGIJTC,Amazon PLCC Free-Financing Universal Merchant #MP-gzasho-1593152694811,Amazon PLCC Free-Financing Universal Merchant AAT-WLBA4GZ52EAH4",False,Easy Ship,
94625,407-3076772-8119505,06-26-22,Shipped,Amazon,Amazon.in,Expedited,JNE3800,JNE3800-KR-L,Western Dress,L,B09SDXWNPZ,Shipped,1,INR,735.0,MUMBAI,MAHARASHTRA,400092.0,IN,,False,,False
127821,404-6391117-3033140,06-01-22,Shipped,Amazon,Amazon.in,Expedited,SET330,SET330-KR-PP-S,Set,S,B09SDXT7CF,Shipped,1,INR,560.0,PORVORIM,GOA,403521.0,IN,IN Core Free Shipping 2015/04/08 23-48-5-108,False,,False
41544,404-5900616-3121159,04-05-22,Shipped - Delivered to Buyer,Merchant,Amazon.in,Standard,SET349,SET349-KR-NP-XXXL,Set,3XL,B09QJ4FNCN,Shipped,1,INR,968.0,Haldwani,UTTARAKHAND,263139.0,IN,"Amazon PLCC Free-Financing Universal Merchant AAT-WNKTBO3K27EJC,Amazon PLCC Free-Financing Universal Merchant AAT-QX3UCCJESKPA2,Amazon PLCC Free-Financing Universal Merchant AAT-CXJHMC2YJUK76,Amazon PLCC Free-Financing Universal Merchant AAT-SL3Y2YRMAUNFC,Amazon PLCC Free-Financing Universal Merchant AAT-CC4FAVTYR4X7C,Amazon PLCC Free-Financing Universal Merchant AAT-XXRCW6NZEPZI4,Amazon PLCC Free-Financing Universal Merchant AAT-EOKPWFWYW7Y6I,Amazon PLCC Free-Financing Universal Merchant AAT-ZYL5UPUNW6T62,Amazon PLCC Free-Financing Universal Merchant AAT-G5ZRX4BZOIODU,Amazon PLCC Free-Financing Universal Merchant AAT-YFJA6XMAMWZSK,Amazon PLCC Free-Financing Universal Merchant AAT-K66BSCE2J2V5E,Amazon PLCC Free-Financing Universal Merchant AAT-275LMAQ3T5REI,Amazon PLCC Free-Financing Universal Merchant AAT-BRSZZ45H6MHAO,Amazon PLCC Free-Financing Universal Merchant AAT-MKLXOOZWQL7GO,Amazon PLCC Free-Financing Universal Merchant AAT-CB7UNXEXGIJTC,Amazon PLCC Free-Financing Universal Merchant #MP-gzasho-1593152694811,Amazon PLCC Free-Financing Universal Merchant AAT-WLBA4GZ52EAH4",False,Easy Ship,
121920,403-0667089-7101115,06-05-22,Shipped - Delivered to Buyer,Merchant,Amazon.in,Standard,JNE3160,JNE3160-KR-G-S,kurta,S,B07K3YQLF1,Shipped,1,INR,729.0,VIJAYAWADA,ANDHRA PRADESH,521101.0,IN,"Amazon PLCC Free-Financing Universal Merchant AAT-WNKTBO3K27EJC,Amazon PLCC Free-Financing Universal Merchant AAT-QX3UCCJESKPA2,Amazon PLCC Free-Financing Universal Merchant AAT-5QQ7BIYYQEDN2,Amazon PLCC Free-Financing Universal Merchant AAT-DSJ2QRXXWXVMQ,Amazon PLCC Free-Financing Universal Merchant AAT-CXJHMC2YJUK76,Amazon PLCC Free-Financing Universal Merchant AAT-SL3Y2YRMAUNFC,Amazon PLCC Free-Financing Universal Merchant AAT-CC4FAVTYR4X7C,Amazon PLCC Free-Financing Universal Merchant AAT-EWAPBB6BDRGM6,Amazon PLCC Free-Financing Universal Merchant AAT-EOKPWFWYW7Y6I,Amazon PLCC Free-Financing Universal Merchant AAT-AMKH7SAAONETC,Amazon PLCC Free-Financing Universal Merchant AAT-56XNPXK2K7OLI,Amazon PLCC Free-Financing Universal Merchant AAT-Z7SKZOEIDWRU4,Amazon PLCC Free-Financing Universal Merchant AAT-BRSZZ45H6MHAO,Amazon PLCC Free-Financing Universal Merchant AAT-MKLXOOZWQL7GO,Amazon PLCC Free-Financing Universal Merchant AAT-CB7UNXEXGIJTC,Amazon PLCC Free-Financing Universal Merchant #MP-gzasho-1593152694811,Amazon PLCC Free-Financing Universal Merchant AAT-WLBA4GZ52EAH4",False,Easy Ship,False
47722,405-9787715-6837949,04-01-22,Shipped - Delivered to Buyer,Merchant,Amazon.in,Standard,SET320,SET320-KR-NP-M,Set,M,B09RKDYDPJ,Shipped,1,INR,899.0,JHANSI,UTTAR PRADESH,284002.0,IN,"Amazon PLCC Free-Financing Universal Merchant AAT-WNKTBO3K27EJC,Amazon PLCC Free-Financing Universal Merchant AAT-QX3UCCJESKPA2,Amazon PLCC Free-Financing Universal Merchant AAT-CXJHMC2YJUK76,Amazon PLCC Free-Financing Universal Merchant AAT-CC4FAVTYR4X7C,Amazon PLCC Free-Financing Universal Merchant AAT-XXRCW6NZEPZI4,Amazon PLCC Free-Financing Universal Merchant AAT-WSJLDN3X7KEMO,Amazon PLCC Free-Financing Universal Merchant AAT-VL6FGQVGQVXUS,Amazon PLCC Free-Financing Universal Merchant AAT-EOKPWFWYW7Y6I,Amazon PLCC Free-Financing Universal Merchant AAT-ZYL5UPUNW6T62,Amazon PLCC Free-Financing Universal Merchant AAT-G5ZRX4BZOIODU,Amazon PLCC Free-Financing Universal Merchant AAT-ACZIPIA37BFIY,Amazon PLCC Free-Financing Universal Merchant AAT-YFJA6XMAMWZSK,Amazon PLCC Free-Financing Universal Merchant AAT-K66BSCE2J2V5E,Amazon PLCC Free-Financing Universal Merchant AAT-DFM4OAAQ3RGPM,Amazon PLCC Free-Financing Universal Merchant AAT-BRSZZ45H6MHAO,Amazon PLCC Free-Financing Universal Merchant AAT-MKLXOOZWQL7GO,Amazon PLCC Free-Financing Universal Merchant AAT-CB7UNXEXGIJTC,Amazon PLCC Free-Financing Universal Merchant #MP-gzasho-1593152694811,Amazon PLCC Free-Financing Universal Merchant AAT-WLBA4GZ52EAH4",False,Easy Ship,
56656,405-1168494-9763502,05-26-22,Shipped,Amazon,Amazon.in,Expedited,SET348,SET348-KR-NP-L,Set,L,B09QJ46T37,Shipped,1,INR,899.0,CHENNAI,TAMIL NADU,600099.0,IN,IN Core Free Shipping 2015/04/08 23-48-5-108,False,,False
21842,404-8798883-1266741,04-17-22,Cancelled,Amazon,Amazon.in,Expedited,JNE2291,JNE2291-KR-602-S,kurta,S,B07GRVDT51,Unshipped,1,INR,376.0,Pune,MAHARASHTRA,411028.0,IN,,False,,
86361,402-6723901-9000349,05-03-22,Shipped,Amazon,Amazon.in,Expedited,J0335,J0335-DR-M,Western Dress,M,B09831XC46,Shipped,1,INR,807.0,GREATER NOIDA,UTTAR PRADESH,201308.0,IN,IN Core Free Shipping 2015/04/08 23-48-5-108,False,,False
104437,404-5477973-7481144,06-18-22,Shipped,Amazon,Amazon.in,Expedited,NW035,NW035-ST-CP-L,Set,L,B099NPZVLX,Shipped,1,INR,565.0,NEW DELHI,DELHI,110062.0,IN,IN Core Free Shipping 2015/04/08 23-48-5-108,False,,False
77159,405-2266618-7134702,05-09-22,Shipped,Amazon,Amazon.in,Expedited,SET278,SET278-KR-NP-L,Set,L,B0983FZD5K,Shipped,1,INR,1523.0,SULTANPUR,UTTAR PRADESH,228159.0,IN,IN Core Free Shipping 2015/04/08 23-48-5-108,False,,False
37058,403-9862010-9736301,04-08-22,Shipped,Amazon,Amazon.in,Expedited,J0122,J0122-TP-XXXL,Top,3XL,B08MYMV3K7,Shipped,1,INR,329.0,Gurgaon,HARYANA,122018.0,IN,,False,,
118373,404-1298038-4929142,06-08-22,Shipped,Amazon,Amazon.in,Expedited,JNE3510,JNE3510-KR-XL,kurta,XL,B08WPZ1N4Z,Shipped,1,INR,457.0,NAVI MUMBAI,MAHARASHTRA,400705.0,IN,IN Core Free Shipping 2015/04/08 23-48-5-108,False,,False
25050,405-6842053-4030701,04-15-22,Shipped - Delivered to Buyer,Merchant,Amazon.in,Standard,J0341,J0341-DR-M,Western Dress,M,B099NQQ79L,Shipped,1,INR,744.0,TIRUPPUR,TAMIL NADU,641602.0,IN,"Amazon PLCC Free-Financing Universal Merchant AAT-WNKTBO3K27EJC,Amazon PLCC Free-Financing Universal Merchant AAT-QX3UCCJESKPA2,Amazon PLCC Free-Financing Universal Merchant AAT-CXJHMC2YJUK76,Amazon PLCC Free-Financing Universal Merchant AAT-CC4FAVTYR4X7C,Amazon PLCC Free-Financing Universal Merchant AAT-XXRCW6NZEPZI4,Amazon PLCC Free-Financing Universal Merchant AAT-R7GXNZWISTRFA,Amazon PLCC Free-Financing Universal Merchant AAT-EOKPWFWYW7Y6I,Amazon PLCC Free-Financing Universal Merchant AAT-ZYL5UPUNW6T62,Amazon PLCC Free-Financing Universal Merchant AAT-G5ZRX4BZOIODU,Amazon PLCC Free-Financing Universal Merchant AAT-P3CSUAK4HTEP2,Amazon PLCC Free-Financing Universal Merchant AAT-Q4AAGWXBPHLIS,Amazon PLCC Free-Financing Universal Merchant AAT-PZHUW6DZX4BPS,Amazon PLCC Free-Financing Universal Merchant AAT-XX7G3ZRJJJ5LG,Amazon PLCC Free-Financing Universal Merchant AAT-LEHCKNDBJG64E,Amazon PLCC Free-Financing Universal Merchant AAT-DJVHCEV7D7RQY,Amazon PLCC Free-Financing Universal Merchant AAT-TNYBHEAO7HOHO,Amazon PLCC Free-Financing Universal Merchant AAT-BRSZZ45H6MHAO,Amazon PLCC Free-Financing Universal Merchant AAT-MKLXOOZWQL7GO,Amazon PLCC Free-Financing Universal Merchant AAT-CB7UNXEXGIJTC,Amazon PLCC Free-Financing Universal Merchant #MP-gzasho-1593152694811,Amazon PLCC Free-Financing Universal Merchant AAT-WLBA4GZ52EAH4,Amazon PLCC Free-Financing Universal Merchant AAT-QMFZ3M7T5NPDS,Amazon PLCC Free-Financing Universal Merchant #MP-pmilan-1601980554292",False,Easy Ship,
68240,407-6648640-7734752,05-16-22,Shipped,Amazon,Amazon.in,Expedited,JNE3399,JNE3399-KR-S,kurta,S,B082W87NQF,Shipped,1,INR,469.0,KOTHAMANGALAM,KERALA,686666.0,IN,IN Core Free Shipping 2015/04/08 23-48-5-108,False,,False
7600,402-0334398-1122755,04-25-22,Shipped,Amazon,Amazon.in,Expedited,SET331,SET331-KR-NP-M,Set,M,B09NQ3TN2T,Shipped,1,INR,597.0,VISAKHAPATNAM,ANDHRA PRADESH,530013.0,IN,IN Core Free Shipping 2015/04/08 23-48-5-108,False,,
97646,402-3833258-6591544,06-23-22,Shipped - Delivered to Buyer,Merchant,Amazon.in,Standard,SET288,SET288-KR-NP-XXL,Set,XXL,B09M6TQTGV,Shipped,1,INR,685.0,GAJRAULA,UTTAR PRADESH,244235.0,IN,"Amazon PLCC Free-Financing Universal Merchant AAT-WNKTBO3K27EJC,Amazon PLCC Free-Financing Universal Merchant AAT-QX3UCCJESKPA2,Amazon PLCC Free-Financing Universal Merchant AAT-5QQ7BIYYQEDN2,Amazon PLCC Free-Financing Universal Merchant AAT-DSJ2QRXXWXVMQ,Amazon PLCC Free-Financing Universal Merchant AAT-CXJHMC2YJUK76,Amazon PLCC Free-Financing Universal Merchant AAT-SL3Y2YRMAUNFC,Amazon PLCC Free-Financing Universal Merchant AAT-CC4FAVTYR4X7C,Amazon PLCC Free-Financing Universal Merchant AAT-EWAPBB6BDRGM6,Amazon PLCC Free-Financing Universal Merchant AAT-EOKPWFWYW7Y6I,Amazon PLCC Free-Financing Universal Merchant AAT-NT3ZJJGQ3JK3Q,Amazon PLCC Free-Financing Universal Merchant AAT-AMKH7SAAONETC,Amazon PLCC Free-Financing Universal Merchant AAT-56XNPXK2K7OLI,Amazon PLCC Free-Financing Universal Merchant AAT-7IFG6TWAZNCBQ,Amazon PLCC Free-Financing Universal Merchant AAT-6XVEGAWJUJYXG,Amazon PLCC Free-Financing Universal Merchant AAT-BOWEMQBNNNHBK,Amazon PLCC Free-Financing Universal Merchant AAT-SKYXW7T3UZBGO,Amazon PLCC Free-Financing Universal Merchant AAT-ONHQI6RQUNGB6,Amazon PLCC Free-Financing Universal Merchant AAT-UFMRPWCRGE2ZM,Amazon PLCC Free-Financing Universal Merchant AAT-SF4YGC5K3O574,Amazon PLCC Free-Financing Universal Merchant AAT-SUBB5QVZKACYG,Amazon PLCC Free-Financing Universal Merchant AAT-CF5ZF57364I7G,Amazon PLCC Free-Financing Universal Merchant AAT-TNYBHEAO7HOHO,Amazon PLCC Free-Financing Universal Merchant AAT-BRSZZ45H6MHAO,Amazon PLCC Free-Financing Universal Merchant AAT-MKLXOOZWQL7GO,Amazon PLCC Free-Financing Universal Merchant AAT-CB7UNXEXGIJTC,Amazon PLCC Free-Financing Universal Merchant #MP-gzasho-1593152694811,Amazon PLCC Free-Financing Universal Merchant AAT-WLBA4GZ52EAH4,Amazon PLCC Free-Financing Universal Merchant AAT-QMFZ3M7T5NPDS,Amazon PLCC Free-Financing Universal Merchant #MP-pmilan-1601980554292",False,Easy Ship,False
122831,403-3579161-5849952,06-05-22,Shipped,Amazon,Amazon.in,Expedited,MEN5027,MEN5027-KR-M,kurta,M,B08YYPMZ67,Shipped,1,INR,606.0,Chennai,TAMIL NADU,600087.0,IN,,False,,False
25731,408-0074311-1766733,04-15-22,Shipped,Amazon,Amazon.in,Expedited,SET073,SET073-KR-SHA-XS,Set,XS,B07V7BR2GL,Shipped,1,INR,824.0,Gariyadhar,Gujarat,364505.0,IN,IN Core Free Shipping 2015/04/08 23-48-5-108,False,,
24005,402-7306421-6438710,04-16-22,Shipped,Amazon,Amazon.in,Expedited,JNE3447,JNE3447-KR-S,kurta,S,B081X5328X,Shipped,1,INR,295.0,THANE,MAHARASHTRA,401107.0,IN,IN Core Free Shipping 2015/04/08 23-48-5-108,False,,
110672,407-4915815-0805142,06-13-22,Shipped,Amazon,Amazon.in,Expedited,J0336,J0336-TP-L,Top,L,B0986XZG4D,Shipped,1,INR,665.0,NOIDA,UTTAR PRADESH,201307.0,IN,,False,,False
83350,405-4797575-8179536,05-04-22,Shipped,Amazon,Amazon.in,Expedited,JNE3373,JNE3373-KR-M,kurta,M,B082W8F8P3,Shipped,1,INR,376.0,Mathura,UTTAR PRADESH,281004.0,IN,,False,,False
18104,406-0185159-3195569,04-19-22,Shipped - Delivered to Buyer,Merchant,Amazon.in,Standard,JNE3697,JNE3697-KR-L,kurta,L,B09811Y7WM,Shipped,1,INR,458.0,NEW DELHI,DELHI,110076.0,IN,"Amazon PLCC Free-Financing Universal Merchant AAT-WNKTBO3K27EJC,Amazon PLCC Free-Financing Universal Merchant AAT-QX3UCCJESKPA2,Amazon PLCC Free-Financing Universal Merchant AAT-CXJHMC2YJUK76,Amazon PLCC Free-Financing Universal Merchant AAT-SL3Y2YRMAUNFC,Amazon PLCC Free-Financing Universal Merchant AAT-CC4FAVTYR4X7C,Amazon PLCC Free-Financing Universal Merchant AAT-XXRCW6NZEPZI4,Amazon PLCC Free-Financing Universal Merchant AAT-R7GXNZWISTRFA,Amazon PLCC Free-Financing Universal Merchant AAT-EOKPWFWYW7Y6I,Amazon PLCC Free-Financing Universal Merchant AAT-ZYL5UPUNW6T62,Amazon PLCC Free-Financing Universal Merchant AAT-G5ZRX4BZOIODU,Amazon PLCC Free-Financing Universal Merchant AAT-P3CSUAK4HTEP2,Amazon PLCC Free-Financing Universal Merchant AAT-PZHUW6DZX4BPS,Amazon PLCC Free-Financing Universal Merchant AAT-XX7G3ZRJJJ5LG,Amazon PLCC Free-Financing Universal Merchant AAT-LEHCKNDBJG64E,Amazon PLCC Free-Financing Universal Merchant AAT-DJVHCEV7D7RQY,Amazon PLCC Free-Financing Universal Merchant AAT-BRSZZ45H6MHAO,Amazon PLCC Free-Financing Universal Merchant AAT-MKLXOOZWQL7GO,Amazon PLCC Free-Financing Universal Merchant AAT-CB7UNXEXGIJTC,Amazon PLCC Free-Financing Universal Merchant #MP-gzasho-1593152694811,Amazon PLCC Free-Financing Universal Merchant AAT-WLBA4GZ52EAH4",False,Easy Ship,
33656,407-1143206-3647550,04-10-22,Cancelled,Amazon,Amazon.in,Expedited,JNE3405,JNE3405-KR-L,kurta,L,B081WSCKPQ,Cancelled,0,,,NAVI MUMBAI,MAHARASHTRA,400709.0,IN,,False,,
89722,406-4466078-4317155,05-01-22,Shipped - Delivered to Buyer,Merchant,Amazon.in,Standard,SET264,SET264-KR-NP-L,Set,L,B08YNFKKGY,Shipped,1,INR,824.0,THIRUVANANTHAPURAM,KERALA,695564.0,IN,"Amazon PLCC Free-Financing Universal Merchant AAT-WNKTBO3K27EJC,Amazon PLCC Free-Financing Universal Merchant AAT-QX3UCCJESKPA2,Amazon PLCC Free-Financing Universal Merchant AAT-5QQ7BIYYQEDN2,Amazon PLCC Free-Financing Universal Merchant AAT-DSJ2QRXXWXVMQ,Amazon PLCC Free-Financing Universal Merchant AAT-CXJHMC2YJUK76,Amazon PLCC Free-Financing Universal Merchant AAT-CC4FAVTYR4X7C,Amazon PLCC Free-Financing Universal Merchant AAT-FYWJCQHU2XQ2U,Amazon PLCC Free-Financing Universal Merchant AAT-EOKPWFWYW7Y6I,Amazon PLCC Free-Financing Universal Merchant AAT-URPEBMPS7TSPE,Amazon PLCC Free-Financing Universal Merchant AAT-3R6UGYISJQCKA,Amazon PLCC Free-Financing Universal Merchant AAT-BRSZZ45H6MHAO,Amazon PLCC Free-Financing Universal Merchant AAT-MKLXOOZWQL7GO,Amazon PLCC Free-Financing Universal Merchant AAT-CB7UNXEXGIJTC,Amazon PLCC Free-Financing Universal Merchant #MP-gzasho-1593152694811,Amazon PLCC Free-Financing Universal Merchant AAT-WLBA4GZ52EAH4",False,Easy Ship,False
57765,404-2009573-9144309,05-25-22,Shipped - Delivered to Buyer,Merchant,Amazon.in,Standard,JNE3453,JNE3453-KR-XL,kurta,XL,B085H9W3YM,Shipped,1,INR,497.0,BENGALURU,KARNATAKA,560100.0,IN,"Amazon PLCC Free-Financing Universal Merchant AAT-WNKTBO3K27EJC,Amazon PLCC Free-Financing Universal Merchant AAT-QX3UCCJESKPA2,Amazon PLCC Free-Financing Universal Merchant AAT-5QQ7BIYYQEDN2,Amazon PLCC Free-Financing Universal Merchant AAT-DSJ2QRXXWXVMQ,Amazon PLCC Free-Financing Universal Merchant AAT-CXJHMC2YJUK76,Amazon PLCC Free-Financing Universal Merchant AAT-CC4FAVTYR4X7C,Amazon PLCC Free-Financing Universal Merchant AAT-FYWJCQHU2XQ2U,Amazon PLCC Free-Financing Universal Merchant AAT-R7GXNZWISTRFA,Amazon PLCC Free-Financing Universal Merchant AAT-WSJLDN3X7KEMO,Amazon PLCC Free-Financing Universal Merchant AAT-VL6FGQVGQVXUS,Amazon PLCC Free-Financing Universal Merchant AAT-EOKPWFWYW7Y6I,Amazon PLCC Free-Financing Universal Merchant AAT-L2DLP5YGE5766,Amazon PLCC Free-Financing Universal Merchant AAT-5VXFLMD6EKIFC,Amazon PLCC Free-Financing Universal Merchant AAT-BRSZZ45H6MHAO,Amazon PLCC Free-Financing Universal Merchant AAT-MKLXOOZWQL7GO,Amazon PLCC Free-Financing Universal Merchant AAT-CB7UNXEXGIJTC,Amazon PLCC Free-Financing Universal Merchant #MP-gzasho-1593152694811,Amazon PLCC Free-Financing Universal Merchant AAT-WLBA4GZ52EAH4",False,Easy Ship,False
22079,407-1266299-3950762,04-17-22,Shipped - Delivered to Buyer,Merchant,Amazon.in,Standard,JNE3468,JNE3468-KR-XL,kurta,XL,B08RP67NGB,Shipped,1,INR,363.0,CHENNAI,TAMIL NADU,600100.0,IN,"Amazon PLCC Free-Financing Universal Merchant AAT-WNKTBO3K27EJC,Amazon PLCC Free-Financing Universal Merchant AAT-QX3UCCJESKPA2,Amazon PLCC Free-Financing Universal Merchant AAT-CXJHMC2YJUK76,Amazon PLCC Free-Financing Universal Merchant AAT-SL3Y2YRMAUNFC,Amazon PLCC Free-Financing Universal Merchant AAT-CC4FAVTYR4X7C,Amazon PLCC Free-Financing Universal Merchant AAT-XXRCW6NZEPZI4,Amazon PLCC Free-Financing Universal Merchant AAT-R7GXNZWISTRFA,Amazon PLCC Free-Financing Universal Merchant AAT-EOKPWFWYW7Y6I,Amazon PLCC Free-Financing Universal Merchant AAT-ZYL5UPUNW6T62,Amazon PLCC Free-Financing Universal Merchant AAT-G5ZRX4BZOIODU,Amazon PLCC Free-Financing Universal Merchant AAT-P3CSUAK4HTEP2,Amazon PLCC Free-Financing Universal Merchant AAT-PZHUW6DZX4BPS,Amazon PLCC Free-Financing Universal Merchant AAT-XX7G3ZRJJJ5LG,Amazon PLCC Free-Financing Universal Merchant AAT-LEHCKNDBJG64E,Amazon PLCC Free-Financing Universal Merchant AAT-DJVHCEV7D7RQY,Amazon PLCC Free-Financing Universal Merchant AAT-BRSZZ45H6MHAO,Amazon PLCC Free-Financing Universal Merchant AAT-MKLXOOZWQL7GO,Amazon PLCC Free-Financing Universal Merchant AAT-CB7UNXEXGIJTC,Amazon PLCC Free-Financing Universal Merchant #MP-gzasho-1593152694811,Amazon PLCC Free-Financing Universal Merchant AAT-WLBA4GZ52EAH4",False,Easy Ship,
45595,403-7238449-4561927,04-03-22,Shipped - Delivered to Buyer,Merchant,Amazon.in,Standard,JNE3570,JNE3570-KR-XS,kurta,XS,B09B29BR1P,Shipped,1,INR,328.0,GREATER NOIDA,UTTAR PRADESH,201310.0,IN,"Amazon PLCC Free-Financing Universal Merchant AAT-WNKTBO3K27EJC,Amazon PLCC Free-Financing Universal Merchant AAT-QX3UCCJESKPA2,Amazon PLCC Free-Financing Universal Merchant AAT-CXJHMC2YJUK76,Amazon PLCC Free-Financing Universal Merchant AAT-CC4FAVTYR4X7C,Amazon PLCC Free-Financing Universal Merchant AAT-XXRCW6NZEPZI4,Amazon PLCC Free-Financing Universal Merchant AAT-WSJLDN3X7KEMO,Amazon PLCC Free-Financing Universal Merchant AAT-VL6FGQVGQVXUS,Amazon PLCC Free-Financing Universal Merchant AAT-EOKPWFWYW7Y6I,Amazon PLCC Free-Financing Universal Merchant AAT-ZYL5UPUNW6T62,Amazon PLCC Free-Financing Universal Merchant AAT-XVPICCHRWDCAI,Amazon PLCC Free-Financing Universal Merchant AAT-G5ZRX4BZOIODU,Amazon PLCC Free-Financing Universal Merchant AAT-ACZIPIA37BFIY,Amazon PLCC Free-Financing Universal Merchant AAT-YFJA6XMAMWZSK,Amazon PLCC Free-Financing Universal Merchant AAT-K66BSCE2J2V5E,Amazon PLCC Free-Financing Universal Merchant AAT-BRSZZ45H6MHAO,Amazon PLCC Free-Financing Universal Merchant AAT-MKLXOOZWQL7GO,Amazon PLCC Free-Financing Universal Merchant AAT-CB7UNXEXGIJTC,Amazon PLCC Free-Financing Universal Merchant #MP-gzasho-1593152694811,Amazon PLCC Free-Financing Universal Merchant AAT-WLBA4GZ52EAH4",False,Easy Ship,
44471,408-8679984-4725127,04-03-22,Shipped,Amazon,Amazon.in,Expedited,JNE3405,JNE3405-KR-L,kurta,L,B081WSCKPQ,Shipped,1,INR,449.0,CUNCOLIM,GOA,403703.0,IN,IN Core Free Shipping 2015/04/08 23-48-5-108,False,,
125155,408-7476206-9904327,06-03-22,Shipped,Amazon,Amazon.in,Expedited,J0397,J0397-DR-S,Western Dress,S,B09SDXLYCD,Shipped,1,INR,0.0,AHMEDABAD,Gujarat,380052.0,IN,,False,,False
13884,408-2263847-0290744,04-22-22,Shipped,Amazon,Amazon.in,Expedited,J0339,J0339-DR-XL,Western Dress,XL,B0982ZDB2S,Shipped,1,INR,744.0,KALAMASSERY,KERALA,682021.0,IN,IN Core Free Shipping 2015/04/08 23-48-5-108,False,,
114511,404-4966323-9322714,06-10-22,Shipped,Amazon,Amazon.in,Expedited,JNE3703,JNE3703-KR-M,kurta,M,B099FCVXXD,Shipped,1,INR,292.0,Cuttack,Odisha,753001.0,IN,,False,,False
25074,403-2426879-6098755,04-15-22,Shipped,Amazon,Amazon.in,Expedited,SET073,SET073-KR-SHA-S,Set,S,B07V5WFLND,Shipped,1,INR,824.0,PANCHKULA,HARYANA,134109.0,IN,IN Core Free Shipping 2015/04/08 23-48-5-108,False,,
20352,171-9796298-6929959,04-18-22,Shipped - Delivered to Buyer,Merchant,Amazon.in,Standard,SET220,SET220-KR-PP-XL,Set,XL,B08MXFTM5W,Shipped,1,INR,1099.0,PHAGWARA,PUNJAB,144407.0,IN,"Amazon PLCC Free-Financing Universal Merchant AAT-WNKTBO3K27EJC,Amazon PLCC Free-Financing Universal Merchant AAT-QX3UCCJESKPA2,Amazon PLCC Free-Financing Universal Merchant AAT-CXJHMC2YJUK76,Amazon PLCC Free-Financing Universal Merchant AAT-CC4FAVTYR4X7C,Amazon PLCC Free-Financing Universal Merchant AAT-XXRCW6NZEPZI4,Amazon PLCC Free-Financing Universal Merchant AAT-R7GXNZWISTRFA,Amazon PLCC Free-Financing Universal Merchant AAT-EOKPWFWYW7Y6I,Amazon PLCC Free-Financing Universal Merchant AAT-ZYL5UPUNW6T62,Amazon PLCC Free-Financing Universal Merchant AAT-G5ZRX4BZOIODU,Amazon PLCC Free-Financing Universal Merchant AAT-P3CSUAK4HTEP2,Amazon PLCC Free-Financing Universal Merchant AAT-PZHUW6DZX4BPS,Amazon PLCC Free-Financing Universal Merchant AAT-XX7G3ZRJJJ5LG,Amazon PLCC Free-Financing Universal Merchant AAT-LEHCKNDBJG64E,Amazon PLCC Free-Financing Universal Merchant AAT-DJVHCEV7D7RQY,Amazon PLCC Free-Financing Universal Merchant AAT-TNYBHEAO7HOHO,Amazon PLCC Free-Financing Universal Merchant AAT-BRSZZ45H6MHAO,Amazon PLCC Free-Financing Universal Merchant AAT-MKLXOOZWQL7GO,Amazon PLCC Free-Financing Universal Merchant AAT-CB7UNXEXGIJTC,Amazon PLCC Free-Financing Universal Merchant #MP-gzasho-1593152694811,Amazon PLCC Free-Financing Universal Merchant AAT-WLBA4GZ52EAH4,Amazon PLCC Free-Financing Universal Merchant AAT-QMFZ3M7T5NPDS,Amazon PLCC Free-Financing Universal Merchant #MP-pmilan-1601980554292",False,Easy Ship,
48084,402-2771590-5823539,04-01-22,Shipped,Amazon,Amazon.in,Expedited,JNE3366,JNE3366-KR-1053-L,kurta,L,B07T65WM8Q,Shipped,1,INR,353.0,Pune,MAHARASHTRA,412105.0,IN,,False,,
6186,408-2158492-2842704,04-26-22,Shipped - Delivered to Buyer,Merchant,Amazon.in,Standard,JNE2153,JNE2153-KR-278-A-XXL,kurta,XXL,B0794XBGCZ,Shipped,1,INR,424.0,CHENNAI,TAMIL NADU,600106.0,IN,"Amazon PLCC Free-Financing Universal Merchant AAT-WNKTBO3K27EJC,Amazon PLCC Free-Financing Universal Merchant AAT-QX3UCCJESKPA2,Amazon PLCC Free-Financing Universal Merchant AAT-5QQ7BIYYQEDN2,Amazon PLCC Free-Financing Universal Merchant AAT-DSJ2QRXXWXVMQ,Amazon PLCC Free-Financing Universal Merchant AAT-CXJHMC2YJUK76,Amazon PLCC Free-Financing Universal Merchant AAT-SL3Y2YRMAUNFC,Amazon PLCC Free-Financing Universal Merchant AAT-CC4FAVTYR4X7C,Amazon PLCC Free-Financing Universal Merchant AAT-XXRCW6NZEPZI4,Amazon PLCC Free-Financing Universal Merchant AAT-EOKPWFWYW7Y6I,Amazon PLCC Free-Financing Universal Merchant AAT-ZYL5UPUNW6T62,Amazon PLCC Free-Financing Universal Merchant AAT-G5ZRX4BZOIODU,Amazon PLCC Free-Financing Universal Merchant AAT-PZHUW6DZX4BPS,Amazon PLCC Free-Financing Universal Merchant AAT-ETXQ3XXWMRXBG,Amazon PLCC Free-Financing Universal Merchant AAT-7X3XCTYG64VBE,Amazon PLCC Free-Financing Universal Merchant AAT-7CHGD3WTS3MHM,Amazon PLCC Free-Financing Universal Merchant AAT-26ZDKNME27X42,Amazon PLCC Free-Financing Universal Merchant AAT-4ZF5KN6E4LJK4,Amazon PLCC Free-Financing Universal Merchant AAT-7RCXIKUAX7DDY,Amazon PLCC Free-Financing Universal Merchant AAT-BRSZZ45H6MHAO,Amazon PLCC Free-Financing Universal Merchant AAT-MKLXOOZWQL7GO,Amazon PLCC Free-Financing Universal Merchant AAT-CB7UNXEXGIJTC,Amazon PLCC Free-Financing Universal Merchant #MP-gzasho-1593152694811,Amazon PLCC Free-Financing Universal Merchant AAT-WLBA4GZ52EAH4,Amazon PLCC Free-Financing Universal Merchant #MP-pmilan-1601980554292",False,Easy Ship,
13664,406-0993471-4274751,04-22-22,Shipped,Amazon,Amazon.in,Expedited,JNE3465,JNE3465-KR-S,kurta,S,B08BF4GQ9V,Shipped,1,INR,517.0,Ilkal,KARNATAKA,587125.0,IN,IN Core Free Shipping 2015/04/08 23-48-5-108,False,,
8440,408-1709180-2585943,04-25-22,Shipped - Delivered to Buyer,Merchant,Amazon.in,Standard,JNE3621,JNE3621-KR-XXL,kurta,XXL,B08W27CYXW,Shipped,1,INR,455.0,GAUTAM BUDDHA NAGAR,UTTAR PRADESH,201308.0,IN,"Amazon PLCC Free-Financing Universal Merchant AAT-WNKTBO3K27EJC,Amazon PLCC Free-Financing Universal Merchant AAT-QX3UCCJESKPA2,Amazon PLCC Free-Financing Universal Merchant AAT-5QQ7BIYYQEDN2,Amazon PLCC Free-Financing Universal Merchant AAT-DSJ2QRXXWXVMQ,Amazon PLCC Free-Financing Universal Merchant AAT-CXJHMC2YJUK76,Amazon PLCC Free-Financing Universal Merchant AAT-CC4FAVTYR4X7C,Amazon PLCC Free-Financing Universal Merchant AAT-XXRCW6NZEPZI4,Amazon PLCC Free-Financing Universal Merchant AAT-EOKPWFWYW7Y6I,Amazon PLCC Free-Financing Universal Merchant AAT-ZYL5UPUNW6T62,Amazon PLCC Free-Financing Universal Merchant AAT-G5ZRX4BZOIODU,Amazon PLCC Free-Financing Universal Merchant AAT-PZHUW6DZX4BPS,Amazon PLCC Free-Financing Universal Merchant AAT-ETXQ3XXWMRXBG,Amazon PLCC Free-Financing Universal Merchant AAT-BRSZZ45H6MHAO,Amazon PLCC Free-Financing Universal Merchant AAT-MKLXOOZWQL7GO,Amazon PLCC Free-Financing Universal Merchant AAT-CB7UNXEXGIJTC,Amazon PLCC Free-Financing Universal Merchant #MP-gzasho-1593152694811,Amazon PLCC Free-Financing Universal Merchant AAT-WLBA4GZ52EAH4,Amazon PLCC Free-Financing Universal Merchant #MP-pmilan-1601980554292",False,Easy Ship,
120961,407-4830008-4539502,06-06-22,Cancelled,Merchant,Amazon.in,Standard,JNE3797,JNE3797-KR-XXL,Western Dress,XXL,B09SDXSQ33,,0,INR,700.0,MANANTHAVADY,KERALA,670645.0,IN,,False,Easy Ship,False
83635,406-9427426-9553115,05-04-22,Shipped - Delivered to Buyer,Merchant,Amazon.in,Standard,JNE3706,JNE3706-DR-L,Western Dress,L,B0982ZYR1X,Shipped,1,INR,413.0,ADALAJ,Gujarat,382421.0,IN,"Amazon PLCC Free-Financing Universal Merchant AAT-WNKTBO3K27EJC,Amazon PLCC Free-Financing Universal Merchant AAT-QX3UCCJESKPA2,Amazon PLCC Free-Financing Universal Merchant AAT-5QQ7BIYYQEDN2,Amazon PLCC Free-Financing Universal Merchant AAT-DSJ2QRXXWXVMQ,Amazon PLCC Free-Financing Universal Merchant AAT-CXJHMC2YJUK76,Amazon PLCC Free-Financing Universal Merchant AAT-CC4FAVTYR4X7C,Amazon PLCC Free-Financing Universal Merchant AAT-FYWJCQHU2XQ2U,Amazon PLCC Free-Financing Universal Merchant AAT-EOKPWFWYW7Y6I,Amazon PLCC Free-Financing Universal Merchant AAT-URPEBMPS7TSPE,Amazon PLCC Free-Financing Universal Merchant AAT-3R6UGYISJQCKA,Amazon PLCC Free-Financing Universal Merchant AAT-TREXU6MY3SEMI,Amazon PLCC Free-Financing Universal Merchant AAT-RVL5KAXRIWHV2,Amazon PLCC Free-Financing Universal Merchant AAT-BS2QIL3ZUUJDC,Amazon PLCC Free-Financing Universal Merchant AAT-BD2QQYQLU3K3Q,Amazon PLCC Free-Financing Universal Merchant AAT-7Z5FYSWV55YJ6,Amazon PLCC Free-Financing Universal Merchant AAT-KQRYFJZLTA6E2,Amazon PLCC Free-Financing Universal Merchant AAT-F6SN46VZWQOQI,Amazon PLCC Free-Financing Universal Merchant AAT-GL6VKXK3MYVP4,Amazon PLCC Free-Financing Universal Merchant AAT-26CRLBGU7BZ4I,Amazon PLCC Free-Financing Universal Merchant AAT-EC3WUB2OYMZJY,Amazon PLCC Free-Financing Universal Merchant AAT-LLHTF3J4EFYUO,Amazon PLCC Free-Financing Universal Merchant AAT-BRSZZ45H6MHAO,Amazon PLCC Free-Financing Universal Merchant AAT-MKLXOOZWQL7GO,Amazon PLCC Free-Financing Universal Merchant AAT-CB7UNXEXGIJTC,Amazon PLCC Free-Financing Universal Merchant #MP-gzasho-1593152694811,Amazon PLCC Free-Financing Universal Merchant AAT-WLBA4GZ52EAH4",False,Easy Ship,False
71491,405-2180520-7214732,05-13-22,Shipped,Amazon,Amazon.in,Expedited,SET184,SET184-KR-PP-L,Set,L,B08W9P5TV7,Shipped,1,INR,599.0,delhi,DELHI,110002.0,IN,,False,,False
39739,406-8246466-5023547,04-06-22,Shipped - Delivered to Buyer,Merchant,Amazon.in,Standard,JNE3640,JNE3640-TP-N-S,Top,S,B08ZJCN3DP,Shipped,1,INR,518.0,KARAIKKUDI,TAMIL NADU,630002.0,IN,"Amazon PLCC Free-Financing Universal Merchant AAT-WNKTBO3K27EJC,Amazon PLCC Free-Financing Universal Merchant AAT-QX3UCCJESKPA2,Amazon PLCC Free-Financing Universal Merchant AAT-CXJHMC2YJUK76,Amazon PLCC Free-Financing Universal Merchant AAT-CC4FAVTYR4X7C,Amazon PLCC Free-Financing Universal Merchant AAT-XXRCW6NZEPZI4,Amazon PLCC Free-Financing Universal Merchant AAT-WSJLDN3X7KEMO,Amazon PLCC Free-Financing Universal Merchant AAT-VL6FGQVGQVXUS,Amazon PLCC Free-Financing Universal Merchant AAT-EOKPWFWYW7Y6I,Amazon PLCC Free-Financing Universal Merchant AAT-ZYL5UPUNW6T62,Amazon PLCC Free-Financing Universal Merchant AAT-G5ZRX4BZOIODU,Amazon PLCC Free-Financing Universal Merchant AAT-ACZIPIA37BFIY,Amazon PLCC Free-Financing Universal Merchant AAT-YFJA6XMAMWZSK,Amazon PLCC Free-Financing Universal Merchant AAT-K66BSCE2J2V5E,Amazon PLCC Free-Financing Universal Merchant AAT-275LMAQ3T5REI,Amazon PLCC Free-Financing Universal Merchant AAT-BRSZZ45H6MHAO,Amazon PLCC Free-Financing Universal Merchant AAT-MKLXOOZWQL7GO,Amazon PLCC Free-Financing Universal Merchant AAT-CB7UNXEXGIJTC,Amazon PLCC Free-Financing Universal Merchant #MP-gzasho-1593152694811,Amazon PLCC Free-Financing Universal Merchant AAT-WLBA4GZ52EAH4",False,Easy Ship,
66517,405-5183680-9804308,05-17-22,Shipped - Delivered to Buyer,Merchant,Amazon.in,Standard,J0285,J0285-SKD-S,Set,S,B08QGJ32WW,Shipped,1,INR,1523.0,VIJAYAWADA,ANDHRA PRADESH,520013.0,IN,"Amazon PLCC Free-Financing Universal Merchant AAT-WNKTBO3K27EJC,Amazon PLCC Free-Financing Universal Merchant AAT-QX3UCCJESKPA2,Amazon PLCC Free-Financing Universal Merchant AAT-5QQ7BIYYQEDN2,Amazon PLCC Free-Financing Universal Merchant AAT-DSJ2QRXXWXVMQ,Amazon PLCC Free-Financing Universal Merchant AAT-CXJHMC2YJUK76,Amazon PLCC Free-Financing Universal Merchant AAT-SL3Y2YRMAUNFC,Amazon PLCC Free-Financing Universal Merchant AAT-CC4FAVTYR4X7C,Amazon PLCC Free-Financing Universal Merchant AAT-FYWJCQHU2XQ2U,Amazon PLCC Free-Financing Universal Merchant AAT-R7GXNZWISTRFA,Amazon PLCC Free-Financing Universal Merchant AAT-EOKPWFWYW7Y6I,Amazon PLCC Free-Financing Universal Merchant AAT-URPEBMPS7TSPE,Amazon PLCC Free-Financing Universal Merchant AAT-L2DLP5YGE5766,Amazon PLCC Free-Financing Universal Merchant AAT-5ZEB2OGNZ32MC,Amazon PLCC Free-Financing Universal Merchant AAT-YZ2VQO2YM6YYM,Amazon PLCC Free-Financing Universal Merchant AAT-4EOBCMLXMLDGY,Amazon PLCC Free-Financing Universal Merchant AAT-UB6CYNTOQMM7C,Amazon PLCC Free-Financing Universal Merchant AAT-TNYBHEAO7HOHO,Amazon PLCC Free-Financing Universal Merchant AAT-BRSZZ45H6MHAO,Amazon PLCC Free-Financing Universal Merchant AAT-MKLXOOZWQL7GO,Amazon PLCC Free-Financing Universal Merchant AAT-CB7UNXEXGIJTC,Amazon PLCC Free-Financing Universal Merchant #MP-gzasho-1593152694811,Amazon PLCC Free-Financing Universal Merchant AAT-WLBA4GZ52EAH4,Amazon PLCC Free-Financing Universal Merchant AAT-QMFZ3M7T5NPDS,Amazon PLCC Free-Financing Universal Merchant #MP-pmilan-1601980554292",False,Easy Ship,False
14806,405-7357688-4887502,04-21-22,Shipped,Amazon,Amazon.in,Expedited,JNE3785,JNE3785-KR-XXXL,kurta,3XL,B09K3V4NVW,Shipped,1,INR,362.0,CHANDIGARH,CHANDIGARH,160047.0,IN,,False,,
5548,403-4383823-0720310,04-27-22,Shipped,Amazon,Amazon.in,Expedited,J0338,J0338-DR-L,Western Dress,L,B09832FGG4,Shipped,1,INR,744.0,MUMBAI,MAHARASHTRA,400066.0,IN,,False,,
15110,403-7930713-5963536,04-21-22,Shipped - Delivered to Buyer,Merchant,Amazon.in,Standard,JNE3621,JNE3621-KR-XXL,kurta,XXL,B08W27CYXW,Shipped,1,INR,455.0,HYDERABAD,TELANGANA,500078.0,IN,"Amazon PLCC Free-Financing Universal Merchant AAT-WNKTBO3K27EJC,Amazon PLCC Free-Financing Universal Merchant AAT-QX3UCCJESKPA2,Amazon PLCC Free-Financing Universal Merchant AAT-5QQ7BIYYQEDN2,Amazon PLCC Free-Financing Universal Merchant AAT-DSJ2QRXXWXVMQ,Amazon PLCC Free-Financing Universal Merchant AAT-CXJHMC2YJUK76,Amazon PLCC Free-Financing Universal Merchant AAT-SL3Y2YRMAUNFC,Amazon PLCC Free-Financing Universal Merchant AAT-CC4FAVTYR4X7C,Amazon PLCC Free-Financing Universal Merchant AAT-XXRCW6NZEPZI4,Amazon PLCC Free-Financing Universal Merchant AAT-EOKPWFWYW7Y6I,Amazon PLCC Free-Financing Universal Merchant AAT-ZYL5UPUNW6T62,Amazon PLCC Free-Financing Universal Merchant AAT-G5ZRX4BZOIODU,Amazon PLCC Free-Financing Universal Merchant AAT-6PE7LSBGRLMV2,Amazon PLCC Free-Financing Universal Merchant AAT-PZHUW6DZX4BPS,Amazon PLCC Free-Financing Universal Merchant AAT-TNYBHEAO7HOHO,Amazon PLCC Free-Financing Universal Merchant AAT-BRSZZ45H6MHAO,Amazon PLCC Free-Financing Universal Merchant AAT-MKLXOOZWQL7GO,Amazon PLCC Free-Financing Universal Merchant AAT-CB7UNXEXGIJTC,Amazon PLCC Free-Financing Universal Merchant #MP-gzasho-1593152694811,Amazon PLCC Free-Financing Universal Merchant AAT-WLBA4GZ52EAH4,Amazon PLCC Free-Financing Universal Merchant AAT-QMFZ3M7T5NPDS,Amazon PLCC Free-Financing Universal Merchant #MP-pmilan-1601980554292",False,Easy Ship,
70041,407-7522290-8320303,05-15-22,Shipped,Amazon,Amazon.in,Expedited,JNE3691,JNE3691-TU-M,Top,M,B0986YS2YT,Shipped,1,INR,690.0,MUMBAI,MAHARASHTRA,400080.0,IN,,False,,False
48042,404-2432348-3719510,04-01-22,Shipped,Amazon,Amazon.in,Expedited,JNE2014,JNE2014-KR-178-XL,kurta,XL,B077MM3LFJ,Shipped,1,INR,330.0,HYDERABAD,TELANGANA,500072.0,IN,IN Core Free Shipping 2015/04/08 23-48-5-108,False,,
75261,408-1714022-4168333,05-10-22,Shipped,Amazon,Amazon.in,Standard,JNE3560,JNE3560-KR-XXL,kurta,XXL,B08PCRPSKP,Shipped,1,INR,0.0,HAMIRPUR,HIMACHAL PRADESH,177001.0,IN,,False,,False
103245,407-7054271-9399536,06-19-22,Shipped,Amazon,Amazon.in,Expedited,SET268,SET268-KR-NP-XL,Set,XL,B08XQBF1G4,Shipped,1,INR,788.0,TONK,RAJASTHAN,304001.0,IN,IN Core Free Shipping 2015/04/08 23-48-5-108,False,,False
103527,405-4288715-4192309,06-19-22,Shipped - Delivered to Buyer,Merchant,Amazon.in,Standard,J0379,J0379-SKD-XL,Set,XL,B09M6YZ9K1,Shipped,1,INR,1287.0,NORTH DELHI,DELHI,110085.0,IN,"Amazon PLCC Free-Financing Universal Merchant AAT-WNKTBO3K27EJC,Amazon PLCC Free-Financing Universal Merchant AAT-QX3UCCJESKPA2,Amazon PLCC Free-Financing Universal Merchant AAT-5QQ7BIYYQEDN2,Amazon PLCC Free-Financing Universal Merchant AAT-DSJ2QRXXWXVMQ,Amazon PLCC Free-Financing Universal Merchant AAT-CXJHMC2YJUK76,Amazon PLCC Free-Financing Universal Merchant AAT-SL3Y2YRMAUNFC,Amazon PLCC Free-Financing Universal Merchant AAT-CC4FAVTYR4X7C,Amazon PLCC Free-Financing Universal Merchant AAT-EWAPBB6BDRGM6,Amazon PLCC Free-Financing Universal Merchant AAT-EOKPWFWYW7Y6I,Amazon PLCC Free-Financing Universal Merchant AAT-NT3ZJJGQ3JK3Q,Amazon PLCC Free-Financing Universal Merchant AAT-5SHH3G55USK5C,Amazon PLCC Free-Financing Universal Merchant AAT-AMKH7SAAONETC,Amazon PLCC Free-Financing Universal Merchant AAT-56XNPXK2K7OLI,Amazon PLCC Free-Financing Universal Merchant AAT-6XVEGAWJUJYXG,Amazon PLCC Free-Financing Universal Merchant AAT-5QNBXTEQWGXOW,Amazon PLCC Free-Financing Universal Merchant AAT-BOWEMQBNNNHBK,Amazon PLCC Free-Financing Universal Merchant AAT-SKYXW7T3UZBGO,Amazon PLCC Free-Financing Universal Merchant AAT-ONHQI6RQUNGB6,Amazon PLCC Free-Financing Universal Merchant AAT-7L53RVBBSPI3S,Amazon PLCC Free-Financing Universal Merchant AAT-FXGH5APHPAWRQ,Amazon PLCC Free-Financing Universal Merchant AAT-TNYBHEAO7HOHO,Amazon PLCC Free-Financing Universal Merchant AAT-BRSZZ45H6MHAO,Amazon PLCC Free-Financing Universal Merchant AAT-MKLXOOZWQL7GO,Amazon PLCC Free-Financing Universal Merchant AAT-CB7UNXEXGIJTC,Amazon PLCC Free-Financing Universal Merchant #MP-gzasho-1593152694811,Amazon PLCC Free-Financing Universal Merchant AAT-WLBA4GZ52EAH4,Amazon PLCC Free-Financing Universal Merchant AAT-QMFZ3M7T5NPDS,Amazon PLCC Free-Financing Universal Merchant #MP-pmilan-1601980554292",False,Easy Ship,False
15138,406-1008580-4095503,04-21-22,Shipped,Amazon,Amazon.in,Expedited,SET278,SET278-KR-NP-M,Set,M,B0983F3BLZ,Shipped,1,INR,1432.0,KADAPA,ANDHRA PRADESH,516001.0,IN,IN Core Free Shipping 2015/04/08 23-48-5-108,False,,
61668,408-3063717-1912311,05-21-22,Shipped,Amazon,Amazon.in,Expedited,J0119,J0119-TP-XXXL,Top,3XL,B08RYPRVPV,Shipped,1,INR,574.0,GURUGRAM,HARYANA,122011.0,IN,,False,,False
12750,406-6971669-6941137,04-22-22,Shipped,Amazon,Amazon.in,Expedited,JNE3437,JNE3437-KR-S,kurta,S,B085HGB1GT,Shipped,1,INR,517.0,Bareilly,UTTAR PRADESH,243122.0,IN,IN Core Free Shipping 2015/04/08 23-48-5-108,False,,
81351,406-5516086-1017143,05-06-22,Shipped,Amazon,Amazon.in,Expedited,SET268,SET268-KR-NP-L,Set,L,B08XQ8MCKP,Shipped,1,INR,788.0,CHENNAI,TAMIL NADU,600042.0,IN,IN Core Free Shipping 2015/04/08 23-48-5-108,False,,False
28186,406-4771025-0145962,04-14-22,Shipped - Delivered to Buyer,Merchant,Amazon.in,Standard,SET246,SET246-KR-PP-XXXL,Set,3XL,B08W8DBX54,Shipped,1,INR,455.0,Ulhasnagar,MAHARASHTRA,421004.0,IN,"Amazon PLCC Free-Financing Universal Merchant AAT-WNKTBO3K27EJC,Amazon PLCC Free-Financing Universal Merchant AAT-QX3UCCJESKPA2,Amazon PLCC Free-Financing Universal Merchant AAT-CXJHMC2YJUK76,Amazon PLCC Free-Financing Universal Merchant AAT-CC4FAVTYR4X7C,Amazon PLCC Free-Financing Universal Merchant AAT-XXRCW6NZEPZI4,Amazon PLCC Free-Financing Universal Merchant AAT-EOKPWFWYW7Y6I,Amazon PLCC Free-Financing Universal Merchant AAT-G5ZRX4BZOIODU,Amazon PLCC Free-Financing Universal Merchant AAT-LMLYJV5SYVNDA,Amazon PLCC Free-Financing Universal Merchant AAT-PZHUW6DZX4BPS,Amazon PLCC Free-Financing Universal Merchant AAT-BRSZZ45H6MHAO,Amazon PLCC Free-Financing Universal Merchant AAT-MKLXOOZWQL7GO,Amazon PLCC Free-Financing Universal Merchant AAT-CB7UNXEXGIJTC,Amazon PLCC Free-Financing Universal Merchant #MP-gzasho-1593152694811,Amazon PLCC Free-Financing Universal Merchant AAT-WLBA4GZ52EAH4,Amazon PLCC Free-Financing Universal Merchant #MP-pmilan-1601980554292",False,Easy Ship,
44351,403-5725306-9749964,04-03-22,Shipped,Amazon,Amazon.in,Expedited,J0285,J0285-SKD-XXXL,Set,3XL,B08QGNCNNJ,Shipped,1,INR,1450.0,MUMBAI,MAHARASHTRA,400053.0,IN,,False,,
128448,405-5930010-7901169,06-01-22,Shipped,Amazon,Amazon.in,Expedited,JNE3761,JNE3761-KR-XXL,kurta,XXL,B099FB9BP3,Shipped,1,INR,301.0,PALUVAI,KERALA,680104.0,IN,,False,,False
27884,171-8659826-6933134,04-14-22,Cancelled,Amazon,Amazon.in,Expedited,JNE3607,JNE3607-KR-XXXL,kurta,3XL,B08TH21TCJ,Cancelled,0,,,Ahmedabad,Gujarat,380008.0,IN,IN Core Free Shipping 2015/04/08 23-48-5-108,False,,
74925,407-3217281-4157100,05-10-22,Cancelled,Amazon,Amazon.in,Expedited,SET405,SET405-KR-NP-S,Set,S,B09QJ35SR5,Cancelled,0,,,HYDERABAD,TELANGANA,500055.0,IN,,False,,False
99962,405-8352639-1298735,06-21-22,Shipped,Amazon,Amazon.in,Expedited,JNE3802,JNE3802-KR-XXL,kurta,XXL,B09K3W19YL,Shipped,1,INR,487.0,NADIAD,Gujarat,387001.0,IN,IN Core Free Shipping 2015/04/08 23-48-5-108,False,,False
26664,407-8435073-3108306,04-14-22,Shipped,Amazon,Amazon.in,Expedited,JNE3373,JNE3373-KR-XXXL,kurta,3XL,B082W7MZVQ,Shipped,1,INR,376.0,CHENNAI,TAMIL NADU,600024.0,IN,,False,,
99160,403-7582176-7334705,06-22-22,Shipped,Amazon,Amazon.in,Expedited,JNE3781,JNE3781-KR-M,kurta,M,B09K3WRM4Q,Shipped,1,INR,416.0,THRISSUR,KERALA,680516.0,IN,IN Core Free Shipping 2015/04/08 23-48-5-108,False,,False
15199,408-6820995-3013957,04-21-22,Shipped - Delivered to Buyer,Merchant,Amazon.in,Standard,JNE3787,JNE3787-KR-S,kurta,S,B09RKBXM5B,Shipped,1,INR,487.0,PIMPRI CHINCHWAD,MAHARASHTRA,411018.0,IN,"Amazon PLCC Free-Financing Universal Merchant AAT-WNKTBO3K27EJC,Amazon PLCC Free-Financing Universal Merchant AAT-QX3UCCJESKPA2,Amazon PLCC Free-Financing Universal Merchant AAT-5QQ7BIYYQEDN2,Amazon PLCC Free-Financing Universal Merchant AAT-DSJ2QRXXWXVMQ,Amazon PLCC Free-Financing Universal Merchant AAT-CXJHMC2YJUK76,Amazon PLCC Free-Financing Universal Merchant AAT-SL3Y2YRMAUNFC,Amazon PLCC Free-Financing Universal Merchant AAT-CC4FAVTYR4X7C,Amazon PLCC Free-Financing Universal Merchant AAT-XXRCW6NZEPZI4,Amazon PLCC Free-Financing Universal Merchant AAT-EOKPWFWYW7Y6I,Amazon PLCC Free-Financing Universal Merchant AAT-G5ZRX4BZOIODU,Amazon PLCC Free-Financing Universal Merchant AAT-6PE7LSBGRLMV2,Amazon PLCC Free-Financing Universal Merchant AAT-PZHUW6DZX4BPS,Amazon PLCC Free-Financing Universal Merchant AAT-BRSZZ45H6MHAO,Amazon PLCC Free-Financing Universal Merchant AAT-MKLXOOZWQL7GO,Amazon PLCC Free-Financing Universal Merchant AAT-CB7UNXEXGIJTC,Amazon PLCC Free-Financing Universal Merchant #MP-gzasho-1593152694811,Amazon PLCC Free-Financing Universal Merchant AAT-WLBA4GZ52EAH4,Amazon PLCC Free-Financing Universal Merchant #MP-pmilan-1601980554292",False,Easy Ship,
102469,404-1122685-1705163,06-19-22,Shipped,Amazon,Amazon.in,Expedited,JNE3659,JNE3659-TP-N-L,Top,L,B08ZHT1PKK,Shipped,1,INR,463.0,KOLKATA,WEST BENGAL,700031.0,IN,,False,,False
76055,406-1576541-1818736,05-09-22,Shipped,Amazon,Amazon.in,Expedited,J0344,J0344-TP-S,Top,S,B0986XYSRW,Shipped,1,INR,574.0,KALYAN,MAHARASHTRA,421201.0,IN,IN Core Free Shipping 2015/04/08 23-48-5-108,False,,False
84832,403-2172328-7619509,05-04-22,Shipped,Amazon,Amazon.in,Expedited,MEN5025,MEN5025-KR-XXL,kurta,XXL,B08YYSX188,Shipped,1,INR,533.0,SAVNER,MAHARASHTRA,441107.0,IN,IN Core Free Shipping 2015/04/08 23-48-5-108,False,,False
632,402-9348518-5984354,04-30-22,Cancelled,Amazon,Amazon.in,Expedited,JNE3461,JNE3461-KR-XXL,kurta,XXL,B08B3XF5MH,Cancelled,0,,,JAIPUR,RAJASTHAN,303905.0,IN,,False,,
30658,405-8846329-1473130,04-12-22,Shipped,Amazon,Amazon.in,Expedited,SET098,SET098-KR-PP-S,Set,S,B07X3KSDT3,Shipped,1,INR,696.0,SECUNDERABAD,TELANGANA,500015.0,IN,IN Core Free Shipping 2015/04/08 23-48-5-108,False,,
123721,404-8132910-4579561,06-04-22,Shipped,Amazon,Amazon.in,Expedited,J0004,J0004-SKD-S,Set,S,B0894Y659D,Shipped,1,INR,1127.0,DARIYABAD,UTTAR PRADESH,225403.0,IN,IN Core Free Shipping 2015/04/08 23-48-5-108,False,,False
2165,404-6204825-9085913,04-29-22,Shipped,Amazon,Amazon.in,Expedited,J0119,J0119-TP-XXL,Top,XXL,B08RYRBZPC,Shipped,1,INR,540.0,Dehradun,UTTARAKHAND,248140.0,IN,IN Core Free Shipping 2015/04/08 23-48-5-108,False,,
91224,402-2565236-1201945,06-29-22,Pending,Amazon,Amazon.in,Expedited,SET144,SET144-KR-NP-XXXL,Set,3XL,B0822TZ4S3,Unshipped,1,INR,764.0,MORADABAD,UTTAR PRADESH,244001.0,IN,IN Core Free Shipping 2015/04/08 23-48-5-108,False,,False
112642,402-1033330-6613945,06-12-22,Shipped,Amazon,Amazon.in,Expedited,J0203,J0203-TP-S,Top,S,B0965MD798,Shipped,1,INR,568.0,NEW DELHI,DELHI,110037.0,IN,IN Core Free Shipping 2015/04/08 23-48-5-108,False,,False
53684,402-0021162-2851544,05-28-22,Shipped,Amazon,Amazon.in,Expedited,J0277,J0277-SKD-M,Set,M,B08QGL6BRP,Shipped,1,INR,1364.0,Gurgaon,HARYANA,122009.0,IN,,False,,False
28632,171-6196808-7042703,04-13-22,Shipped,Amazon,Amazon.in,Expedited,JNE3368,JNE3368-KR-S,kurta,S,B081WYJ6CV,Shipped,1,INR,471.0,BENGALURU,KARNATAKA,560064.0,IN,,True,,
73879,405-3338754-1017945,05-11-22,Shipped,Amazon,Amazon.in,Expedited,JNE3484,JNE3484-KR-XL,kurta,XL,B08W9KCKQD,Shipped,1,INR,301.0,HYDERABAD,TELANGANA,500072.0,IN,IN Core Free Shipping 2015/04/08 23-48-5-108,False,,False
23209,403-4755209-1015519,04-16-22,Shipped,Amazon,Amazon.in,Expedited,SET135,SET135-KR-PP-XS,Set,XS,B085HRDXZH,Shipped,1,INR,646.0,BHADRAK,ODISHA,756100.0,IN,IN Core Free Shipping 2015/04/08 23-48-5-108,False,,
114325,403-3241996-9501931,06-10-22,Shipped,Amazon,Amazon.in,Expedited,J0080,J0080-TP-XS,Top,XS,B09268MT2C,Shipped,1,INR,709.0,BENGALURU,KARNATAKA,560016.0,IN,,False,,False
37699,402-9145439-1697133,04-08-22,Shipped,Amazon,Amazon.in,Expedited,JNE3412,JNE3412-KR-XS,kurta,XS,B0893FQFX8,Shipped,1,INR,419.0,Port Blair,ANDAMAN & NICOBAR ,744103.0,IN,,False,,
2097,403-8220348-0238745,04-29-22,Shipped,Amazon,Amazon.in,Expedited,SET267,SET267-KR-NP-XXL,Set,XXL,B09BQFKTLT,Shipped,1,INR,852.0,PUDUCHERRY,PUDUCHERRY,605001.0,IN,IN Core Free Shipping 2015/04/08 23-48-5-108,False,,
38335,171-1690949-3109969,04-07-22,Shipped,Amazon,Amazon.in,Expedited,SET328,SET328-KR-NP-XL,Set,XL,B09K3F6Y89,Shipped,1,INR,635.0,MUMBAI,MAHARASHTRA,400012.0,IN,,False,,
118004,402-6350380-1774755,06-08-22,Shipped,Amazon,Amazon.in,Expedited,JNE3865,JNE3865-TP-XS,Top,XS,B09TZSQCV8,Shipped,1,INR,676.0,GHAZIABAD,UTTAR PRADESH,201005.0,IN,IN Core Free Shipping 2015/04/08 23-48-5-108,False,,False
95274,408-8307044-5225152,06-26-22,Shipped,Amazon,Amazon.in,Expedited,J0034,J0034-SET-M,Set,M,B089G1V1G3,Shipped,1,INR,717.0,Park city,DADRA AND NAGAR,396230.0,IN,IN Core Free Shipping 2015/04/08 23-48-5-108,False,,False
60208,406-2895162-4583505,05-23-22,Cancelled,Merchant,Amazon.in,Standard,MEN5025,MEN5025-KR-XXL,kurta,XXL,B08YYSX188,,0,,,PUNE,MAHARASHTRA,411014.0,IN,,False,Easy Ship,False
11203,404-5993811-5657134,04-23-22,Shipped,Amazon,Amazon.in,Expedited,J0236,J0236-SKD-XL,Set,XL,B08ZYPQ3XV,Shipped,1,INR,950.0,LUDHIANA,PUNJAB,141001.0,IN,,False,,
119033,408-3458957-5950722,06-07-22,Shipped,Amazon,Amazon.in,Standard,JNE3838,JNE3838-KR-M,kurta,M,B09TH7F8WY,Shipped,1,INR,0.0,MUMBAI,MAHARASHTRA,400065.0,IN,,False,,False
114017,406-2646435-4583543,06-11-22,Shipped - Delivered to Buyer,Merchant,Amazon.in,Standard,JNE3704,JNE3704-KR-S,kurta,S,B099FD7355,Shipped,1,INR,487.0,Tanjavur,TAMIL NADU,613401.0,IN,"Amazon PLCC Free-Financing Universal Merchant AAT-WNKTBO3K27EJC,Amazon PLCC Free-Financing Universal Merchant AAT-QX3UCCJESKPA2,Amazon PLCC Free-Financing Universal Merchant AAT-5QQ7BIYYQEDN2,Amazon PLCC Free-Financing Universal Merchant AAT-DSJ2QRXXWXVMQ,Amazon PLCC Free-Financing Universal Merchant AAT-CXJHMC2YJUK76,Amazon PLCC Free-Financing Universal Merchant AAT-SL3Y2YRMAUNFC,Amazon PLCC Free-Financing Universal Merchant AAT-CC4FAVTYR4X7C,Amazon PLCC Free-Financing Universal Merchant AAT-EWAPBB6BDRGM6,Amazon PLCC Free-Financing Universal Merchant AAT-EOKPWFWYW7Y6I,Amazon PLCC Free-Financing Universal Merchant AAT-NT3ZJJGQ3JK3Q,Amazon PLCC Free-Financing Universal Merchant AAT-AMKH7SAAONETC,Amazon PLCC Free-Financing Universal Merchant AAT-56XNPXK2K7OLI,Amazon PLCC Free-Financing Universal Merchant AAT-ZBCRDPHJI4UDO,Amazon PLCC Free-Financing Universal Merchant AAT-CMBNOJYSQPOPS,Amazon PLCC Free-Financing Universal Merchant AAT-IBN3WODYJ44YC,Amazon PLCC Free-Financing Universal Merchant AAT-W2F65W44TEYES,Amazon PLCC Free-Financing Universal Merchant AAT-ZBGDWJCP6BTLE,Amazon PLCC Free-Financing Universal Merchant AAT-BOWEMQBNNNHBK,Amazon PLCC Free-Financing Universal Merchant AAT-SKYXW7T3UZBGO,Amazon PLCC Free-Financing Universal Merchant AAT-BRSZZ45H6MHAO,Amazon PLCC Free-Financing Universal Merchant AAT-MKLXOOZWQL7GO,Amazon PLCC Free-Financing Universal Merchant AAT-CB7UNXEXGIJTC,Amazon PLCC Free-Financing Universal Merchant #MP-gzasho-1593152694811,Amazon PLCC Free-Financing Universal Merchant AAT-WLBA4GZ52EAH4",False,Easy Ship,False
99253,403-6860719-0849126,06-22-22,Shipped,Amazon,Amazon.in,Expedited,J0230,J0230-SKD-XL,Set,XL,B08XNJ8P3S,Shipped,1,INR,1163.0,FARIDABAD,HARYANA,121002.0,IN,IN Core Free Shipping 2015/04/08 23-48-5-108,True,,False
55140,403-1309027-1925921,05-27-22,Shipped,Amazon,Amazon.in,Expedited,J0041,J0041-SET-XS,Set,XS,B089G2JV7X,Shipped,1,INR,631.0,RAIPUR,CHHATTISGARH,492013.0,IN,IN Core Free Shipping 2015/04/08 23-48-5-108,False,,False
8008,408-3566781-1126716,04-25-22,Shipped - Delivered to Buyer,Merchant,Amazon.in,Standard,JNE3710,JNE3710-DR-L,Western Dress,L,B091SW66WJ,Shipped,1,INR,690.0,SIKANDERPUR BALLIA DISTRICT,UTTAR PRADESH,277303.0,IN,"Amazon PLCC Free-Financing Universal Merchant AAT-WNKTBO3K27EJC,Amazon PLCC Free-Financing Universal Merchant AAT-QX3UCCJESKPA2,Amazon PLCC Free-Financing Universal Merchant AAT-5QQ7BIYYQEDN2,Amazon PLCC Free-Financing Universal Merchant AAT-DSJ2QRXXWXVMQ,Amazon PLCC Free-Financing Universal Merchant AAT-CXJHMC2YJUK76,Amazon PLCC Free-Financing Universal Merchant AAT-CC4FAVTYR4X7C,Amazon PLCC Free-Financing Universal Merchant AAT-XXRCW6NZEPZI4,Amazon PLCC Free-Financing Universal Merchant AAT-EOKPWFWYW7Y6I,Amazon PLCC Free-Financing Universal Merchant AAT-ZYL5UPUNW6T62,Amazon PLCC Free-Financing Universal Merchant AAT-G5ZRX4BZOIODU,Amazon PLCC Free-Financing Universal Merchant AAT-PZHUW6DZX4BPS,Amazon PLCC Free-Financing Universal Merchant AAT-AWMMZNGS33JGQ,Amazon PLCC Free-Financing Universal Merchant AAT-ETXQ3XXWMRXBG,Amazon PLCC Free-Financing Universal Merchant AAT-BRSZZ45H6MHAO,Amazon PLCC Free-Financing Universal Merchant AAT-MKLXOOZWQL7GO,Amazon PLCC Free-Financing Universal Merchant AAT-CB7UNXEXGIJTC,Amazon PLCC Free-Financing Universal Merchant #MP-gzasho-1593152694811,Amazon PLCC Free-Financing Universal Merchant AAT-WLBA4GZ52EAH4",False,Easy Ship,
88637,405-4735709-7506733,05-02-22,Shipped,Amazon,Amazon.in,Expedited,J0158,J0158-DR-XXXL,Western Dress,3XL,B091YGKXY9,Shipped,1,INR,721.0,NAVI MUMBAI,MAHARASHTRA,400701.0,IN,,False,,False
125283,405-2715910-4593930,06-03-22,Shipped,Amazon,Amazon.in,Expedited,JNE1233,JNE1233-BLUE-KR-031-XS,kurta,XS,B07JBQD2BK,Shipped,1,INR,376.0,Pune,MAHARASHTRA,411015.0,IN,Duplicated A12RHGVGRWOT3S 1560498941486,False,,False
1176,408-6514205-9009132,04-30-22,Shipped,Amazon,Amazon.in,Expedited,JNE3440,JNE3440-KR-N-M,kurta,M,B081WY1SP3,Shipped,1,INR,399.0,BENGALURU,KARNATAKA,560046.0,IN,IN Core Free Shipping 2015/04/08 23-48-5-108,False,,
93845,406-5304321-5604309,06-27-22,Shipped,Amazon,Amazon.in,Expedited,JNE3800,JNE3800-KR-XL,Western Dress,XL,B09SDYWXDS,Shipped,1,INR,735.0,AHMEDABAD,Gujarat,380060.0,IN,IN Core Free Shipping 2015/04/08 23-48-5-108,False,,False
81934,404-6759914-9471510,05-05-22,Shipped,Amazon,Amazon.in,Expedited,SET293,SET293-KR-NP-S,Set,S,B09K3G4TS6,Shipped,1,INR,692.0,JORETHANG,SIKKIM,737121.0,IN,IN Core Free Shipping 2015/04/08 23-48-5-108,False,,False
87749,405-3566525-3281915,05-02-22,Cancelled,Merchant,Amazon.in,Standard,NW005,NW005-ST-PJ-L,Set,L,B0922TCTTB,,0,INR,570.48,BHUNTAR,HIMACHAL PRADESH,175125.0,IN,,False,Easy Ship,False
38864,405-1522066-3802718,04-07-22,Shipped,Amazon,Amazon.in,Expedited,JNE3487,JNE3487-KR-S,kurta,S,B08RP1Z6L4,Shipped,1,INR,362.0,BENGALURU,KARNATAKA,560085.0,IN,IN Core Free Shipping 2015/04/08 23-48-5-108,False,,
2328,405-4144703-2222723,04-29-22,Cancelled,Merchant,Amazon.in,Standard,JNE3798,JNE3798-KR-XL,Western Dress,XL,B09SDXG1CP,,0,,,HYDERABAD,TELANGANA,502032.0,IN,,False,Easy Ship,
122875,407-3194232-5315523,06-05-22,Shipped,Amazon,Amazon.in,Expedited,MEN5008,MEN5008-KR-L,kurta,L,B08YYZFQZS,Shipped,1,INR,688.0,ALATHUR,KERALA,678573.0,IN,,False,,False
123845,407-4141650-3282756,06-04-22,Shipped,Amazon,Amazon.in,Expedited,J0004,J0004-SKD-XXL,Set,XXL,B0894XVZLM,Shipped,1,INR,1127.0,VISAKHAPATNAM,ANDHRA PRADESH,530027.0,IN,,False,,False
77781,408-2805411-2483515,05-08-22,Shipped,Amazon,Amazon.in,Expedited,JNE3373,JNE3373-KR-XS,kurta,XS,B082W872VQ,Shipped,1,INR,382.0,Ghaziabad,UTTAR PRADESH,201017.0,IN,,False,,False
317,402-0503400-6235514,04-30-22,Shipped,Amazon,Amazon.in,Expedited,SET293,SET293-KR-NP-S,Set,S,B09K3G4TS6,Shipped,1,INR,736.0,CHENNAI,TAMIL NADU,600125.0,IN,IN Core Free Shipping 2015/04/08 23-48-5-108,False,,
17119,407-8404517-9330705,04-20-22,Shipped,Amazon,Amazon.in,Expedited,JNE3465,JNE3465-KR-XL,kurta,XL,B08BF4PWCT,Shipped,1,INR,517.0,BENGALURU,KARNATAKA,560061.0,IN,,False,,
80627,402-7949489-9524323,05-06-22,Shipped - Delivered to Buyer,Merchant,Amazon.in,Standard,SET278,SET278-KR-NP-S,Set,S,B0983F2ZJW,Shipped,1,INR,1432.0,HYDERABAD,TELANGANA,500092.0,IN,"Amazon PLCC Free-Financing Universal Merchant AAT-WNKTBO3K27EJC,Amazon PLCC Free-Financing Universal Merchant AAT-QX3UCCJESKPA2,Amazon PLCC Free-Financing Universal Merchant AAT-5QQ7BIYYQEDN2,Amazon PLCC Free-Financing Universal Merchant AAT-DSJ2QRXXWXVMQ,Amazon PLCC Free-Financing Universal Merchant AAT-CXJHMC2YJUK76,Amazon PLCC Free-Financing Universal Merchant AAT-SL3Y2YRMAUNFC,Amazon PLCC Free-Financing Universal Merchant AAT-CC4FAVTYR4X7C,Amazon PLCC Free-Financing Universal Merchant AAT-FYWJCQHU2XQ2U,Amazon PLCC Free-Financing Universal Merchant AAT-R7GXNZWISTRFA,Amazon PLCC Free-Financing Universal Merchant AAT-EOKPWFWYW7Y6I,Amazon PLCC Free-Financing Universal Merchant AAT-URPEBMPS7TSPE,Amazon PLCC Free-Financing Universal Merchant AAT-3R6UGYISJQCKA,Amazon PLCC Free-Financing Universal Merchant AAT-TREXU6MY3SEMI,Amazon PLCC Free-Financing Universal Merchant AAT-CPIZVVXYOLZ5S,Amazon PLCC Free-Financing Universal Merchant AAT-BS2QIL3ZUUJDC,Amazon PLCC Free-Financing Universal Merchant AAT-BD2QQYQLU3K3Q,Amazon PLCC Free-Financing Universal Merchant AAT-7Z5FYSWV55YJ6,Amazon PLCC Free-Financing Universal Merchant AAT-KQRYFJZLTA6E2,Amazon PLCC Free-Financing Universal Merchant AAT-F6SN46VZWQOQI,Amazon PLCC Free-Financing Universal Merchant AAT-GL6VKXK3MYVP4,Amazon PLCC Free-Financing Universal Merchant AAT-26CRLBGU7BZ4I,Amazon PLCC Free-Financing Universal Merchant AAT-EC3WUB2OYMZJY,Amazon PLCC Free-Financing Universal Merchant AAT-LLHTF3J4EFYUO,Amazon PLCC Free-Financing Universal Merchant AAT-TNYBHEAO7HOHO,Amazon PLCC Free-Financing Universal Merchant AAT-BRSZZ45H6MHAO,Amazon PLCC Free-Financing Universal Merchant AAT-MKLXOOZWQL7GO,Amazon PLCC Free-Financing Universal Merchant AAT-CB7UNXEXGIJTC,Amazon PLCC Free-Financing Universal Merchant #MP-gzasho-1593152694811,Amazon PLCC Free-Financing Universal Merchant AAT-WLBA4GZ52EAH4,Amazon PLCC Free-Financing Universal Merchant AAT-QMFZ3M7T5NPDS,Amazon PLCC Free-Financing Universal Merchant #MP-pmilan-1601980554292",False,Easy Ship,False
94101,406-0335443-7049121,06-27-22,Shipped - Picked Up,Merchant,Amazon.in,Standard,SET330,SET330-KR-PP-XL,Set,XL,B09SDXTH4Q,Shipped,1,INR,560.0,HYDERABAD,TELANGANA,500084.0,IN,"Amazon PLCC Free-Financing Universal Merchant AAT-WNKTBO3K27EJC,Amazon PLCC Free-Financing Universal Merchant AAT-QX3UCCJESKPA2,Amazon PLCC Free-Financing Universal Merchant AAT-5QQ7BIYYQEDN2,Amazon PLCC Free-Financing Universal Merchant AAT-DSJ2QRXXWXVMQ,Amazon PLCC Free-Financing Universal Merchant AAT-CXJHMC2YJUK76,Amazon PLCC Free-Financing Universal Merchant AAT-SL3Y2YRMAUNFC,Amazon PLCC Free-Financing Universal Merchant AAT-CC4FAVTYR4X7C,Amazon PLCC Free-Financing Universal Merchant AAT-EWAPBB6BDRGM6,Amazon PLCC Free-Financing Universal Merchant AAT-R7GXNZWISTRFA,Amazon PLCC Free-Financing Universal Merchant AAT-EOKPWFWYW7Y6I,Amazon PLCC Free-Financing Universal Merchant AAT-AMKH7SAAONETC,Amazon PLCC Free-Financing Universal Merchant AAT-56XNPXK2K7OLI,Amazon PLCC Free-Financing Universal Merchant AAT-BOWEMQBNNNHBK,Amazon PLCC Free-Financing Universal Merchant AAT-ONHQI6RQUNGB6,Amazon PLCC Free-Financing Universal Merchant AAT-UFMRPWCRGE2ZM,Amazon PLCC Free-Financing Universal Merchant AAT-SF4YGC5K3O574,Amazon PLCC Free-Financing Universal Merchant AAT-SUBB5QVZKACYG,Amazon PLCC Free-Financing Universal Merchant AAT-CF5ZF57364I7G,Amazon PLCC Free-Financing Universal Merchant AAT-BRSZZ45H6MHAO,Amazon PLCC Free-Financing Universal Merchant AAT-MKLXOOZWQL7GO,Amazon PLCC Free-Financing Universal Merchant AAT-CB7UNXEXGIJTC,Amazon PLCC Free-Financing Universal Merchant #MP-gzasho-1593152694811,Amazon PLCC Free-Financing Universal Merchant AAT-WLBA4GZ52EAH4",False,Easy Ship,False
33419,403-7713096-2041151,04-10-22,Shipped - Delivered to Buyer,Merchant,Amazon.in,Standard,J0341,J0341-DR-XXL,Western Dress,XXL,B099NR3NXY,Shipped,1,INR,791.0,GHAZIABAD,UTTAR PRADESH,201009.0,IN,"Amazon PLCC Free-Financing Universal Merchant AAT-WNKTBO3K27EJC,Amazon PLCC Free-Financing Universal Merchant AAT-QX3UCCJESKPA2,Amazon PLCC Free-Financing Universal Merchant AAT-CXJHMC2YJUK76,Amazon PLCC Free-Financing Universal Merchant AAT-CC4FAVTYR4X7C,Amazon PLCC Free-Financing Universal Merchant AAT-XXRCW6NZEPZI4,Amazon PLCC Free-Financing Universal Merchant AAT-R7GXNZWISTRFA,Amazon PLCC Free-Financing Universal Merchant AAT-EOKPWFWYW7Y6I,Amazon PLCC Free-Financing Universal Merchant AAT-ZYL5UPUNW6T62,Amazon PLCC Free-Financing Universal Merchant AAT-G5ZRX4BZOIODU,Amazon PLCC Free-Financing Universal Merchant AAT-P3CSUAK4HTEP2,Amazon PLCC Free-Financing Universal Merchant AAT-PZHUW6DZX4BPS,Amazon PLCC Free-Financing Universal Merchant AAT-BRSZZ45H6MHAO,Amazon PLCC Free-Financing Universal Merchant AAT-MKLXOOZWQL7GO,Amazon PLCC Free-Financing Universal Merchant AAT-CB7UNXEXGIJTC,Amazon PLCC Free-Financing Universal Merchant #MP-gzasho-1593152694811,Amazon PLCC Free-Financing Universal Merchant AAT-WLBA4GZ52EAH4",False,Easy Ship,
90294,402-7506812-9781916,05-01-22,Cancelled,Amazon,Amazon.in,Expedited,J0285,J0285-SKD-XS,Set,XS,B08QGN4RYQ,Cancelled,0,,,SHIMLA,HIMACHAL PRADESH,171208.0,IN,,False,,False
100173,407-4213212-7300352,06-21-22,Shipped,Amazon,Amazon.in,Expedited,JNE3810,JNE3810-KR-XXXL,kurta,3XL,B09RKCYVVH,Shipped,1,INR,569.0,BENGALURU,KARNATAKA,560085.0,IN,IN Core Free Shipping 2015/04/08 23-48-5-108,False,,False
123205,171-2846718-4338704,06-05-22,Shipped,Amazon,Amazon.in,Expedited,JNE3405,JNE3405-KR-XS,kurta,XS,B081XCMYXJ,Shipped,1,INR,435.0,PATNA,BIHAR,801503.0,IN,IN Core Free Shipping 2015/04/08 23-48-5-108,False,,False
43792,402-6255405-2529113,04-04-22,Shipped,Amazon,Amazon.in,Expedited,JNE3399,JNE3399-KR-L,kurta,L,B082W8354V,Shipped,1,INR,426.0,GHAZIABAD,UTTAR PRADESH,201014.0,IN,,False,,
80955,171-6546241-0140357,05-06-22,Shipped,Amazon,Amazon.in,Expedited,SET397,SET397-KR-NP-XS,Set,XS,B09RKDH2BT,Shipped,1,INR,969.0,DEWAS,MADHYA PRADESH,455001.0,IN,IN Core Free Shipping 2015/04/08 23-48-5-108,False,,False
66841,404-0427154-6433129,05-17-22,Shipped - Delivered to Buyer,Merchant,Amazon.in,Standard,JNE3571,JNE3571-KR-XL,kurta,XL,B08MXF3X54,Shipped,1,INR,487.0,LUCKNOWl,UTTAR PRADESH,226017.0,IN,"Amazon PLCC Free-Financing Universal Merchant AAT-WNKTBO3K27EJC,Amazon PLCC Free-Financing Universal Merchant AAT-QX3UCCJESKPA2,Amazon PLCC Free-Financing Universal Merchant AAT-5QQ7BIYYQEDN2,Amazon PLCC Free-Financing Universal Merchant AAT-DSJ2QRXXWXVMQ,Amazon PLCC Free-Financing Universal Merchant AAT-CXJHMC2YJUK76,Amazon PLCC Free-Financing Universal Merchant AAT-CC4FAVTYR4X7C,Amazon PLCC Free-Financing Universal Merchant AAT-FYWJCQHU2XQ2U,Amazon PLCC Free-Financing Universal Merchant AAT-EOKPWFWYW7Y6I,Amazon PLCC Free-Financing Universal Merchant AAT-URPEBMPS7TSPE,Amazon PLCC Free-Financing Universal Merchant AAT-YZ2VQO2YM6YYM,Amazon PLCC Free-Financing Universal Merchant AAT-4EOBCMLXMLDGY,Amazon PLCC Free-Financing Universal Merchant AAT-UB6CYNTOQMM7C,Amazon PLCC Free-Financing Universal Merchant AAT-BRSZZ45H6MHAO,Amazon PLCC Free-Financing Universal Merchant AAT-MKLXOOZWQL7GO,Amazon PLCC Free-Financing Universal Merchant AAT-CB7UNXEXGIJTC,Amazon PLCC Free-Financing Universal Merchant #MP-gzasho-1593152694811,Amazon PLCC Free-Financing Universal Merchant AAT-WLBA4GZ52EAH4",False,Easy Ship,False
10912,171-4283508-2833956,04-23-22,Shipped - Delivered to Buyer,Merchant,Amazon.in,Standard,JNE3160,JNE3160-KR-G-XXXL,kurta,3XL,B07K3VQMML,Shipped,1,INR,685.0,BENGALURU,KARNATAKA,560043.0,IN,"Amazon PLCC Free-Financing Universal Merchant AAT-WNKTBO3K27EJC,Amazon PLCC Free-Financing Universal Merchant AAT-QX3UCCJESKPA2,Amazon PLCC Free-Financing Universal Merchant AAT-5QQ7BIYYQEDN2,Amazon PLCC Free-Financing Universal Merchant AAT-DSJ2QRXXWXVMQ,Amazon PLCC Free-Financing Universal Merchant AAT-CXJHMC2YJUK76,Amazon PLCC Free-Financing Universal Merchant AAT-CC4FAVTYR4X7C,Amazon PLCC Free-Financing Universal Merchant AAT-XXRCW6NZEPZI4,Amazon PLCC Free-Financing Universal Merchant AAT-CXNSLNBROFDW4,Amazon PLCC Free-Financing Universal Merchant AAT-WSJLDN3X7KEMO,Amazon PLCC Free-Financing Universal Merchant AAT-VL6FGQVGQVXUS,Amazon PLCC Free-Financing Universal Merchant AAT-EOKPWFWYW7Y6I,Amazon PLCC Free-Financing Universal Merchant AAT-ZYL5UPUNW6T62,Amazon PLCC Free-Financing Universal Merchant AAT-XVPICCHRWDCAI,Amazon PLCC Free-Financing Universal Merchant AAT-G5ZRX4BZOIODU,Amazon PLCC Free-Financing Universal Merchant AAT-ACZIPIA37BFIY,Amazon PLCC Free-Financing Universal Merchant AAT-4UKS7UWZY3AES,Amazon PLCC Free-Financing Universal Merchant AAT-PZHUW6DZX4BPS,Amazon PLCC Free-Financing Universal Merchant AAT-ETXQ3XXWMRXBG,Amazon PLCC Free-Financing Universal Merchant AAT-BRSZZ45H6MHAO,Amazon PLCC Free-Financing Universal Merchant AAT-MKLXOOZWQL7GO,Amazon PLCC Free-Financing Universal Merchant AAT-CB7UNXEXGIJTC,Amazon PLCC Free-Financing Universal Merchant #MP-gzasho-1593152694811,Amazon PLCC Free-Financing Universal Merchant AAT-WLBA4GZ52EAH4",False,Easy Ship,
88082,403-8352850-4673139,05-02-22,Shipped,Amazon,Amazon.in,Expedited,JNE1906,JNE1906-KR-031-S,kurta,S,B06Y5CCJ89,Shipped,1,INR,357.0,PUNE,MAHARASHTRA,411046.0,IN,,False,,False
121851,407-1123885-5106759,06-05-22,Shipped,Amazon,Amazon.in,Expedited,J0344,J0344-TP-XL,Top,XL,B09872TQWK,Shipped,1,INR,758.0,KOLKATA,WEST BENGAL,700051.0,IN,,False,,False
78967,404-6986397-1484337,05-07-22,Shipped - Delivered to Buyer,Merchant,Amazon.in,Standard,J0096,J0096-KR-M,kurta,M,B089G1HM97,Shipped,1,INR,635.0,TANUKU,ANDHRA PRADESH,534211.0,IN,"Amazon PLCC Free-Financing Universal Merchant AAT-WNKTBO3K27EJC,Amazon PLCC Free-Financing Universal Merchant AAT-QX3UCCJESKPA2,Amazon PLCC Free-Financing Universal Merchant AAT-5QQ7BIYYQEDN2,Amazon PLCC Free-Financing Universal Merchant AAT-DSJ2QRXXWXVMQ,Amazon PLCC Free-Financing Universal Merchant AAT-CXJHMC2YJUK76,Amazon PLCC Free-Financing Universal Merchant AAT-CC4FAVTYR4X7C,Amazon PLCC Free-Financing Universal Merchant AAT-FYWJCQHU2XQ2U,Amazon PLCC Free-Financing Universal Merchant AAT-R7GXNZWISTRFA,Amazon PLCC Free-Financing Universal Merchant AAT-EOKPWFWYW7Y6I,Amazon PLCC Free-Financing Universal Merchant AAT-URPEBMPS7TSPE,Amazon PLCC Free-Financing Universal Merchant AAT-3R6UGYISJQCKA,Amazon PLCC Free-Financing Universal Merchant AAT-TREXU6MY3SEMI,Amazon PLCC Free-Financing Universal Merchant AAT-RVL5KAXRIWHV2,Amazon PLCC Free-Financing Universal Merchant AAT-BS2QIL3ZUUJDC,Amazon PLCC Free-Financing Universal Merchant AAT-BD2QQYQLU3K3Q,Amazon PLCC Free-Financing Universal Merchant AAT-7Z5FYSWV55YJ6,Amazon PLCC Free-Financing Universal Merchant AAT-KQRYFJZLTA6E2,Amazon PLCC Free-Financing Universal Merchant AAT-F6SN46VZWQOQI,Amazon PLCC Free-Financing Universal Merchant AAT-GL6VKXK3MYVP4,Amazon PLCC Free-Financing Universal Merchant AAT-26CRLBGU7BZ4I,Amazon PLCC Free-Financing Universal Merchant AAT-EC3WUB2OYMZJY,Amazon PLCC Free-Financing Universal Merchant AAT-LLHTF3J4EFYUO,Amazon PLCC Free-Financing Universal Merchant AAT-BRSZZ45H6MHAO,Amazon PLCC Free-Financing Universal Merchant AAT-MKLXOOZWQL7GO,Amazon PLCC Free-Financing Universal Merchant AAT-CB7UNXEXGIJTC,Amazon PLCC Free-Financing Universal Merchant #MP-gzasho-1593152694811,Amazon PLCC Free-Financing Universal Merchant AAT-WLBA4GZ52EAH4,Amazon PLCC Free-Financing Universal Merchant #MP-pmilan-1601980554292",False,Easy Ship,False
17689,171-8135521-4444320,04-20-22,Shipped,Amazon,Amazon.in,Expedited,MEN5023,MEN5023-KR-L,kurta,L,B08YZ1L831,Shipped,1,INR,549.0,KANGRA,HIMACHAL PRADESH,176029.0,IN,IN Core Free Shipping 2015/04/08 23-48-5-108,False,,
46248,171-2663896-3019537,04-02-22,Shipped,Amazon,Amazon.in,Expedited,PJ0096,PJ0096-KR-N-5XL,kurta,5XL,B09LD3ZZ2N,Shipped,1,INR,688.0,GARULIA,WEST BENGAL,743144.0,IN,IN Core Free Shipping 2015/04/08 23-48-5-108,False,,
88486,405-4004188-6111535,05-02-22,Shipped,Amazon,Amazon.in,Expedited,J0118,J0118-TP-XXL,Top,XXL,B08N4QTQHW,Shipped,1,INR,518.0,Vasai (E),MAHARASHTRA,401208.0,IN,,False,,False
128835,408-5158049-6217932,06-01-22,Shipped,Amazon,Amazon.in,Expedited,JNE3797,JNE3797-KR-XXL,Western Dress,XXL,B09SDXSQ33,Shipped,1,INR,771.0,BENGALURU,KARNATAKA,560072.0,IN,,False,,False
97786,407-7359738-7367544,06-23-22,Shipped - Picked Up,Merchant,Amazon.in,Standard,JNE3765,JNE3765-KR-M,kurta,M,B09K3T1GVF,Shipped,1,INR,579.0,KOOTHUPARAMBA,KERALA,670643.0,IN,"Amazon PLCC Free-Financing Universal Merchant AAT-WNKTBO3K27EJC,Amazon PLCC Free-Financing Universal Merchant AAT-QX3UCCJESKPA2,Amazon PLCC Free-Financing Universal Merchant AAT-5QQ7BIYYQEDN2,Amazon PLCC Free-Financing Universal Merchant AAT-DSJ2QRXXWXVMQ,Amazon PLCC Free-Financing Universal Merchant AAT-CXJHMC2YJUK76,Amazon PLCC Free-Financing Universal Merchant AAT-CC4FAVTYR4X7C,Amazon PLCC Free-Financing Universal Merchant AAT-EWAPBB6BDRGM6,Amazon PLCC Free-Financing Universal Merchant AAT-EOKPWFWYW7Y6I,Amazon PLCC Free-Financing Universal Merchant AAT-5SHH3G55USK5C,Amazon PLCC Free-Financing Universal Merchant AAT-7IFG6TWAZNCBQ,Amazon PLCC Free-Financing Universal Merchant AAT-5QNBXTEQWGXOW,Amazon PLCC Free-Financing Universal Merchant AAT-BOWEMQBNNNHBK,Amazon PLCC Free-Financing Universal Merchant AAT-SKYXW7T3UZBGO,Amazon PLCC Free-Financing Universal Merchant AAT-ONHQI6RQUNGB6,Amazon PLCC Free-Financing Universal Merchant AAT-UFMRPWCRGE2ZM,Amazon PLCC Free-Financing Universal Merchant AAT-SF4YGC5K3O574,Amazon PLCC Free-Financing Universal Merchant AAT-SUBB5QVZKACYG,Amazon PLCC Free-Financing Universal Merchant AAT-CF5ZF57364I7G,Amazon PLCC Free-Financing Universal Merchant AAT-TNYBHEAO7HOHO,Amazon PLCC Free-Financing Universal Merchant AAT-BRSZZ45H6MHAO,Amazon PLCC Free-Financing Universal Merchant AAT-MKLXOOZWQL7GO,Amazon PLCC Free-Financing Universal Merchant AAT-CB7UNXEXGIJTC,Amazon PLCC Free-Financing Universal Merchant #MP-gzasho-1593152694811,Amazon PLCC Free-Financing Universal Merchant AAT-WLBA4GZ52EAH4,Amazon PLCC Free-Financing Universal Merchant AAT-QMFZ3M7T5NPDS,Amazon PLCC Free-Financing Universal Merchant #MP-pmilan-1601980554292",False,Easy Ship,False
59091,403-4716955-2354708,05-24-22,Shipped,Amazon,Amazon.in,Expedited,JNE3334,JNE3334-KR-XXL,kurta,XXL,B07SBYCJ74,Shipped,1,INR,318.0,MUMBAI,MAHARASHTRA,400007.0,IN,,False,,False
27903,402-1703237-2265105,04-14-22,Shipped,Amazon,Amazon.in,Expedited,SET182,SET182-KR-DH-M,Set,M,B085NYG5CR,Shipped,1,INR,657.0,BENGALURU,KARNATAKA,560102.0,IN,,False,,
118283,408-6312846-7115543,06-08-22,Shipped,Amazon,Amazon.in,Expedited,MEN5029,MEN5029-KR-XL,kurta,XL,B08YZ2JMRN,Shipped,1,INR,625.0,PALIA KALAN,UTTAR PRADESH,262902.0,IN,IN Core Free Shipping 2015/04/08 23-48-5-108,False,,False
125749,171-2656248-5930741,06-03-22,Cancelled,Amazon,Amazon.in,Expedited,SET374,SET374-KR-NP-XS,Set,XS,B09NDKGZ6V,Unshipped,1,INR,666.0,HYDERABAD,TELANGANA,500084.0,IN,,False,,False
76723,405-9098891-8092301,05-09-22,Cancelled,Merchant,Amazon.in,Standard,JNE3261,JNE3261-KR-L,kurta,L,B07R5X9KHS,,0,,,Pimpri Chinchwad,MAHARASHTRA,411033.0,IN,,False,Easy Ship,False
53145,406-0488680-6230736,05-28-22,Cancelled,Amazon,Amazon.in,Expedited,JNE3487,JNE3487-KR-L,kurta,L,B08RP29G54,Cancelled,0,,,PIMPRI CHINCHWAD,MAHARASHTRA,411039.0,IN,,False,,False
89226,408-3472440-9825134,05-01-22,Shipped - Delivered to Buyer,Merchant,Amazon.in,Standard,SET268,SET268-KR-NP-XL,Set,XL,B08XQBF1G4,Shipped,1,INR,788.0,VIJAYAWADA,ANDHRA PRADESH,520007.0,IN,"Amazon PLCC Free-Financing Universal Merchant AAT-WNKTBO3K27EJC,Amazon PLCC Free-Financing Universal Merchant AAT-QX3UCCJESKPA2,Amazon PLCC Free-Financing Universal Merchant AAT-5QQ7BIYYQEDN2,Amazon PLCC Free-Financing Universal Merchant AAT-DSJ2QRXXWXVMQ,Amazon PLCC Free-Financing Universal Merchant AAT-CXJHMC2YJUK76,Amazon PLCC Free-Financing Universal Merchant AAT-CC4FAVTYR4X7C,Amazon PLCC Free-Financing Universal Merchant AAT-FYWJCQHU2XQ2U,Amazon PLCC Free-Financing Universal Merchant AAT-EOKPWFWYW7Y6I,Amazon PLCC Free-Financing Universal Merchant AAT-URPEBMPS7TSPE,Amazon PLCC Free-Financing Universal Merchant AAT-3R6UGYISJQCKA,Amazon PLCC Free-Financing Universal Merchant AAT-B4XD5CKOZFUO6,Amazon PLCC Free-Financing Universal Merchant AAT-WA3O6HTUZGC2M,Amazon PLCC Free-Financing Universal Merchant AAT-CIALTIPNFIG2E,Amazon PLCC Free-Financing Universal Merchant AAT-R24EXPJ2OZUEK,Amazon PLCC Free-Financing Universal Merchant AAT-A6EVSKTLHUNI4,Amazon PLCC Free-Financing Universal Merchant AAT-56V5XGGAEKQWC,Amazon PLCC Free-Financing Universal Merchant AAT-V35YNZJGNRNUQ,Amazon PLCC Free-Financing Universal Merchant AAT-JKICCRTK4FJLC,Amazon PLCC Free-Financing Universal Merchant AAT-IW7FKCNMUEENG,Amazon PLCC Free-Financing Universal Merchant AAT-GGYFSBBAGFEHC,Amazon PLCC Free-Financing Universal Merchant AAT-TNYBHEAO7HOHO,Amazon PLCC Free-Financing Universal Merchant AAT-BRSZZ45H6MHAO,Amazon PLCC Free-Financing Universal Merchant AAT-MKLXOOZWQL7GO,Amazon PLCC Free-Financing Universal Merchant AAT-CB7UNXEXGIJTC,Amazon PLCC Free-Financing Universal Merchant #MP-gzasho-1593152694811,Amazon PLCC Free-Financing Universal Merchant AAT-WLBA4GZ52EAH4,Amazon PLCC Free-Financing Universal Merchant AAT-QMFZ3M7T5NPDS,Amazon PLCC Free-Financing Universal Merchant #MP-pmilan-1601980554292",False,Easy Ship,False
107591,407-0962979-6035539,06-15-22,Shipped - Delivered to Buyer,Merchant,Amazon.in,Standard,JNE3440,JNE3440-KR-N-XXXL,kurta,3XL,B09HMTKV2L,Shipped,1,INR,422.0,BENGALURU,KARNATAKA,560033.0,IN,"Amazon PLCC Free-Financing Universal Merchant AAT-WNKTBO3K27EJC,Amazon PLCC Free-Financing Universal Merchant AAT-QX3UCCJESKPA2,Amazon PLCC Free-Financing Universal Merchant AAT-5QQ7BIYYQEDN2,Amazon PLCC Free-Financing Universal Merchant AAT-DSJ2QRXXWXVMQ,Amazon PLCC Free-Financing Universal Merchant AAT-CXJHMC2YJUK76,Amazon PLCC Free-Financing Universal Merchant AAT-CC4FAVTYR4X7C,Amazon PLCC Free-Financing Universal Merchant AAT-EWAPBB6BDRGM6,Amazon PLCC Free-Financing Universal Merchant AAT-R7GXNZWISTRFA,Amazon PLCC Free-Financing Universal Merchant AAT-EOKPWFWYW7Y6I,Amazon PLCC Free-Financing Universal Merchant AAT-NT3ZJJGQ3JK3Q,Amazon PLCC Free-Financing Universal Merchant AAT-5SHH3G55USK5C,Amazon PLCC Free-Financing Universal Merchant AAT-6XVEGAWJUJYXG,Amazon PLCC Free-Financing Universal Merchant AAT-5QNBXTEQWGXOW,Amazon PLCC Free-Financing Universal Merchant AAT-BOWEMQBNNNHBK,Amazon PLCC Free-Financing Universal Merchant AAT-SKYXW7T3UZBGO,Amazon PLCC Free-Financing Universal Merchant AAT-ILWGDKTQOJRNA,Amazon PLCC Free-Financing Universal Merchant AAT-ONHQI6RQUNGB6,Amazon PLCC Free-Financing Universal Merchant AAT-TNYBHEAO7HOHO,Amazon PLCC Free-Financing Universal Merchant AAT-BRSZZ45H6MHAO,Amazon PLCC Free-Financing Universal Merchant AAT-MKLXOOZWQL7GO,Amazon PLCC Free-Financing Universal Merchant AAT-CB7UNXEXGIJTC,Amazon PLCC Free-Financing Universal Merchant #MP-gzasho-1593152694811,Amazon PLCC Free-Financing Universal Merchant AAT-WLBA4GZ52EAH4,Amazon PLCC Free-Financing Universal Merchant AAT-QMFZ3M7T5NPDS,Amazon PLCC Free-Financing Universal Merchant #MP-pmilan-1601980554292",False,Easy Ship,False
61996,408-9012260-6487500,05-21-22,Shipped,Amazon,Amazon.in,Expedited,J0096,J0096-KR-XXL,kurta,XXL,B089G1TKY8,Shipped,1,INR,635.0,MUMBAI,MAHARASHTRA,400005.0,IN,,False,,False
59997,402-1443925-6570721,05-23-22,Shipped,Amazon,Amazon.in,Expedited,J0385,J0385-KR-XL,kurta,XL,B09YYLQMRC,Shipped,1,INR,888.0,HYDERABAD,TELANGANA,500090.0,IN,IN Core Free Shipping 2015/04/08 23-48-5-108,False,,False
25767,403-9383871-4786751,04-15-22,Shipped - Delivered to Buyer,Merchant,Amazon.in,Standard,JNE3568,JNE3568-KR-S,kurta,S,B08KRYGJD1,Shipped,1,INR,399.0,KHARAGPUR,WEST BENGAL,721302.0,IN,"Amazon PLCC Free-Financing Universal Merchant AAT-WNKTBO3K27EJC,Amazon PLCC Free-Financing Universal Merchant AAT-QX3UCCJESKPA2,Amazon PLCC Free-Financing Universal Merchant AAT-CXJHMC2YJUK76,Amazon PLCC Free-Financing Universal Merchant AAT-CC4FAVTYR4X7C,Amazon PLCC Free-Financing Universal Merchant AAT-XXRCW6NZEPZI4,Amazon PLCC Free-Financing Universal Merchant AAT-EOKPWFWYW7Y6I,Amazon PLCC Free-Financing Universal Merchant AAT-ZYL5UPUNW6T62,Amazon PLCC Free-Financing Universal Merchant AAT-G5ZRX4BZOIODU,Amazon PLCC Free-Financing Universal Merchant AAT-Q4AAGWXBPHLIS,Amazon PLCC Free-Financing Universal Merchant AAT-PZHUW6DZX4BPS,Amazon PLCC Free-Financing Universal Merchant AAT-XX7G3ZRJJJ5LG,Amazon PLCC Free-Financing Universal Merchant AAT-LEHCKNDBJG64E,Amazon PLCC Free-Financing Universal Merchant AAT-DJVHCEV7D7RQY,Amazon PLCC Free-Financing Universal Merchant AAT-BRSZZ45H6MHAO,Amazon PLCC Free-Financing Universal Merchant AAT-MKLXOOZWQL7GO,Amazon PLCC Free-Financing Universal Merchant AAT-CB7UNXEXGIJTC,Amazon PLCC Free-Financing Universal Merchant #MP-gzasho-1593152694811,Amazon PLCC Free-Financing Universal Merchant AAT-WLBA4GZ52EAH4,Amazon PLCC Free-Financing Universal Merchant #MP-pmilan-1601980554292",False,Easy Ship,
108800,171-2168479-7826731,06-14-22,Shipped - Delivered to Buyer,Merchant,Amazon.in,Standard,BTM037,BTM037-PP-XL,Bottom,XL,B08KRYMGNM,Shipped,1,INR,345.0,Bengaluru,KARNATAKA,560076.0,IN,"Amazon PLCC Free-Financing Universal Merchant AAT-WNKTBO3K27EJC,Amazon PLCC Free-Financing Universal Merchant AAT-QX3UCCJESKPA2,Amazon PLCC Free-Financing Universal Merchant AAT-5QQ7BIYYQEDN2,Amazon PLCC Free-Financing Universal Merchant AAT-DSJ2QRXXWXVMQ,Amazon PLCC Free-Financing Universal Merchant AAT-CXJHMC2YJUK76,Amazon PLCC Free-Financing Universal Merchant AAT-SL3Y2YRMAUNFC,Amazon PLCC Free-Financing Universal Merchant AAT-CC4FAVTYR4X7C,Amazon PLCC Free-Financing Universal Merchant AAT-EWAPBB6BDRGM6,Amazon PLCC Free-Financing Universal Merchant AAT-R7GXNZWISTRFA,Amazon PLCC Free-Financing Universal Merchant AAT-EOKPWFWYW7Y6I,Amazon PLCC Free-Financing Universal Merchant AAT-AMKH7SAAONETC,Amazon PLCC Free-Financing Universal Merchant AAT-56XNPXK2K7OLI,Amazon PLCC Free-Financing Universal Merchant AAT-BOWEMQBNNNHBK,Amazon PLCC Free-Financing Universal Merchant AAT-SKYXW7T3UZBGO,Amazon PLCC Free-Financing Universal Merchant AAT-ILWGDKTQOJRNA,Amazon PLCC Free-Financing Universal Merchant AAT-BRSZZ45H6MHAO,Amazon PLCC Free-Financing Universal Merchant AAT-MKLXOOZWQL7GO,Amazon PLCC Free-Financing Universal Merchant AAT-CB7UNXEXGIJTC,Amazon PLCC Free-Financing Universal Merchant #MP-gzasho-1593152694811,Amazon PLCC Free-Financing Universal Merchant AAT-WLBA4GZ52EAH4",False,Easy Ship,False
34853,407-1693055-6405950,04-09-22,Shipped,Amazon,Amazon.in,Expedited,SET331,SET331-KR-NP-XS,Set,XS,B09NQ54RRT,Shipped,1,INR,597.0,North 24 parganas,WEST BENGAL,700059.0,IN,IN Core Free Shipping 2015/04/08 23-48-5-108,False,,
49419,406-1958767-5933957,05-31-22,Shipped,Amazon,Amazon.in,Expedited,SET415,SET415-KR-NP-XS,Set,XS,B09Y3GNPT8,Shipped,1,INR,999.0,BHOPAL,MADHYA PRADESH,462039.0,IN,IN Core Free Shipping 2015/04/08 23-48-5-108,False,,False
115533,404-8003234-0555561,06-09-22,Shipped,Amazon,Amazon.in,Expedited,SET345,SET345-KR-NP-XXXL,Set,3XL,B09KXV94NJ,Shipped,1,INR,635.0,NEW TOWN,WEST BENGAL,700156.0,IN,,False,,False
29073,406-4971548-3706711,04-13-22,Shipped,Amazon,Amazon.in,Expedited,SET230,SET230-KR-PP-XXXL,Set,3XL,B09HMP59HN,Shipped,1,INR,799.0,Greater Noida,UTTAR PRADESH,201306.0,IN,IN Core Free Shipping 2015/04/08 23-48-5-108,False,,
7215,402-2545586-0359521,04-26-22,Shipped - Delivered to Buyer,Merchant,Amazon.in,Standard,SET324,SET324-KR-NP-L,Set,L,B09NQ44RNV,Shipped,1,INR,597.0,AHMEDABAD,Gujarat,380051.0,IN,"Amazon PLCC Free-Financing Universal Merchant AAT-WNKTBO3K27EJC,Amazon PLCC Free-Financing Universal Merchant AAT-QX3UCCJESKPA2,Amazon PLCC Free-Financing Universal Merchant AAT-5QQ7BIYYQEDN2,Amazon PLCC Free-Financing Universal Merchant AAT-DSJ2QRXXWXVMQ,Amazon PLCC Free-Financing Universal Merchant AAT-CXJHMC2YJUK76,Amazon PLCC Free-Financing Universal Merchant AAT-SL3Y2YRMAUNFC,Amazon PLCC Free-Financing Universal Merchant AAT-CC4FAVTYR4X7C,Amazon PLCC Free-Financing Universal Merchant AAT-XXRCW6NZEPZI4,Amazon PLCC Free-Financing Universal Merchant AAT-EOKPWFWYW7Y6I,Amazon PLCC Free-Financing Universal Merchant AAT-ZYL5UPUNW6T62,Amazon PLCC Free-Financing Universal Merchant AAT-G5ZRX4BZOIODU,Amazon PLCC Free-Financing Universal Merchant AAT-PZHUW6DZX4BPS,Amazon PLCC Free-Financing Universal Merchant AAT-ETXQ3XXWMRXBG,Amazon PLCC Free-Financing Universal Merchant AAT-7X3XCTYG64VBE,Amazon PLCC Free-Financing Universal Merchant AAT-7CHGD3WTS3MHM,Amazon PLCC Free-Financing Universal Merchant AAT-26ZDKNME27X42,Amazon PLCC Free-Financing Universal Merchant AAT-4ZF5KN6E4LJK4,Amazon PLCC Free-Financing Universal Merchant AAT-7RCXIKUAX7DDY,Amazon PLCC Free-Financing Universal Merchant AAT-BRSZZ45H6MHAO,Amazon PLCC Free-Financing Universal Merchant AAT-MKLXOOZWQL7GO,Amazon PLCC Free-Financing Universal Merchant AAT-CB7UNXEXGIJTC,Amazon PLCC Free-Financing Universal Merchant #MP-gzasho-1593152694811,Amazon PLCC Free-Financing Universal Merchant AAT-WLBA4GZ52EAH4",False,Easy Ship,
117460,407-1767718-3245123,06-08-22,Shipped - Delivered to Buyer,Merchant,Amazon.in,Standard,J0008,J0008-SKD-S,Set,S,B0894XGJ83,Shipped,1,INR,1075.0,GOLAGHAT,ASSAM,785621.0,IN,"Amazon PLCC Free-Financing Universal Merchant AAT-WNKTBO3K27EJC,Amazon PLCC Free-Financing Universal Merchant AAT-QX3UCCJESKPA2,Amazon PLCC Free-Financing Universal Merchant AAT-5QQ7BIYYQEDN2,Amazon PLCC Free-Financing Universal Merchant AAT-DSJ2QRXXWXVMQ,Amazon PLCC Free-Financing Universal Merchant AAT-CXJHMC2YJUK76,Amazon PLCC Free-Financing Universal Merchant AAT-CC4FAVTYR4X7C,Amazon PLCC Free-Financing Universal Merchant AAT-EWAPBB6BDRGM6,Amazon PLCC Free-Financing Universal Merchant AAT-EOKPWFWYW7Y6I,Amazon PLCC Free-Financing Universal Merchant AAT-NT3ZJJGQ3JK3Q,Amazon PLCC Free-Financing Universal Merchant AAT-5SHH3G55USK5C,Amazon PLCC Free-Financing Universal Merchant AAT-6XVEGAWJUJYXG,Amazon PLCC Free-Financing Universal Merchant AAT-OKGJFROBK4ZB4,Amazon PLCC Free-Financing Universal Merchant AAT-ZBCRDPHJI4UDO,Amazon PLCC Free-Financing Universal Merchant AAT-CMBNOJYSQPOPS,Amazon PLCC Free-Financing Universal Merchant AAT-IBN3WODYJ44YC,Amazon PLCC Free-Financing Universal Merchant AAT-W2F65W44TEYES,Amazon PLCC Free-Financing Universal Merchant AAT-ZBGDWJCP6BTLE,Amazon PLCC Free-Financing Universal Merchant AAT-BOWEMQBNNNHBK,Amazon PLCC Free-Financing Universal Merchant AAT-SKYXW7T3UZBGO,Amazon PLCC Free-Financing Universal Merchant AAT-BRSZZ45H6MHAO,Amazon PLCC Free-Financing Universal Merchant AAT-MKLXOOZWQL7GO,Amazon PLCC Free-Financing Universal Merchant AAT-CB7UNXEXGIJTC,Amazon PLCC Free-Financing Universal Merchant #MP-gzasho-1593152694811,Amazon PLCC Free-Financing Universal Merchant AAT-WLBA4GZ52EAH4",False,Easy Ship,False
60680,404-2674501-2567514,05-22-22,Shipped,Amazon,Amazon.in,Expedited,JNE3721,JNE3721-KR-XL,kurta,XL,B099FDMD6T,Shipped,1,INR,301.0,Pune,MAHARASHTRA,411002.0,IN,,False,,False
103343,406-5262254-3960345,06-19-22,Shipped,Amazon,Amazon.in,Expedited,PJNE3399,PJNE3399-KR-N-4XL,kurta,4XL,B09LD3V5V3,Shipped,1,INR,760.0,BENGALURU,KARNATAKA,560076.0,IN,IN Core Free Shipping 2015/04/08 23-48-5-108,False,,False
110565,402-5355489-3063558,06-13-22,Shipped - Delivered to Buyer,Merchant,Amazon.in,Standard,JNE3797,JNE3797-KR-XXXL,Western Dress,3XL,B09SDY4VDC,Shipped,1,INR,735.0,AHMEDABAD,Gujarat,382330.0,IN,"Amazon PLCC Free-Financing Universal Merchant AAT-WNKTBO3K27EJC,Amazon PLCC Free-Financing Universal Merchant AAT-QX3UCCJESKPA2,Amazon PLCC Free-Financing Universal Merchant AAT-5QQ7BIYYQEDN2,Amazon PLCC Free-Financing Universal Merchant AAT-DSJ2QRXXWXVMQ,Amazon PLCC Free-Financing Universal Merchant AAT-CXJHMC2YJUK76,Amazon PLCC Free-Financing Universal Merchant AAT-CC4FAVTYR4X7C,Amazon PLCC Free-Financing Universal Merchant AAT-EWAPBB6BDRGM6,Amazon PLCC Free-Financing Universal Merchant AAT-EOKPWFWYW7Y6I,Amazon PLCC Free-Financing Universal Merchant AAT-BOWEMQBNNNHBK,Amazon PLCC Free-Financing Universal Merchant AAT-SKYXW7T3UZBGO,Amazon PLCC Free-Financing Universal Merchant AAT-ILWGDKTQOJRNA,Amazon PLCC Free-Financing Universal Merchant AAT-ONHQI6RQUNGB6,Amazon PLCC Free-Financing Universal Merchant AAT-BRSZZ45H6MHAO,Amazon PLCC Free-Financing Universal Merchant AAT-MKLXOOZWQL7GO,Amazon PLCC Free-Financing Universal Merchant AAT-CB7UNXEXGIJTC,Amazon PLCC Free-Financing Universal Merchant #MP-gzasho-1593152694811,Amazon PLCC Free-Financing Universal Merchant AAT-WLBA4GZ52EAH4",False,Easy Ship,False
78063,171-8521687-1087530,05-08-22,Shipped,Amazon,Amazon.in,Expedited,J0119,J0119-TP-XL,Top,XL,B08RYPWC3J,Shipped,1,INR,550.0,Bangalore,KARNATAKA,560068.0,IN,IN Core Free Shipping 2015/04/08 23-48-5-108,False,,False
2375,403-4525295-5316340,04-29-22,Shipped,Amazon,Amazon.in,Expedited,SET374,SET374-KR-NP-M,Set,M,B09NDKJKPN,Shipped,1,INR,635.0,BHIMAVARAM,ANDHRA PRADESH,534202.0,IN,IN Core Free Shipping 2015/04/08 23-48-5-108,False,,
81836,403-5336447-3622766,05-05-22,Shipped,Amazon,Amazon.in,Expedited,J0297,J0297-TP-XXL,Top,XXL,B099S91CSR,Shipped,1,INR,574.0,MUMBAI,MAHARASHTRA,400008.0,IN,,False,,False
79121,404-9469188-0265163,05-07-22,Shipped,Amazon,Amazon.in,Expedited,JNE3784,JNE3784-KR-XXXL,kurta,3XL,B09K4182W8,Shipped,1,INR,496.0,NOIDA,UTTAR PRADESH,201301.0,IN,,False,,False
107915,408-6339423-6707508,06-15-22,Shipped,Amazon,Amazon.in,Expedited,J0375,J0375-SKD-XXXL,Set,3XL,B09QJ3RBR6,Shipped,1,INR,999.0,BENGALURU,KARNATAKA,560066.0,IN,,False,,False
105844,404-4108923-7514747,06-17-22,Shipped - Delivered to Buyer,Merchant,Amazon.in,Standard,J0132,J0132-KR-XS,kurta,XS,B08N1BYTL6,Shipped,1,INR,345.0,BALAGHAT,MADHYA PRADESH,481441.0,IN,"Amazon PLCC Free-Financing Universal Merchant AAT-WNKTBO3K27EJC,Amazon PLCC Free-Financing Universal Merchant AAT-QX3UCCJESKPA2,Amazon PLCC Free-Financing Universal Merchant AAT-5QQ7BIYYQEDN2,Amazon PLCC Free-Financing Universal Merchant AAT-DSJ2QRXXWXVMQ,Amazon PLCC Free-Financing Universal Merchant AAT-CXJHMC2YJUK76,Amazon PLCC Free-Financing Universal Merchant AAT-CC4FAVTYR4X7C,Amazon PLCC Free-Financing Universal Merchant AAT-EWAPBB6BDRGM6,Amazon PLCC Free-Financing Universal Merchant AAT-WSJLDN3X7KEMO,Amazon PLCC Free-Financing Universal Merchant AAT-VL6FGQVGQVXUS,Amazon PLCC Free-Financing Universal Merchant AAT-EOKPWFWYW7Y6I,Amazon PLCC Free-Financing Universal Merchant AAT-6JADQ56W3E2NG,Amazon PLCC Free-Financing Universal Merchant AAT-BOWEMQBNNNHBK,Amazon PLCC Free-Financing Universal Merchant AAT-SKYXW7T3UZBGO,Amazon PLCC Free-Financing Universal Merchant AAT-BRSZZ45H6MHAO,Amazon PLCC Free-Financing Universal Merchant AAT-MKLXOOZWQL7GO,Amazon PLCC Free-Financing Universal Merchant AAT-CB7UNXEXGIJTC,Amazon PLCC Free-Financing Universal Merchant #MP-gzasho-1593152694811,Amazon PLCC Free-Financing Universal Merchant AAT-WLBA4GZ52EAH4",False,Easy Ship,False
122497,405-2606107-1910733,06-05-22,Cancelled,Amazon,Amazon.in,Expedited,JNE3440,JNE3440-KR-N-XS,kurta,XS,B09HMY3YLT,Cancelled,0,,,Hyderabad,TELANGANA,500035.0,IN,,False,,False
31161,405-3953159-1580354,04-12-22,Shipped - Delivered to Buyer,Merchant,Amazon.in,Standard,SET145,SET145-KR-NP-XXL,Set,XXL,B0822VCQQC,Shipped,1,INR,715.0,MUMBAI -13,MAHARASHTRA,400013.0,IN,"Amazon PLCC Free-Financing Universal Merchant AAT-WNKTBO3K27EJC,Amazon PLCC Free-Financing Universal Merchant AAT-QX3UCCJESKPA2,Amazon PLCC Free-Financing Universal Merchant AAT-CXJHMC2YJUK76,Amazon PLCC Free-Financing Universal Merchant AAT-CC4FAVTYR4X7C,Amazon PLCC Free-Financing Universal Merchant AAT-XXRCW6NZEPZI4,Amazon PLCC Free-Financing Universal Merchant AAT-R7GXNZWISTRFA,Amazon PLCC Free-Financing Universal Merchant AAT-EOKPWFWYW7Y6I,Amazon PLCC Free-Financing Universal Merchant AAT-ZYL5UPUNW6T62,Amazon PLCC Free-Financing Universal Merchant AAT-G5ZRX4BZOIODU,Amazon PLCC Free-Financing Universal Merchant AAT-P3CSUAK4HTEP2,Amazon PLCC Free-Financing Universal Merchant AAT-PZHUW6DZX4BPS,Amazon PLCC Free-Financing Universal Merchant AAT-BRSZZ45H6MHAO,Amazon PLCC Free-Financing Universal Merchant AAT-MKLXOOZWQL7GO,Amazon PLCC Free-Financing Universal Merchant AAT-CB7UNXEXGIJTC,Amazon PLCC Free-Financing Universal Merchant #MP-gzasho-1593152694811,Amazon PLCC Free-Financing Universal Merchant AAT-WLBA4GZ52EAH4",False,Easy Ship,
66072,402-1656999-3063501,05-18-22,Cancelled,Amazon,Amazon.in,Expedited,JNE3797,JNE3797-KR-XL,Western Dress,XL,B09SDXRYBG,Cancelled,0,,,"Ecil,hyderabad",TELANGANA,500062.0,IN,,False,,False
82538,171-0723561-9361154,05-05-22,Shipped,Amazon,Amazon.in,Expedited,JNE2305,JNE2305-KR-533-XS,kurta,XS,B07HYT8XL9,Shipped,1,INR,357.0,UDUPI,KARNATAKA,574116.0,IN,IN Core Free Shipping 2015/04/08 23-48-5-108,False,,False
125789,407-1448683-3757922,06-03-22,Shipped,Amazon,Amazon.in,Expedited,MEN5024,MEN5024-KR-M,kurta,M,B08YYTTNY5,Shipped,1,INR,645.0,GHAZIABAD,UTTAR PRADESH,201014.0,IN,,False,,False
116602,402-2467553-0209923,06-09-22,Shipped,Amazon,Amazon.in,Expedited,JNE3784,JNE3784-KR-XL,kurta,XL,B09K3S4P57,Shipped,1,INR,496.0,KOLKATA,WEST BENGAL,700047.0,IN,,False,,False
71079,407-0605382-4499526,05-14-22,Shipped,Amazon,Amazon.in,Expedited,JNE3399,JNE3399-KR-XL,kurta,XL,B082W8B28G,Shipped,1,INR,469.0,CHENNAI,TAMIL NADU,600094.0,IN,,False,,False
74380,407-3119693-0138737,05-11-22,Shipped - Delivered to Buyer,Merchant,Amazon.in,Standard,J0205,J0205-TP-XXL,Top,XXL,B09871M45X,Shipped,1,INR,387.0,VADODARA,Gujarat,390020.0,IN,"Amazon PLCC Free-Financing Universal Merchant AAT-WNKTBO3K27EJC,Amazon PLCC Free-Financing Universal Merchant AAT-QX3UCCJESKPA2,Amazon PLCC Free-Financing Universal Merchant AAT-5QQ7BIYYQEDN2,Amazon PLCC Free-Financing Universal Merchant AAT-DSJ2QRXXWXVMQ,Amazon PLCC Free-Financing Universal Merchant AAT-CXJHMC2YJUK76,Amazon PLCC Free-Financing Universal Merchant AAT-SL3Y2YRMAUNFC,Amazon PLCC Free-Financing Universal Merchant AAT-CC4FAVTYR4X7C,Amazon PLCC Free-Financing Universal Merchant AAT-FYWJCQHU2XQ2U,Amazon PLCC Free-Financing Universal Merchant AAT-EOKPWFWYW7Y6I,Amazon PLCC Free-Financing Universal Merchant AAT-2MN4SWBDTUSNI,Amazon PLCC Free-Financing Universal Merchant AAT-4VFZUZS2EO5J2,Amazon PLCC Free-Financing Universal Merchant AAT-BRSZZ45H6MHAO,Amazon PLCC Free-Financing Universal Merchant AAT-MKLXOOZWQL7GO,Amazon PLCC Free-Financing Universal Merchant AAT-CB7UNXEXGIJTC,Amazon PLCC Free-Financing Universal Merchant #MP-gzasho-1593152694811,Amazon PLCC Free-Financing Universal Merchant AAT-WLBA4GZ52EAH4",False,Easy Ship,False
89594,406-1997733-7810711,05-01-22,Shipped - Delivered to Buyer,Merchant,Amazon.in,Standard,J0117,J0117-TP-M,Top,M,B08N4TGTRV,Shipped,1,INR,518.0,Mira Road,MAHARASHTRA,401107.0,IN,"Amazon PLCC Free-Financing Universal Merchant AAT-WNKTBO3K27EJC,Amazon PLCC Free-Financing Universal Merchant AAT-QX3UCCJESKPA2,Amazon PLCC Free-Financing Universal Merchant AAT-5QQ7BIYYQEDN2,Amazon PLCC Free-Financing Universal Merchant AAT-DSJ2QRXXWXVMQ,Amazon PLCC Free-Financing Universal Merchant AAT-CXJHMC2YJUK76,Amazon PLCC Free-Financing Universal Merchant AAT-CC4FAVTYR4X7C,Amazon PLCC Free-Financing Universal Merchant AAT-FYWJCQHU2XQ2U,Amazon PLCC Free-Financing Universal Merchant AAT-WSJLDN3X7KEMO,Amazon PLCC Free-Financing Universal Merchant AAT-VL6FGQVGQVXUS,Amazon PLCC Free-Financing Universal Merchant AAT-EOKPWFWYW7Y6I,Amazon PLCC Free-Financing Universal Merchant AAT-XVPICCHRWDCAI,Amazon PLCC Free-Financing Universal Merchant AAT-URPEBMPS7TSPE,Amazon PLCC Free-Financing Universal Merchant AAT-3R6UGYISJQCKA,Amazon PLCC Free-Financing Universal Merchant AAT-BRSZZ45H6MHAO,Amazon PLCC Free-Financing Universal Merchant AAT-MKLXOOZWQL7GO,Amazon PLCC Free-Financing Universal Merchant AAT-CB7UNXEXGIJTC,Amazon PLCC Free-Financing Universal Merchant #MP-gzasho-1593152694811,Amazon PLCC Free-Financing Universal Merchant AAT-WLBA4GZ52EAH4",False,Easy Ship,False
122749,408-8215267-7901918,06-05-22,Shipped,Amazon,Amazon.in,Expedited,JNE3710,JNE3710-DR-XXXL,Western Dress,3XL,B091T18F3W,Shipped,1,INR,956.0,MANGALURU,KARNATAKA,575001.0,IN,IN Core Free Shipping 2015/04/08 23-48-5-108,False,,False
128466,408-6800091-1385149,06-01-22,Shipped - Delivered to Buyer,Merchant,Amazon.in,Standard,J0281,J0281-SKD-XL,Set,XL,B08QGMYV8L,Shipped,1,INR,0.0,PUNE,MAHARASHTRA,411021.0,IN,"Amazon PLCC Free-Financing Universal Merchant AAT-5QQ7BIYYQEDN2,Amazon PLCC Free-Financing Universal Merchant AAT-DSJ2QRXXWXVMQ,Amazon PLCC Free-Financing Universal Merchant AAT-EWAPBB6BDRGM6,Amazon PLCC Free-Financing Universal Merchant #MP-gzasho-1593152694811",False,Easy Ship,False
77595,405-2289983-3874766,05-08-22,Shipped - Delivered to Buyer,Merchant,Amazon.in,Standard,SET278,SET278-KR-NP-M,Set,M,B0983F3BLZ,Shipped,1,INR,1442.0,PUNE,MAHARASHTRA,411060.0,IN,"Amazon PLCC Free-Financing Universal Merchant AAT-WNKTBO3K27EJC,Amazon PLCC Free-Financing Universal Merchant AAT-QX3UCCJESKPA2,Amazon PLCC Free-Financing Universal Merchant AAT-5QQ7BIYYQEDN2,Amazon PLCC Free-Financing Universal Merchant AAT-DSJ2QRXXWXVMQ,Amazon PLCC Free-Financing Universal Merchant AAT-CXJHMC2YJUK76,Amazon PLCC Free-Financing Universal Merchant AAT-CC4FAVTYR4X7C,Amazon PLCC Free-Financing Universal Merchant AAT-FYWJCQHU2XQ2U,Amazon PLCC Free-Financing Universal Merchant AAT-EOKPWFWYW7Y6I,Amazon PLCC Free-Financing Universal Merchant AAT-URPEBMPS7TSPE,Amazon PLCC Free-Financing Universal Merchant AAT-RVL5KAXRIWHV2,Amazon PLCC Free-Financing Universal Merchant AAT-BS2QIL3ZUUJDC,Amazon PLCC Free-Financing Universal Merchant AAT-BD2QQYQLU3K3Q,Amazon PLCC Free-Financing Universal Merchant AAT-7Z5FYSWV55YJ6,Amazon PLCC Free-Financing Universal Merchant AAT-KQRYFJZLTA6E2,Amazon PLCC Free-Financing Universal Merchant AAT-F6SN46VZWQOQI,Amazon PLCC Free-Financing Universal Merchant AAT-GL6VKXK3MYVP4,Amazon PLCC Free-Financing Universal Merchant AAT-26CRLBGU7BZ4I,Amazon PLCC Free-Financing Universal Merchant AAT-EC3WUB2OYMZJY,Amazon PLCC Free-Financing Universal Merchant AAT-LLHTF3J4EFYUO,Amazon PLCC Free-Financing Universal Merchant AAT-BRSZZ45H6MHAO,Amazon PLCC Free-Financing Universal Merchant AAT-MKLXOOZWQL7GO,Amazon PLCC Free-Financing Universal Merchant AAT-CB7UNXEXGIJTC,Amazon PLCC Free-Financing Universal Merchant #MP-gzasho-1593152694811,Amazon PLCC Free-Financing Universal Merchant AAT-WLBA4GZ52EAH4",False,Easy Ship,False
69056,403-4202155-8109111,05-15-22,Shipped - Delivered to Buyer,Merchant,Amazon.in,Standard,J0310,J0310-TP-L,Top,L,B099S8P3Z8,Shipped,1,INR,323.0,PUNE,MAHARASHTRA,411014.0,IN,"Amazon PLCC Free-Financing Universal Merchant AAT-WNKTBO3K27EJC,Amazon PLCC Free-Financing Universal Merchant AAT-QX3UCCJESKPA2,Amazon PLCC Free-Financing Universal Merchant AAT-5QQ7BIYYQEDN2,Amazon PLCC Free-Financing Universal Merchant AAT-DSJ2QRXXWXVMQ,Amazon PLCC Free-Financing Universal Merchant AAT-CXJHMC2YJUK76,Amazon PLCC Free-Financing Universal Merchant AAT-CC4FAVTYR4X7C,Amazon PLCC Free-Financing Universal Merchant AAT-FYWJCQHU2XQ2U,Amazon PLCC Free-Financing Universal Merchant AAT-WSJLDN3X7KEMO,Amazon PLCC Free-Financing Universal Merchant AAT-VL6FGQVGQVXUS,Amazon PLCC Free-Financing Universal Merchant AAT-EOKPWFWYW7Y6I,Amazon PLCC Free-Financing Universal Merchant AAT-URPEBMPS7TSPE,Amazon PLCC Free-Financing Universal Merchant AAT-5ZEB2OGNZ32MC,Amazon PLCC Free-Financing Universal Merchant AAT-YZ2VQO2YM6YYM,Amazon PLCC Free-Financing Universal Merchant AAT-4EOBCMLXMLDGY,Amazon PLCC Free-Financing Universal Merchant AAT-UB6CYNTOQMM7C,Amazon PLCC Free-Financing Universal Merchant AAT-BRSZZ45H6MHAO,Amazon PLCC Free-Financing Universal Merchant AAT-MKLXOOZWQL7GO,Amazon PLCC Free-Financing Universal Merchant AAT-CB7UNXEXGIJTC,Amazon PLCC Free-Financing Universal Merchant #MP-gzasho-1593152694811,Amazon PLCC Free-Financing Universal Merchant AAT-WLBA4GZ52EAH4",False,Easy Ship,False
45516,171-0450751-0729167,04-03-22,Cancelled,Amazon,Amazon.in,Expedited,JNE3405,JNE3405-KR-L,kurta,L,B081WSCKPQ,Cancelled,0,,,PURSURA,WEST BENGAL,712415.0,IN,,False,,
104727,408-0944619-5700340,06-18-22,Shipped,Amazon,Amazon.in,Expedited,JNE3903,JNE3903-KR-XXXL,kurta,3XL,B0B3MQ2ZP4,Shipped,1,INR,432.0,GHAZIABAD,UTTAR PRADESH,201014.0,IN,,False,,False
106857,403-8129644-7163553,06-16-22,Shipped,Amazon,Amazon.in,Expedited,JNE2153,JNE2153-KR-278-A-M,kurta,M,B0794YR85H,Shipped,1,INR,424.0,CHENNAI,TAMIL NADU,600130.0,IN,,False,,False
2040,405-3079406-2484328,04-29-22,Shipped,Amazon,Amazon.in,Expedited,J0395,J0395-DR-XXXL,Western Dress,3XL,B09SDXXP6N,Shipped,1,INR,859.0,MUMBAI,MAHARASHTRA,400042.0,IN,IN Core Free Shipping 2015/04/08 23-48-5-108,False,,
78181,403-0421563-5540360,05-08-22,Cancelled,Merchant,Amazon.in,Standard,JNE3797,JNE3797-KR-S,Western Dress,S,B09SDYQ3WG,,0,INR,700.0,MAHRAJGANJ MAHRAJGANJ DISTRICT,UTTAR PRADESH,273303.0,IN,,False,Easy Ship,False
13845,408-5572530-4729944,04-22-22,Shipped,Amazon,Amazon.in,Expedited,SET197,SET197-KR-NP-L,Set,L,B08B3YPD63,Shipped,1,INR,759.0,NAVI MUMBAI,MAHARASHTRA,400701.0,IN,,False,,
85700,408-8201118-5516307,05-03-22,Cancelled,Amazon,Amazon.in,Expedited,NW005,NW005-ST-PJ-S,Set,S,B092336CTV,Cancelled,0,,,Jaipur,RAJASTHAN,302004.0,IN,,False,,False
113242,403-7292929-2981918,06-11-22,Shipped,Amazon,Amazon.in,Expedited,SET345,SET345-KR-NP-XXL,Set,XXL,B09KXSQ73F,Shipped,1,INR,635.0,NAVI MUMBAI,MAHARASHTRA,410206.0,IN,,False,,False
101458,403-0413413-2473941,06-20-22,Cancelled,Amazon,Amazon.in,Expedited,JNE3749,JNE3749-KR-XXXL,kurta,3XL,B09K3R5C7C,Cancelled,0,,,NEW DELHI,DELHI,110036.0,IN,,False,,False
74558,406-5132830-3057966,05-11-22,Shipped,Amazon,Amazon.in,Expedited,SET400,SET400-KR-NP-XXL,Set,XXL,B09W61RXRZ,Shipped,1,INR,1068.0,Mumbai,MAHARASHTRA,400101.0,IN,IN Core Free Shipping 2015/04/08 23-48-5-108,False,,False
112775,405-8910705-2581958,06-12-22,Shipped,Amazon,Amazon.in,Expedited,SET291,SET291-KR-PP-M,Set,M,B099NK55YG,Shipped,1,INR,569.0,MADHUBAN,BIHAR,845420.0,IN,IN Core Free Shipping 2015/04/08 23-48-5-108,False,,False
24243,408-5466935-6229124,04-16-22,Shipped,Amazon,Amazon.in,Standard,J0027,J0027-SET-XXL,Set,XXL,B08B3Z5LXW,Shipped,1,INR,0.0,AGRA,UTTAR PRADESH,282007.0,IN,,False,,
72318,407-3126781-5053140,05-13-22,Shipped - Delivered to Buyer,Merchant,Amazon.in,Standard,SET385,SET385-KR-NP-XXXL,Set,3XL,B09K3KGJ8S,Shipped,1,INR,629.0,BARIPADA,ODISHA,757001.0,IN,"Amazon PLCC Free-Financing Universal Merchant AAT-WNKTBO3K27EJC,Amazon PLCC Free-Financing Universal Merchant AAT-QX3UCCJESKPA2,Amazon PLCC Free-Financing Universal Merchant AAT-5QQ7BIYYQEDN2,Amazon PLCC Free-Financing Universal Merchant AAT-DSJ2QRXXWXVMQ,Amazon PLCC Free-Financing Universal Merchant AAT-CXJHMC2YJUK76,Amazon PLCC Free-Financing Universal Merchant AAT-CC4FAVTYR4X7C,Amazon PLCC Free-Financing Universal Merchant AAT-FYWJCQHU2XQ2U,Amazon PLCC Free-Financing Universal Merchant AAT-EOKPWFWYW7Y6I,Amazon PLCC Free-Financing Universal Merchant AAT-URPEBMPS7TSPE,Amazon PLCC Free-Financing Universal Merchant AAT-BQGR7LNELLP3O,Amazon PLCC Free-Financing Universal Merchant AAT-5ZEB2OGNZ32MC,Amazon PLCC Free-Financing Universal Merchant AAT-2MN4SWBDTUSNI,Amazon PLCC Free-Financing Universal Merchant AAT-4VFZUZS2EO5J2,Amazon PLCC Free-Financing Universal Merchant AAT-TNYBHEAO7HOHO,Amazon PLCC Free-Financing Universal Merchant AAT-BRSZZ45H6MHAO,Amazon PLCC Free-Financing Universal Merchant AAT-MKLXOOZWQL7GO,Amazon PLCC Free-Financing Universal Merchant AAT-CB7UNXEXGIJTC,Amazon PLCC Free-Financing Universal Merchant #MP-gzasho-1593152694811,Amazon PLCC Free-Financing Universal Merchant AAT-WLBA4GZ52EAH4,Amazon PLCC Free-Financing Universal Merchant AAT-QMFZ3M7T5NPDS,Amazon PLCC Free-Financing Universal Merchant #MP-pmilan-1601980554292",False,Easy Ship,False
89453,402-0929386-3312340,05-01-22,Shipped,Amazon,Amazon.in,Expedited,SET110,SET110-KR-PP-XXL,Set,XXL,B0822V61TT,Shipped,1,INR,788.0,NAVSARI,Gujarat,396445.0,IN,,False,,False
128968,403-7059995-7618722,05-31-22,Shipped,Amazon,Amazon.in,Expedited,SET264,SET264-KR-NP-XL,Set,XL,B08YN7XDSG,Shipped,1,INR,824.0,Delhi,DELHI,110053.0,IN,IN Core Free Shipping 2015/04/08 23-48-5-108,False,,False
22223,403-0848033-6332324,04-17-22,Cancelled,Amazon,Amazon.in,Expedited,JNE3556,JNE3556-KR-S,kurta,S,B08MX9XCTX,Cancelled,0,,,MANDAWA,RAJASTHAN,333701.0,IN,,False,,
19135,403-6986289-9281901,04-19-22,Shipped - Delivered to Buyer,Merchant,Amazon.in,Standard,JNE3794,JNE3794-KR-XXL,kurta,XXL,B09HMS8F1B,Shipped,1,INR,517.0,VERNA,GOA,403722.0,IN,"Amazon PLCC Free-Financing Universal Merchant AAT-WNKTBO3K27EJC,Amazon PLCC Free-Financing Universal Merchant AAT-QX3UCCJESKPA2,Amazon PLCC Free-Financing Universal Merchant AAT-CXJHMC2YJUK76,Amazon PLCC Free-Financing Universal Merchant AAT-SL3Y2YRMAUNFC,Amazon PLCC Free-Financing Universal Merchant AAT-CC4FAVTYR4X7C,Amazon PLCC Free-Financing Universal Merchant AAT-XXRCW6NZEPZI4,Amazon PLCC Free-Financing Universal Merchant AAT-EOKPWFWYW7Y6I,Amazon PLCC Free-Financing Universal Merchant AAT-ZYL5UPUNW6T62,Amazon PLCC Free-Financing Universal Merchant AAT-G5ZRX4BZOIODU,Amazon PLCC Free-Financing Universal Merchant AAT-PZHUW6DZX4BPS,Amazon PLCC Free-Financing Universal Merchant AAT-XX7G3ZRJJJ5LG,Amazon PLCC Free-Financing Universal Merchant AAT-LEHCKNDBJG64E,Amazon PLCC Free-Financing Universal Merchant AAT-DJVHCEV7D7RQY,Amazon PLCC Free-Financing Universal Merchant AAT-TNYBHEAO7HOHO,Amazon PLCC Free-Financing Universal Merchant AAT-BRSZZ45H6MHAO,Amazon PLCC Free-Financing Universal Merchant AAT-MKLXOOZWQL7GO,Amazon PLCC Free-Financing Universal Merchant AAT-CB7UNXEXGIJTC,Amazon PLCC Free-Financing Universal Merchant #MP-gzasho-1593152694811,Amazon PLCC Free-Financing Universal Merchant AAT-WLBA4GZ52EAH4,Amazon PLCC Free-Financing Universal Merchant AAT-QMFZ3M7T5NPDS,Amazon PLCC Free-Financing Universal Merchant #MP-pmilan-1601980554292",False,Easy Ship,
10776,407-2684361-3210738,04-24-22,Cancelled,Amazon,Amazon.in,Expedited,J0230,J0230-SKD-M,Set,M,B08XNJG8B1,Unshipped,1,INR,1112.0,CHAMPAWAT,UTTARAKHAND,262524.0,IN,,False,,
18568,408-2457037-9745910,04-19-22,Shipped - Delivered to Buyer,Merchant,Amazon.in,Standard,JNE3724,JNE3724-KR-XL,kurta,XL,B097ZZZ37J,Shipped,1,INR,499.0,CHENNAI,TAMIL NADU,600056.0,IN,"Amazon PLCC Free-Financing Universal Merchant AAT-WNKTBO3K27EJC,Amazon PLCC Free-Financing Universal Merchant AAT-QX3UCCJESKPA2,Amazon PLCC Free-Financing Universal Merchant AAT-CXJHMC2YJUK76,Amazon PLCC Free-Financing Universal Merchant AAT-SL3Y2YRMAUNFC,Amazon PLCC Free-Financing Universal Merchant AAT-CC4FAVTYR4X7C,Amazon PLCC Free-Financing Universal Merchant AAT-XXRCW6NZEPZI4,Amazon PLCC Free-Financing Universal Merchant AAT-EOKPWFWYW7Y6I,Amazon PLCC Free-Financing Universal Merchant AAT-ZYL5UPUNW6T62,Amazon PLCC Free-Financing Universal Merchant AAT-G5ZRX4BZOIODU,Amazon PLCC Free-Financing Universal Merchant AAT-PZHUW6DZX4BPS,Amazon PLCC Free-Financing Universal Merchant AAT-XX7G3ZRJJJ5LG,Amazon PLCC Free-Financing Universal Merchant AAT-LEHCKNDBJG64E,Amazon PLCC Free-Financing Universal Merchant AAT-DJVHCEV7D7RQY,Amazon PLCC Free-Financing Universal Merchant AAT-BRSZZ45H6MHAO,Amazon PLCC Free-Financing Universal Merchant AAT-MKLXOOZWQL7GO,Amazon PLCC Free-Financing Universal Merchant AAT-CB7UNXEXGIJTC,Amazon PLCC Free-Financing Universal Merchant #MP-gzasho-1593152694811,Amazon PLCC Free-Financing Universal Merchant AAT-WLBA4GZ52EAH4",False,Easy Ship,
36975,171-1939060-9283538,04-08-22,Shipped,Amazon,Amazon.in,Expedited,SET397,SET397-KR-NP-XL,Set,XL,B09RKDB8SB,Shipped,1,INR,1115.0,LASALGAON,MAHARASHTRA,422306.0,IN,IN Core Free Shipping 2015/04/08 23-48-5-108,False,,
87622,405-9371496-8008339,05-02-22,Shipped,Amazon,Amazon.in,Expedited,SET324,SET324-KR-NP-XXXL,Set,3XL,B09NQ51MPV,Shipped,1,INR,597.0,SARDARSHAHAR,RAJASTHAN,331403.0,IN,IN Core Free Shipping 2015/04/08 23-48-5-108,False,,False
3733,408-8777109-6452328,04-28-22,Shipped - Delivered to Buyer,Merchant,Amazon.in,Standard,JNE3749,JNE3749-KR-S,kurta,S,B09K3SZZD8,Shipped,1,INR,0.0,GUWAHATI,ASSAM,781003.0,IN,"Amazon PLCC Free-Financing Universal Merchant AAT-5QQ7BIYYQEDN2,Amazon PLCC Free-Financing Universal Merchant AAT-DSJ2QRXXWXVMQ,Amazon PLCC Free-Financing Universal Merchant AAT-XXRCW6NZEPZI4,Amazon PLCC Free-Financing Universal Merchant AAT-23LLL7GZCLBVW,Amazon PLCC Free-Financing Universal Merchant AAT-ETXQ3XXWMRXBG,Amazon PLCC Free-Financing Universal Merchant AAT-7X3XCTYG64VBE,Amazon PLCC Free-Financing Universal Merchant AAT-7CHGD3WTS3MHM,Amazon PLCC Free-Financing Universal Merchant AAT-26ZDKNME27X42,Amazon PLCC Free-Financing Universal Merchant AAT-4ZF5KN6E4LJK4,Amazon PLCC Free-Financing Universal Merchant AAT-7RCXIKUAX7DDY,Amazon PLCC Free-Financing Universal Merchant #MP-gzasho-1593152694811",False,Easy Ship,
62123,408-9771753-2126709,05-21-22,Shipped,Amazon,Amazon.in,Expedited,JNE3461,JNE3461-KR-M,kurta,M,B08B3VSTFG,Shipped,1,INR,399.0,HYDERABAD,TELANGANA,500040.0,IN,IN Core Free Shipping 2015/04/08 23-48-5-108,False,,False
124109,408-4948464-5589915,06-04-22,Shipped - Delivered to Buyer,Merchant,Amazon.in,Standard,SET369,SET369-KR-NP-XXL,Set,XXL,B09QJM97Z8,Shipped,1,INR,1399.0,NAGPUR,MAHARASHTRA,440022.0,IN,"Amazon PLCC Free-Financing Universal Merchant AAT-WNKTBO3K27EJC,Amazon PLCC Free-Financing Universal Merchant AAT-QX3UCCJESKPA2,Amazon PLCC Free-Financing Universal Merchant AAT-5QQ7BIYYQEDN2,Amazon PLCC Free-Financing Universal Merchant AAT-DSJ2QRXXWXVMQ,Amazon PLCC Free-Financing Universal Merchant AAT-CXJHMC2YJUK76,Amazon PLCC Free-Financing Universal Merchant AAT-CC4FAVTYR4X7C,Amazon PLCC Free-Financing Universal Merchant AAT-EWAPBB6BDRGM6,Amazon PLCC Free-Financing Universal Merchant AAT-R7GXNZWISTRFA,Amazon PLCC Free-Financing Universal Merchant AAT-EOKPWFWYW7Y6I,Amazon PLCC Free-Financing Universal Merchant AAT-NT3ZJJGQ3JK3Q,Amazon PLCC Free-Financing Universal Merchant AAT-Z7SKZOEIDWRU4,Amazon PLCC Free-Financing Universal Merchant AAT-5QNBXTEQWGXOW,Amazon PLCC Free-Financing Universal Merchant AAT-BRSZZ45H6MHAO,Amazon PLCC Free-Financing Universal Merchant AAT-MKLXOOZWQL7GO,Amazon PLCC Free-Financing Universal Merchant AAT-CB7UNXEXGIJTC,Amazon PLCC Free-Financing Universal Merchant #MP-gzasho-1593152694811,Amazon PLCC Free-Financing Universal Merchant AAT-WLBA4GZ52EAH4,Amazon PLCC Free-Financing Universal Merchant #MP-pmilan-1601980554292",False,Easy Ship,False
42660,402-5541497-0421963,04-05-22,Shipped,Amazon,Amazon.in,Expedited,PJNE3440,PJNE3440-KR-N-4XL,kurta,4XL,B09LD4DX25,Shipped,1,INR,527.0,MATHURA,UTTAR PRADESH,281004.0,IN,IN Core Free Shipping 2015/04/08 23-48-5-108,False,,
127729,404-4118966-1165113,06-01-22,Shipped,Amazon,Amazon.in,Expedited,SET402,SET402-KR-NP-XXXL,Set,3XL,B09VC5Z5Z7,Shipped,1,INR,988.0,MUMBAI,MAHARASHTRA,400067.0,IN,,False,,False
97499,171-6695586-6773116,06-23-22,Shipped,Amazon,Amazon.in,Expedited,JNE2101,JNE2101-KR-210-S,kurta,S,B0793S4TBK,Shipped,1,INR,301.0,VISAKHAPATNAM,ANDHRA PRADESH,531173.0,IN,,False,,False
76871,403-0141282-3707524,05-09-22,Shipped - Delivered to Buyer,Merchant,Amazon.in,Standard,JNE3797,JNE3797-KR-M,Western Dress,M,B09SDY8DCT,Shipped,1,INR,771.0,KOLLAM,KERALA,691507.0,IN,"Amazon PLCC Free-Financing Universal Merchant AAT-WNKTBO3K27EJC,Amazon PLCC Free-Financing Universal Merchant AAT-QX3UCCJESKPA2,Amazon PLCC Free-Financing Universal Merchant AAT-5QQ7BIYYQEDN2,Amazon PLCC Free-Financing Universal Merchant AAT-DSJ2QRXXWXVMQ,Amazon PLCC Free-Financing Universal Merchant AAT-CXJHMC2YJUK76,Amazon PLCC Free-Financing Universal Merchant AAT-SL3Y2YRMAUNFC,Amazon PLCC Free-Financing Universal Merchant AAT-CC4FAVTYR4X7C,Amazon PLCC Free-Financing Universal Merchant AAT-FYWJCQHU2XQ2U,Amazon PLCC Free-Financing Universal Merchant AAT-WSJLDN3X7KEMO,Amazon PLCC Free-Financing Universal Merchant AAT-VL6FGQVGQVXUS,Amazon PLCC Free-Financing Universal Merchant AAT-EOKPWFWYW7Y6I,Amazon PLCC Free-Financing Universal Merchant AAT-URPEBMPS7TSPE,Amazon PLCC Free-Financing Universal Merchant AAT-ZF7YE6D3FPHMI,Amazon PLCC Free-Financing Universal Merchant AAT-TNYHCYLOWRIHK,Amazon PLCC Free-Financing Universal Merchant AAT-BRSZZ45H6MHAO,Amazon PLCC Free-Financing Universal Merchant AAT-MKLXOOZWQL7GO,Amazon PLCC Free-Financing Universal Merchant AAT-CB7UNXEXGIJTC,Amazon PLCC Free-Financing Universal Merchant #MP-gzasho-1593152694811,Amazon PLCC Free-Financing Universal Merchant AAT-WLBA4GZ52EAH4",False,Easy Ship,False
36545,405-0725302-9767500,04-08-22,Shipped,Amazon,Amazon.in,Expedited,J0306,J0306-DR-XXL,Western Dress,XXL,B099NQ867X,Shipped,1,INR,690.0,CHENNAI,TAMIL NADU,600100.0,IN,IN Core Free Shipping 2015/04/08 23-48-5-108,False,,
69643,402-2392513-8212345,05-15-22,Cancelled,Merchant,Amazon.in,Standard,J0301,J0301-TP-S,Top,S,B099S7RVXG,,0,,,KAHALGAON,BIHAR,813214.0,IN,,False,Easy Ship,False
38341,408-8869712-0923551,04-07-22,Cancelled,Amazon,Amazon.in,Expedited,JNE3567,JNE3567-KR-M,kurta,M,B08KRXV1QR,Unshipped,1,INR,399.0,AMBUR,TAMIL NADU,635802.0,IN,,False,,
122730,408-1659486-4189157,06-05-22,Shipped,Amazon,Amazon.in,Expedited,NW001,NW001-TP-PJ-XS,Set,XS,B0922TWFYK,Shipped,1,INR,539.0,LUCKNOW,UTTAR PRADESH,226013.0,IN,,False,,False
27658,407-8962168-2942736,04-14-22,Shipped - Delivered to Buyer,Merchant,Amazon.in,Standard,JNE3294,JNE3294-KR-XS,kurta,XS,B07R41QNJQ,Shipped,1,INR,432.0,TEZU,ARUNACHAL PRADESH,792001.0,IN,"Amazon PLCC Free-Financing Universal Merchant AAT-WNKTBO3K27EJC,Amazon PLCC Free-Financing Universal Merchant AAT-QX3UCCJESKPA2,Amazon PLCC Free-Financing Universal Merchant AAT-CXJHMC2YJUK76,Amazon PLCC Free-Financing Universal Merchant AAT-CC4FAVTYR4X7C,Amazon PLCC Free-Financing Universal Merchant AAT-XXRCW6NZEPZI4,Amazon PLCC Free-Financing Universal Merchant AAT-EOKPWFWYW7Y6I,Amazon PLCC Free-Financing Universal Merchant AAT-ZYL5UPUNW6T62,Amazon PLCC Free-Financing Universal Merchant AAT-G5ZRX4BZOIODU,Amazon PLCC Free-Financing Universal Merchant AAT-LMLYJV5SYVNDA,Amazon PLCC Free-Financing Universal Merchant AAT-PZHUW6DZX4BPS,Amazon PLCC Free-Financing Universal Merchant AAT-BRSZZ45H6MHAO,Amazon PLCC Free-Financing Universal Merchant AAT-MKLXOOZWQL7GO,Amazon PLCC Free-Financing Universal Merchant AAT-CB7UNXEXGIJTC,Amazon PLCC Free-Financing Universal Merchant #MP-gzasho-1593152694811,Amazon PLCC Free-Financing Universal Merchant AAT-WLBA4GZ52EAH4,Amazon PLCC Free-Financing Universal Merchant #MP-pmilan-1601980554292",False,Easy Ship,
27644,402-8214263-7857901,04-14-22,Shipped,Amazon,Amazon.in,Expedited,JNE3291,JNE3291-KR-M,kurta,M,B07R52578F,Shipped,1,INR,442.0,KANCHIPURAM,TAMIL NADU,600044.0,IN,,False,,
44730,407-8961466-6693164,04-03-22,Shipped,Amazon,Amazon.in,Expedited,J0122,J0122-TP-M,Top,M,B08MYMV9F8,Shipped,1,INR,330.0,AIZAWL,MIZORAM,796012.0,IN,,False,,
53979,406-8569805-5803557,05-28-22,Cancelled,Amazon,Amazon.in,Expedited,J0118,J0118-TP-M,Top,M,B08N44NG72,Unshipped,1,INR,529.0,BENGALURU,KARNATAKA,560087.0,IN,,False,,False
23928,404-7242310-9868314,04-16-22,Shipped,Amazon,Amazon.in,Expedited,JNE3523,JNE3523-KR-XL,kurta,XL,B08B3YJKM6,Shipped,1,INR,376.0,KOTA,RAJASTHAN,324001.0,IN,,False,,
41217,402-2878227-8369137,04-05-22,Shipped,Amazon,Amazon.in,Expedited,SET333,SET333-KR-DPT-S,Set,S,B09RKF9RSW,Shipped,1,INR,967.0,GUWAHATI,ASSAM,781001.0,IN,IN Core Free Shipping 2015/04/08 23-48-5-108,False,,
57928,407-6963209-3071564,05-25-22,Shipped,Amazon,Amazon.in,Expedited,PJNE3399,PJNE3399-KR-N-4XL,kurta,4XL,B09LD3V5V3,Shipped,1,INR,798.0,KOLLAM,KERALA,691021.0,IN,IN Core Free Shipping 2015/04/08 23-48-5-108,False,,False
35761,406-9749345-2444352,04-09-22,Cancelled,Amazon,Amazon.in,Expedited,JNE3716,JNE3716-KR-XXL,kurta,XXL,B099NPKT7D,Cancelled,0,,,KOLLAM,KERALA,691003.0,IN,,False,,
7494,405-1597235-2362766,04-25-22,Cancelled,Amazon,Amazon.in,Expedited,JNE3716,JNE3716-KR-XL,kurta,XL,B099FB6BY3,Unshipped,1,INR,399.0,NEW DELHI,DELHI,110074.0,IN,,False,,
37802,171-0458849-8077153,04-08-22,Shipped - Delivered to Buyer,Merchant,Amazon.in,Standard,SET393,SET393-KR-NP-M,Set,M,B09QJ4YB1F,Shipped,1,INR,999.0,Bangalore,KARNATAKA,560076.0,IN,"Amazon PLCC Free-Financing Universal Merchant AAT-WNKTBO3K27EJC,Amazon PLCC Free-Financing Universal Merchant AAT-QX3UCCJESKPA2,Amazon PLCC Free-Financing Universal Merchant AAT-CXJHMC2YJUK76,Amazon PLCC Free-Financing Universal Merchant AAT-SL3Y2YRMAUNFC,Amazon PLCC Free-Financing Universal Merchant AAT-CC4FAVTYR4X7C,Amazon PLCC Free-Financing Universal Merchant AAT-XXRCW6NZEPZI4,Amazon PLCC Free-Financing Universal Merchant AAT-EOKPWFWYW7Y6I,Amazon PLCC Free-Financing Universal Merchant AAT-ZYL5UPUNW6T62,Amazon PLCC Free-Financing Universal Merchant AAT-G5ZRX4BZOIODU,Amazon PLCC Free-Financing Universal Merchant AAT-YFJA6XMAMWZSK,Amazon PLCC Free-Financing Universal Merchant AAT-K66BSCE2J2V5E,Amazon PLCC Free-Financing Universal Merchant AAT-NJKZEPFSHB7RC,Amazon PLCC Free-Financing Universal Merchant AAT-275LMAQ3T5REI,Amazon PLCC Free-Financing Universal Merchant AAT-BRSZZ45H6MHAO,Amazon PLCC Free-Financing Universal Merchant AAT-MKLXOOZWQL7GO,Amazon PLCC Free-Financing Universal Merchant AAT-CB7UNXEXGIJTC,Amazon PLCC Free-Financing Universal Merchant #MP-gzasho-1593152694811,Amazon PLCC Free-Financing Universal Merchant AAT-WLBA4GZ52EAH4,Amazon PLCC Free-Financing Universal Merchant #MP-pmilan-1601980554292",False,Easy Ship,
72325,402-8628103-8735555,05-13-22,Shipped,Amazon,Amazon.in,Expedited,J0414,J0414-DR-L,Western Dress,L,B09TY2MHH6,Shipped,1,INR,885.0,BENGALURU,KARNATAKA,560084.0,IN,IN Core Free Shipping 2015/04/08 23-48-5-108,False,,False
24733,408-0840426-5513929,04-15-22,Shipped,Amazon,Amazon.in,Expedited,SET293,SET293-KR-NP-M,Set,M,B09K3LJWBB,Shipped,1,INR,692.0,GHAZIABAD,UTTAR PRADESH,201009.0,IN,IN Core Free Shipping 2015/04/08 23-48-5-108,False,,
25374,171-0332574-9856363,04-15-22,Shipped,Amazon,Amazon.in,Expedited,JNE3672,JNE3672-TU-XXXL,Top,3XL,B0943J8RHK,Shipped,1,INR,574.0,FARIDABAD,HARYANA,121010.0,IN,IN Core Free Shipping 2015/04/08 23-48-5-108,False,,
26239,405-3356705-8366734,04-15-22,Cancelled,Amazon,Amazon.in,Expedited,JNE3291,JNE3291-KR-XS,kurta,XS,B082TTV7WX,Cancelled,0,,,Hyderabad,TELANGANA,501510.0,IN,,False,,
35153,402-0937974-1619535,04-09-22,Shipped,Amazon,Amazon.in,Expedited,JNE3701,JNE3701-KR-XL,kurta,XL,B094FL9R9M,Shipped,1,INR,399.0,CHENNAI,TAMIL NADU,600048.0,IN,,False,,
95075,408-4042997-5427529,06-26-22,Shipped,Amazon,Amazon.in,Expedited,J0008,J0008-SKD-M,Set,M,B0894YTN3H,Shipped,1,INR,1075.0,SUPAUL,BIHAR,852131.0,IN,IN Core Free Shipping 2015/04/08 23-48-5-108,False,,False
116092,403-6700871-1214710,06-09-22,Cancelled,Merchant,Amazon.in,Standard,JNE3797,JNE3797-KR-S,Western Dress,S,B09SDYQ3WG,,0,INR,700.0,MELli,SIKKIM,737128.0,IN,,False,Easy Ship,False
57689,171-1049083-6928365,05-25-22,Shipped,Amazon,Amazon.in,Expedited,JNE3396,JNE3396-KR-XXL,kurta,XXL,B083ZZD62Q,Shipped,1,INR,487.0,BHUBANESWAR,ODISHA,751012.0,IN,,False,,False
110086,406-8123670-6533907,06-13-22,Shipped,Amazon,Amazon.in,Expedited,JNE3797,JNE3797-KR-A-M,Western Dress,M,B09TH73PT5,Shipped,1,INR,771.0,MARGAO,GOA,403602.0,IN,IN Core Free Shipping 2015/04/08 23-48-5-108,False,,False
7340,408-2123494-2738765,04-26-22,Shipped - Delivered to Buyer,Merchant,Amazon.in,Standard,SET374,SET374-KR-NP-L,Set,L,B09NDKQD88,Shipped,1,INR,597.0,GHAZIABAD,UTTAR PRADESH,201017.0,IN,"Amazon PLCC Free-Financing Universal Merchant AAT-WNKTBO3K27EJC,Amazon PLCC Free-Financing Universal Merchant AAT-QX3UCCJESKPA2,Amazon PLCC Free-Financing Universal Merchant AAT-5QQ7BIYYQEDN2,Amazon PLCC Free-Financing Universal Merchant AAT-DSJ2QRXXWXVMQ,Amazon PLCC Free-Financing Universal Merchant AAT-CXJHMC2YJUK76,Amazon PLCC Free-Financing Universal Merchant AAT-CC4FAVTYR4X7C,Amazon PLCC Free-Financing Universal Merchant AAT-XXRCW6NZEPZI4,Amazon PLCC Free-Financing Universal Merchant AAT-EOKPWFWYW7Y6I,Amazon PLCC Free-Financing Universal Merchant AAT-ZYL5UPUNW6T62,Amazon PLCC Free-Financing Universal Merchant AAT-G5ZRX4BZOIODU,Amazon PLCC Free-Financing Universal Merchant AAT-PZHUW6DZX4BPS,Amazon PLCC Free-Financing Universal Merchant AAT-ETXQ3XXWMRXBG,Amazon PLCC Free-Financing Universal Merchant AAT-7X3XCTYG64VBE,Amazon PLCC Free-Financing Universal Merchant AAT-7CHGD3WTS3MHM,Amazon PLCC Free-Financing Universal Merchant AAT-26ZDKNME27X42,Amazon PLCC Free-Financing Universal Merchant AAT-4ZF5KN6E4LJK4,Amazon PLCC Free-Financing Universal Merchant AAT-7RCXIKUAX7DDY,Amazon PLCC Free-Financing Universal Merchant AAT-BRSZZ45H6MHAO,Amazon PLCC Free-Financing Universal Merchant AAT-MKLXOOZWQL7GO,Amazon PLCC Free-Financing Universal Merchant AAT-CB7UNXEXGIJTC,Amazon PLCC Free-Financing Universal Merchant #MP-gzasho-1593152694811,Amazon PLCC Free-Financing Universal Merchant AAT-WLBA4GZ52EAH4",False,Easy Ship,
70520,402-0352222-1456339,05-14-22,Shipped,Amazon,Amazon.in,Expedited,J0003,J0003-SET-XXL,Set,XXL,B0894XKVH3,Shipped,1,INR,696.0,BENGALURU,KARNATAKA,560043.0,IN,,False,,False
98975,402-8174000-1085104,06-22-22,Shipped,Amazon,Amazon.in,Expedited,SET277,SET277-KR-NP-XXXL,Set,3XL,B0983FNQD1,Shipped,1,INR,1268.0,GURUGRAM,HARYANA,122001.0,IN,IN Core Free Shipping 2015/04/08 23-48-5-108,False,,False
67227,404-6364588-8928313,05-17-22,Shipped,Amazon,Amazon.in,Expedited,JNE3749,JNE3749-KR-XXL,kurta,XXL,B09K3R6L8S,Shipped,1,INR,469.0,MUMBAI,MAHARASHTRA,400101.0,IN,IN Core Free Shipping 2015/04/08 23-48-5-108,False,,False
27221,404-5436972-2959509,04-14-22,Shipped - Delivered to Buyer,Merchant,Amazon.in,Standard,SET265,SET265-KR-NP-XXL,Set,XXL,B0983DD4G7,Shipped,1,INR,888.0,Jhansi Cantt,UTTAR PRADESH,284001.0,IN,"Amazon PLCC Free-Financing Universal Merchant AAT-WNKTBO3K27EJC,Amazon PLCC Free-Financing Universal Merchant AAT-QX3UCCJESKPA2,Amazon PLCC Free-Financing Universal Merchant AAT-CXJHMC2YJUK76,Amazon PLCC Free-Financing Universal Merchant AAT-SL3Y2YRMAUNFC,Amazon PLCC Free-Financing Universal Merchant AAT-CC4FAVTYR4X7C,Amazon PLCC Free-Financing Universal Merchant AAT-XXRCW6NZEPZI4,Amazon PLCC Free-Financing Universal Merchant AAT-EOKPWFWYW7Y6I,Amazon PLCC Free-Financing Universal Merchant AAT-ZYL5UPUNW6T62,Amazon PLCC Free-Financing Universal Merchant AAT-G5ZRX4BZOIODU,Amazon PLCC Free-Financing Universal Merchant AAT-LMLYJV5SYVNDA,Amazon PLCC Free-Financing Universal Merchant AAT-PZHUW6DZX4BPS,Amazon PLCC Free-Financing Universal Merchant AAT-BRSZZ45H6MHAO,Amazon PLCC Free-Financing Universal Merchant AAT-MKLXOOZWQL7GO,Amazon PLCC Free-Financing Universal Merchant AAT-CB7UNXEXGIJTC,Amazon PLCC Free-Financing Universal Merchant #MP-gzasho-1593152694811,Amazon PLCC Free-Financing Universal Merchant AAT-WLBA4GZ52EAH4",False,Easy Ship,
68489,404-9706505-2491526,05-16-22,Shipped - Delivered to Buyer,Merchant,Amazon.in,Standard,SET323,SET323-KR-NP-S,Set,S,B09NDLSGZM,Shipped,1,INR,999.0,AHMEDABAD,Gujarat,382445.0,IN,"Amazon PLCC Free-Financing Universal Merchant AAT-WNKTBO3K27EJC,Amazon PLCC Free-Financing Universal Merchant AAT-QX3UCCJESKPA2,Amazon PLCC Free-Financing Universal Merchant AAT-5QQ7BIYYQEDN2,Amazon PLCC Free-Financing Universal Merchant AAT-DSJ2QRXXWXVMQ,Amazon PLCC Free-Financing Universal Merchant AAT-CXJHMC2YJUK76,Amazon PLCC Free-Financing Universal Merchant AAT-CC4FAVTYR4X7C,Amazon PLCC Free-Financing Universal Merchant AAT-FYWJCQHU2XQ2U,Amazon PLCC Free-Financing Universal Merchant AAT-EOKPWFWYW7Y6I,Amazon PLCC Free-Financing Universal Merchant AAT-URPEBMPS7TSPE,Amazon PLCC Free-Financing Universal Merchant AAT-YZ2VQO2YM6YYM,Amazon PLCC Free-Financing Universal Merchant AAT-4EOBCMLXMLDGY,Amazon PLCC Free-Financing Universal Merchant AAT-UB6CYNTOQMM7C,Amazon PLCC Free-Financing Universal Merchant AAT-BRSZZ45H6MHAO,Amazon PLCC Free-Financing Universal Merchant AAT-MKLXOOZWQL7GO,Amazon PLCC Free-Financing Universal Merchant AAT-CB7UNXEXGIJTC,Amazon PLCC Free-Financing Universal Merchant #MP-gzasho-1593152694811,Amazon PLCC Free-Financing Universal Merchant AAT-WLBA4GZ52EAH4",False,Easy Ship,False
79589,407-6050608-7205137,05-07-22,Shipped,Amazon,Amazon.in,Expedited,JNE3578,JNE3578-KR-XL,kurta,XL,B08QJKPYCS,Shipped,1,INR,594.0,KALYAN,MAHARASHTRA,421202.0,IN,IN Core Free Shipping 2015/04/08 23-48-5-108,False,,False
19315,171-7759889-1514727,04-19-22,Shipped,Amazon,Amazon.in,Expedited,JNE3294,JNE3294-KR-XXL,kurta,XXL,B07R41S1YG,Shipped,1,INR,432.0,"Rajarhaat , Kolkata",WEST BENGAL,700136.0,IN,IN Core Free Shipping 2015/04/08 23-48-5-108,False,,
86321,407-4924886-3771522,05-03-22,Shipped,Amazon,Amazon.in,Expedited,J0397,J0397-DR-XL,Western Dress,XL,B09SDXVF3V,Shipped,1,INR,999.0,HYDERABAD,TELANGANA,500094.0,IN,IN Core Free Shipping 2015/04/08 23-48-5-108,False,,False
66434,406-5058268-8486750,05-17-22,Shipped - Delivered to Buyer,Merchant,Amazon.in,Standard,J0341,J0341-DR-XXXL,Western Dress,3XL,B099NSQP4Z,Shipped,1,INR,885.0,KANJIRAPPALLY,KERALA,686506.0,IN,"Amazon PLCC Free-Financing Universal Merchant AAT-WNKTBO3K27EJC,Amazon PLCC Free-Financing Universal Merchant AAT-QX3UCCJESKPA2,Amazon PLCC Free-Financing Universal Merchant AAT-5QQ7BIYYQEDN2,Amazon PLCC Free-Financing Universal Merchant AAT-DSJ2QRXXWXVMQ,Amazon PLCC Free-Financing Universal Merchant AAT-CXJHMC2YJUK76,Amazon PLCC Free-Financing Universal Merchant AAT-CC4FAVTYR4X7C,Amazon PLCC Free-Financing Universal Merchant AAT-FYWJCQHU2XQ2U,Amazon PLCC Free-Financing Universal Merchant AAT-R7GXNZWISTRFA,Amazon PLCC Free-Financing Universal Merchant AAT-EOKPWFWYW7Y6I,Amazon PLCC Free-Financing Universal Merchant AAT-URPEBMPS7TSPE,Amazon PLCC Free-Financing Universal Merchant AAT-L2DLP5YGE5766,Amazon PLCC Free-Financing Universal Merchant AAT-5ZEB2OGNZ32MC,Amazon PLCC Free-Financing Universal Merchant AAT-YZ2VQO2YM6YYM,Amazon PLCC Free-Financing Universal Merchant AAT-4EOBCMLXMLDGY,Amazon PLCC Free-Financing Universal Merchant AAT-UB6CYNTOQMM7C,Amazon PLCC Free-Financing Universal Merchant AAT-BRSZZ45H6MHAO,Amazon PLCC Free-Financing Universal Merchant AAT-MKLXOOZWQL7GO,Amazon PLCC Free-Financing Universal Merchant AAT-CB7UNXEXGIJTC,Amazon PLCC Free-Financing Universal Merchant #MP-gzasho-1593152694811,Amazon PLCC Free-Financing Universal Merchant AAT-WLBA4GZ52EAH4,Amazon PLCC Free-Financing Universal Merchant #MP-pmilan-1601980554292",False,Easy Ship,False
91917,402-3191167-9671516,06-28-22,Shipped,Amazon,Amazon.in,Expedited,JNE3567,JNE3567-KR-XXXL,kurta,3XL,B08KRZK1NB,Shipped,1,INR,399.0,VISAKHAPATNAM,ANDHRA PRADESH,530017.0,IN,,False,,False
65902,406-0663590-3796359,05-18-22,Shipped,Amazon,Amazon.in,Expedited,J0097,J0097-KR-XXL,kurta,XXL,B08BJRFKHF,Shipped,1,INR,568.0,SILIGURI,WEST BENGAL,734006.0,IN,,False,,False
111740,402-7353189-7996337,06-12-22,Shipped,Amazon,Amazon.in,Expedited,JNE3797,JNE3797-KR-A-S,Western Dress,S,B09TH4H7T2,Shipped,1,INR,725.0,HYDERABAD,TELANGANA,500035.0,IN,IN Core Free Shipping 2015/04/08 23-48-5-108,False,,False
50932,407-7942966-3728324,05-30-22,Shipped - Returned to Seller,Merchant,Amazon.in,Standard,SET227,SET227-KR-PP-A-XXL,Set,XXL,B08P1F8WCY,Shipped,1,INR,614.0,NOIDA,UTTAR PRADESH,201304.0,IN,"Amazon PLCC Free-Financing Universal Merchant AAT-WNKTBO3K27EJC,Amazon PLCC Free-Financing Universal Merchant AAT-QX3UCCJESKPA2,Amazon PLCC Free-Financing Universal Merchant AAT-5QQ7BIYYQEDN2,Amazon PLCC Free-Financing Universal Merchant AAT-DSJ2QRXXWXVMQ,Amazon PLCC Free-Financing Universal Merchant AAT-CXJHMC2YJUK76,Amazon PLCC Free-Financing Universal Merchant AAT-SL3Y2YRMAUNFC,Amazon PLCC Free-Financing Universal Merchant AAT-CC4FAVTYR4X7C,Amazon PLCC Free-Financing Universal Merchant AAT-FYWJCQHU2XQ2U,Amazon PLCC Free-Financing Universal Merchant AAT-EOKPWFWYW7Y6I,Amazon PLCC Free-Financing Universal Merchant AAT-URPEBMPS7TSPE,Amazon PLCC Free-Financing Universal Merchant AAT-5ZEB2OGNZ32MC,Amazon PLCC Free-Financing Universal Merchant AAT-CAK4QZ7KEFRQU,Amazon PLCC Free-Financing Universal Merchant AAT-YZJ5BRTPINRLK,Amazon PLCC Free-Financing Universal Merchant AAT-SNWJTEAZA2JRI,Amazon PLCC Free-Financing Universal Merchant AAT-BBJ6FVTP3QKBO,Amazon PLCC Free-Financing Universal Merchant AAT-BRSZZ45H6MHAO,Amazon PLCC Free-Financing Universal Merchant AAT-MKLXOOZWQL7GO,Amazon PLCC Free-Financing Universal Merchant AAT-CB7UNXEXGIJTC,Amazon PLCC Free-Financing Universal Merchant #MP-gzasho-1593152694811,Amazon PLCC Free-Financing Universal Merchant AAT-WLBA4GZ52EAH4",False,Easy Ship,False
114521,408-2879025-6079551,06-10-22,Shipped,Amazon,Amazon.in,Expedited,JNE3721,JNE3721-KR-M,kurta,M,B099FC9KR1,Shipped,1,INR,292.0,CHITTUR THATHAMANGALAM,KERALA,678531.0,IN,,False,,False
63022,171-2870032-2321124,05-20-22,Shipped,Amazon,Amazon.in,Expedited,JNE3791,JNE3791-DR-XL,Ethnic Dress,XL,B09K3WFZFT,Shipped,1,INR,399.0,THANE West,MAHARASHTRA,400615.0,IN,IN Core Free Shipping 2015/04/08 23-48-5-108,False,,False
85027,406-2766485-4497111,05-03-22,Shipped,Amazon,Amazon.in,Expedited,SET268,SET268-KR-NP-L,Set,L,B08XQ8MCKP,Shipped,1,INR,788.0,HISAR,HARYANA,125001.0,IN,IN Core Free Shipping 2015/04/08 23-48-5-108,False,,False
14943,404-6380793-3880308,04-21-22,Shipped - Returned to Seller,Merchant,Amazon.in,Standard,JNE3697,JNE3697-KR-L,kurta,L,B09811Y7WM,Shipped,1,INR,458.0,KOLKATA,WEST BENGAL,700061.0,IN,"Amazon PLCC Free-Financing Universal Merchant AAT-WNKTBO3K27EJC,Amazon PLCC Free-Financing Universal Merchant AAT-QX3UCCJESKPA2,Amazon PLCC Free-Financing Universal Merchant AAT-5QQ7BIYYQEDN2,Amazon PLCC Free-Financing Universal Merchant AAT-DSJ2QRXXWXVMQ,Amazon PLCC Free-Financing Universal Merchant AAT-CXJHMC2YJUK76,Amazon PLCC Free-Financing Universal Merchant AAT-CC4FAVTYR4X7C,Amazon PLCC Free-Financing Universal Merchant AAT-XXRCW6NZEPZI4,Amazon PLCC Free-Financing Universal Merchant AAT-R7GXNZWISTRFA,Amazon PLCC Free-Financing Universal Merchant AAT-EOKPWFWYW7Y6I,Amazon PLCC Free-Financing Universal Merchant AAT-ZYL5UPUNW6T62,Amazon PLCC Free-Financing Universal Merchant AAT-G5ZRX4BZOIODU,Amazon PLCC Free-Financing Universal Merchant AAT-P3CSUAK4HTEP2,Amazon PLCC Free-Financing Universal Merchant AAT-6PE7LSBGRLMV2,Amazon PLCC Free-Financing Universal Merchant AAT-PZHUW6DZX4BPS,Amazon PLCC Free-Financing Universal Merchant AAT-BRSZZ45H6MHAO,Amazon PLCC Free-Financing Universal Merchant AAT-MKLXOOZWQL7GO,Amazon PLCC Free-Financing Universal Merchant AAT-CB7UNXEXGIJTC,Amazon PLCC Free-Financing Universal Merchant #MP-gzasho-1593152694811,Amazon PLCC Free-Financing Universal Merchant AAT-WLBA4GZ52EAH4,Amazon PLCC Free-Financing Universal Merchant #MP-pmilan-1601980554292",False,Easy Ship,
111839,171-8387412-0694763,06-12-22,Shipped - Delivered to Buyer,Merchant,Amazon.in,Standard,JNE3777,JNE3777-KR-XXXL,kurta,3XL,B09K3XLV91,Shipped,1,INR,324.0,BOLPUR,WEST BENGAL,731204.0,IN,"Amazon PLCC Free-Financing Universal Merchant AAT-WNKTBO3K27EJC,Amazon PLCC Free-Financing Universal Merchant AAT-QX3UCCJESKPA2,Amazon PLCC Free-Financing Universal Merchant AAT-5QQ7BIYYQEDN2,Amazon PLCC Free-Financing Universal Merchant AAT-DSJ2QRXXWXVMQ,Amazon PLCC Free-Financing Universal Merchant AAT-CXJHMC2YJUK76,Amazon PLCC Free-Financing Universal Merchant AAT-CC4FAVTYR4X7C,Amazon PLCC Free-Financing Universal Merchant AAT-EWAPBB6BDRGM6,Amazon PLCC Free-Financing Universal Merchant AAT-EOKPWFWYW7Y6I,Amazon PLCC Free-Financing Universal Merchant AAT-NT3ZJJGQ3JK3Q,Amazon PLCC Free-Financing Universal Merchant AAT-5SHH3G55USK5C,Amazon PLCC Free-Financing Universal Merchant AAT-6XVEGAWJUJYXG,Amazon PLCC Free-Financing Universal Merchant AAT-ZBCRDPHJI4UDO,Amazon PLCC Free-Financing Universal Merchant AAT-CMBNOJYSQPOPS,Amazon PLCC Free-Financing Universal Merchant AAT-IBN3WODYJ44YC,Amazon PLCC Free-Financing Universal Merchant AAT-W2F65W44TEYES,Amazon PLCC Free-Financing Universal Merchant AAT-ZBGDWJCP6BTLE,Amazon PLCC Free-Financing Universal Merchant AAT-5DVF2TMYR72D4,Amazon PLCC Free-Financing Universal Merchant AAT-BOWEMQBNNNHBK,Amazon PLCC Free-Financing Universal Merchant AAT-SKYXW7T3UZBGO,Amazon PLCC Free-Financing Universal Merchant AAT-BRSZZ45H6MHAO,Amazon PLCC Free-Financing Universal Merchant AAT-MKLXOOZWQL7GO,Amazon PLCC Free-Financing Universal Merchant AAT-CB7UNXEXGIJTC,Amazon PLCC Free-Financing Universal Merchant #MP-gzasho-1593152694811,Amazon PLCC Free-Financing Universal Merchant AAT-WLBA4GZ52EAH4",False,Easy Ship,False
36743,403-8511573-7652336,04-08-22,Shipped,Amazon,Amazon.in,Expedited,SET278,SET278-KR-NP-XXXL,Set,3XL,B0983FS8GB,Shipped,1,INR,1432.0,BENGALURU,KARNATAKA,560098.0,IN,,False,,
99387,404-5779946-8294705,06-22-22,Shipped - Delivered to Buyer,Merchant,Amazon.in,Standard,SET385,SET385-KR-NP-XL,Set,XL,B09K3SJVR1,Shipped,1,INR,599.0,NEW TOWN,WEST BENGAL,700156.0,IN,"Amazon PLCC Free-Financing Universal Merchant AAT-WNKTBO3K27EJC,Amazon PLCC Free-Financing Universal Merchant AAT-QX3UCCJESKPA2,Amazon PLCC Free-Financing Universal Merchant AAT-5QQ7BIYYQEDN2,Amazon PLCC Free-Financing Universal Merchant AAT-DSJ2QRXXWXVMQ,Amazon PLCC Free-Financing Universal Merchant AAT-CXJHMC2YJUK76,Amazon PLCC Free-Financing Universal Merchant AAT-CC4FAVTYR4X7C,Amazon PLCC Free-Financing Universal Merchant AAT-EWAPBB6BDRGM6,Amazon PLCC Free-Financing Universal Merchant AAT-EOKPWFWYW7Y6I,Amazon PLCC Free-Financing Universal Merchant AAT-5SHH3G55USK5C,Amazon PLCC Free-Financing Universal Merchant AAT-5QNBXTEQWGXOW,Amazon PLCC Free-Financing Universal Merchant AAT-BOWEMQBNNNHBK,Amazon PLCC Free-Financing Universal Merchant AAT-SKYXW7T3UZBGO,Amazon PLCC Free-Financing Universal Merchant AAT-ONHQI6RQUNGB6,Amazon PLCC Free-Financing Universal Merchant AAT-7L53RVBBSPI3S,Amazon PLCC Free-Financing Universal Merchant AAT-FXGH5APHPAWRQ,Amazon PLCC Free-Financing Universal Merchant AAT-BRSZZ45H6MHAO,Amazon PLCC Free-Financing Universal Merchant AAT-MKLXOOZWQL7GO,Amazon PLCC Free-Financing Universal Merchant AAT-CB7UNXEXGIJTC,Amazon PLCC Free-Financing Universal Merchant #MP-gzasho-1593152694811,Amazon PLCC Free-Financing Universal Merchant AAT-WLBA4GZ52EAH4,Amazon PLCC Free-Financing Universal Merchant #MP-pmilan-1601980554292",False,Easy Ship,False
60350,402-3953850-5255540,05-23-22,Shipped,Amazon,Amazon.in,Expedited,JNE3739,JNE3739-KR-XXL,kurta,XXL,B099NK7Y5P,Shipped,1,INR,459.0,SECUNDERABAD,TELANGANA,500025.0,IN,,False,,False
104364,404-9129260-4749940,06-18-22,Shipped,Amazon,Amazon.in,Expedited,JNE3437,JNE3437-KR-L,kurta,L,B085HMZBP2,Shipped,1,INR,496.0,JAIPUR,RAJASTHAN,302003.0,IN,,False,,False
42741,406-7934392-6861141,04-04-22,Shipped,Amazon,Amazon.in,Expedited,SET268,SET268-KR-NP-L,Set,L,B08XQ8MCKP,Shipped,1,INR,698.0,GHAZIABAD,UTTAR PRADESH,201017.0,IN,,False,,
44801,407-2018875-9520340,04-03-22,Shipped,Amazon,Amazon.in,Expedited,JNE3405,JNE3405-KR-L,kurta,L,B081WSCKPQ,Shipped,1,INR,449.0,NOIDA,UTTAR PRADESH,201304.0,IN,IN Core Free Shipping 2015/04/08 23-48-5-108,False,,
47899,405-1088970-4625131,04-01-22,Cancelled,Amazon,Amazon.in,Expedited,JNE3311,JNE3311-KR-M,kurta,M,B07SNP2Z5V,Cancelled,0,,,Dandeli,KARNATAKA,581325.0,IN,,False,,
47399,402-1005632-7027518,04-02-22,Shipped,Amazon,Amazon.in,Expedited,SET349,SET349-KR-NP-L,Set,L,B09QJ49VD8,Shipped,1,INR,930.0,MUMBAI,MAHARASHTRA,400080.0,IN,IN Core Free Shipping 2015/04/08 23-48-5-108,False,,
5707,402-9408498-4736314,04-27-22,Shipped,Amazon,Amazon.in,Expedited,JNE3510,JNE3510-KR-M,kurta,M,B08WPR5MCB,Shipped,1,INR,442.0,HYDERABAD,TELANGANA,500016.0,IN,IN Core Free Shipping 2015/04/08 23-48-5-108,False,,
105640,408-2026829-8198758,06-17-22,Shipped,Amazon,Amazon.in,Expedited,SET014,SET014-KR-PP-XL,Set,XL,B07JPDNJTB,Shipped,1,INR,783.0,BANGALORE,KARNATAKA,560093.0,IN,,False,,False
87881,407-8913335-0021935,05-02-22,Shipped,Amazon,Amazon.in,Expedited,J0230,J0230-SKD-L,Set,L,B08XNDL1DL,Shipped,1,INR,1111.0,RAJKOT,Gujarat,360001.0,IN,IN Core Free Shipping 2015/04/08 23-48-5-108,False,,False
39421,403-5841696-3953920,04-07-22,Shipped - Delivered to Buyer,Merchant,Amazon.in,Standard,J0002,J0002-SKD-XL,Set,XL,B0894XKSM1,Shipped,1,INR,1186.0,Udaipur,RAJASTHAN,313001.0,IN,"Amazon PLCC Free-Financing Universal Merchant AAT-WNKTBO3K27EJC,Amazon PLCC Free-Financing Universal Merchant AAT-QX3UCCJESKPA2,Amazon PLCC Free-Financing Universal Merchant AAT-CXJHMC2YJUK76,Amazon PLCC Free-Financing Universal Merchant AAT-SL3Y2YRMAUNFC,Amazon PLCC Free-Financing Universal Merchant AAT-CC4FAVTYR4X7C,Amazon PLCC Free-Financing Universal Merchant AAT-XXRCW6NZEPZI4,Amazon PLCC Free-Financing Universal Merchant AAT-EOKPWFWYW7Y6I,Amazon PLCC Free-Financing Universal Merchant AAT-ZYL5UPUNW6T62,Amazon PLCC Free-Financing Universal Merchant AAT-G5ZRX4BZOIODU,Amazon PLCC Free-Financing Universal Merchant AAT-YFJA6XMAMWZSK,Amazon PLCC Free-Financing Universal Merchant AAT-K66BSCE2J2V5E,Amazon PLCC Free-Financing Universal Merchant AAT-275LMAQ3T5REI,Amazon PLCC Free-Financing Universal Merchant AAT-EPSXIT4LWLKXC,Amazon PLCC Free-Financing Universal Merchant AAT-BRSZZ45H6MHAO,Amazon PLCC Free-Financing Universal Merchant AAT-MKLXOOZWQL7GO,Amazon PLCC Free-Financing Universal Merchant AAT-CB7UNXEXGIJTC,Amazon PLCC Free-Financing Universal Merchant #MP-gzasho-1593152694811,Amazon PLCC Free-Financing Universal Merchant AAT-WLBA4GZ52EAH4,Amazon PLCC Free-Financing Universal Merchant #MP-pmilan-1601980554292",False,Easy Ship,
66221,407-7012588-9650700,05-18-22,Shipped,Amazon,Amazon.in,Expedited,SET250,SET250-KR-SHA-S,Set,S,B08WHYM2X9,Shipped,1,INR,675.0,BENGALURU,KARNATAKA,560078.0,IN,IN Core Free Shipping 2015/04/08 23-48-5-108,False,,False
88194,408-0857188-6587552,05-02-22,Shipped,Amazon,Amazon.in,Expedited,SET201,SET201-KR-NP-A-XXL,Set,XXL,B08L93NLLX,Shipped,1,INR,595.0,Indore,MADHYA PRADESH,452010.0,IN,IN Core Free Shipping 2015/04/08 23-48-5-108,False,,False
8995,404-5217051-7145926,04-25-22,Shipped - Delivered to Buyer,Merchant,Amazon.in,Standard,SET291,SET291-KR-PP-M,Set,M,B099NK55YG,Shipped,1,INR,563.0,NEW DELHI,DELHI,110019.0,IN,"Amazon PLCC Free-Financing Universal Merchant AAT-WNKTBO3K27EJC,Amazon PLCC Free-Financing Universal Merchant AAT-QX3UCCJESKPA2,Amazon PLCC Free-Financing Universal Merchant AAT-5QQ7BIYYQEDN2,Amazon PLCC Free-Financing Universal Merchant AAT-DSJ2QRXXWXVMQ,Amazon PLCC Free-Financing Universal Merchant AAT-CXJHMC2YJUK76,Amazon PLCC Free-Financing Universal Merchant AAT-CC4FAVTYR4X7C,Amazon PLCC Free-Financing Universal Merchant AAT-XXRCW6NZEPZI4,Amazon PLCC Free-Financing Universal Merchant AAT-R7GXNZWISTRFA,Amazon PLCC Free-Financing Universal Merchant AAT-EOKPWFWYW7Y6I,Amazon PLCC Free-Financing Universal Merchant AAT-ZYL5UPUNW6T62,Amazon PLCC Free-Financing Universal Merchant AAT-G5ZRX4BZOIODU,Amazon PLCC Free-Financing Universal Merchant AAT-P3CSUAK4HTEP2,Amazon PLCC Free-Financing Universal Merchant AAT-PZHUW6DZX4BPS,Amazon PLCC Free-Financing Universal Merchant AAT-ETXQ3XXWMRXBG,Amazon PLCC Free-Financing Universal Merchant AAT-TNYBHEAO7HOHO,Amazon PLCC Free-Financing Universal Merchant AAT-BRSZZ45H6MHAO,Amazon PLCC Free-Financing Universal Merchant AAT-MKLXOOZWQL7GO,Amazon PLCC Free-Financing Universal Merchant AAT-CB7UNXEXGIJTC,Amazon PLCC Free-Financing Universal Merchant #MP-gzasho-1593152694811,Amazon PLCC Free-Financing Universal Merchant AAT-WLBA4GZ52EAH4,Amazon PLCC Free-Financing Universal Merchant AAT-QMFZ3M7T5NPDS,Amazon PLCC Free-Financing Universal Merchant #MP-pmilan-1601980554292",False,Easy Ship,
65462,403-4194844-9232345,05-18-22,Cancelled,Merchant,Amazon.in,Standard,SET185,SET185-KR-NP-M,Set,M,B082Z3KF7J,,0,INR,747.62,MURAKAMBATTU,ANDHRA PRADESH,517127.0,IN,,False,Easy Ship,False
34475,408-0510913-3929137,04-10-22,Shipped,Amazon,Amazon.in,Expedited,JNE3405,JNE3405-KR-XXL,kurta,XXL,B081WSL2JS,Shipped,1,INR,399.0,"Chembur, MUMBAI",MAHARASHTRA,400071.0,IN,,False,,
73761,408-6694612-6481147,05-11-22,Cancelled,Amazon,Amazon.in,Expedited,JNE3373,JNE3373-KR-M,kurta,M,B082W8F8P3,Unshipped,1,INR,382.0,DOMBIVLI,MAHARASHTRA,421202.0,IN,,False,,False
63882,408-7764319-5397912,05-19-22,Cancelled,Merchant,Amazon.in,Standard,J0111,J0111-TP-XL,Top,XL,B092CZVBCR,,0,INR,402.86,AHMEDABAD,Gujarat,380015.0,IN,,False,Easy Ship,False
61593,404-6755693-6872349,05-22-22,Shipped - Delivered to Buyer,Merchant,Amazon.in,Standard,SET402,SET402-KR-NP-S,Set,S,B09VC6JS3X,Shipped,1,INR,988.0,ALLAHABAD,UTTAR PRADESH,211019.0,IN,"Amazon PLCC Free-Financing Universal Merchant AAT-WNKTBO3K27EJC,Amazon PLCC Free-Financing Universal Merchant AAT-QX3UCCJESKPA2,Amazon PLCC Free-Financing Universal Merchant AAT-5QQ7BIYYQEDN2,Amazon PLCC Free-Financing Universal Merchant AAT-DSJ2QRXXWXVMQ,Amazon PLCC Free-Financing Universal Merchant AAT-CXJHMC2YJUK76,Amazon PLCC Free-Financing Universal Merchant AAT-CC4FAVTYR4X7C,Amazon PLCC Free-Financing Universal Merchant AAT-FYWJCQHU2XQ2U,Amazon PLCC Free-Financing Universal Merchant AAT-EOKPWFWYW7Y6I,Amazon PLCC Free-Financing Universal Merchant AAT-URPEBMPS7TSPE,Amazon PLCC Free-Financing Universal Merchant AAT-5ZEB2OGNZ32MC,Amazon PLCC Free-Financing Universal Merchant AAT-4ZN7U6MMDFGWM,Amazon PLCC Free-Financing Universal Merchant AAT-PAWHL2EB33U42,Amazon PLCC Free-Financing Universal Merchant AAT-7WX4JYESZISLU,Amazon PLCC Free-Financing Universal Merchant AAT-CIX56SGGAWUYW,Amazon PLCC Free-Financing Universal Merchant AAT-DMQVBJASKTAHS,Amazon PLCC Free-Financing Universal Merchant AAT-QDW37TTFGOP5C,Amazon PLCC Free-Financing Universal Merchant AAT-BRSZZ45H6MHAO,Amazon PLCC Free-Financing Universal Merchant AAT-MKLXOOZWQL7GO,Amazon PLCC Free-Financing Universal Merchant AAT-CB7UNXEXGIJTC,Amazon PLCC Free-Financing Universal Merchant #MP-gzasho-1593152694811,Amazon PLCC Free-Financing Universal Merchant AAT-WLBA4GZ52EAH4",False,Easy Ship,False
112630,408-2963056-9577113,06-12-22,Shipped - Delivered to Buyer,Merchant,Amazon.in,Standard,J0283,J0283-SET-XXL,Set,XXL,B08QGNKGKY,Shipped,1,INR,0.0,IBRAHIMPATNAM,ANDHRA PRADESH,521456.0,IN,"Amazon PLCC Free-Financing Universal Merchant AAT-5QQ7BIYYQEDN2,Amazon PLCC Free-Financing Universal Merchant AAT-DSJ2QRXXWXVMQ,Amazon PLCC Free-Financing Universal Merchant AAT-EWAPBB6BDRGM6,Amazon PLCC Free-Financing Universal Merchant AAT-AMKH7SAAONETC,Amazon PLCC Free-Financing Universal Merchant AAT-56XNPXK2K7OLI,Amazon PLCC Free-Financing Universal Merchant AAT-ZBCRDPHJI4UDO,Amazon PLCC Free-Financing Universal Merchant AAT-CMBNOJYSQPOPS,Amazon PLCC Free-Financing Universal Merchant AAT-IBN3WODYJ44YC,Amazon PLCC Free-Financing Universal Merchant AAT-W2F65W44TEYES,Amazon PLCC Free-Financing Universal Merchant AAT-ZBGDWJCP6BTLE,Amazon PLCC Free-Financing Universal Merchant #MP-gzasho-1593152694811",False,Easy Ship,False
33607,406-0502159-0277913,04-10-22,Shipped,Amazon,Amazon.in,Expedited,SET316,SET316-KR-DPT-L,Set,L,B09KXVM4V6,Shipped,1,INR,1149.0,BENGALURU,KARNATAKA,560068.0,IN,,False,,
118098,S02-0931084-0177202,06-08-22,Shipped,Amazon,Non-Amazon,Standard,JNE2270,JNE2270-KR-487-A-XS,kurta,XS,B07H7D5STQ,Unshipped,1,,,Surat,Gujarat,394210.0,IN,,False,,False
18878,171-5659898-2626700,04-19-22,Shipped,Amazon,Amazon.in,Expedited,MEN5009,MEN5009-KR-M,kurta,M,B08YYX8VKT,Shipped,1,INR,499.0,NEW DELHI,DELHI,110025.0,IN,IN Core Free Shipping 2015/04/08 23-48-5-108,False,,
30594,408-4405714-0789902,04-12-22,Shipped,Amazon,Amazon.in,Expedited,JNE3618,JNE3618-KR-L,kurta,L,B091Q84CBF,Shipped,1,INR,399.0,ALLAHABAD,UTTAR PRADESH,211003.0,IN,IN Core Free Shipping 2015/04/08 23-48-5-108,False,,
102942,402-0380932-4913923,06-19-22,Shipped - Delivered to Buyer,Merchant,Amazon.in,Standard,SET394,SET394-KR-NP-XS,Set,XS,B09TH6ZKSH,Shipped,1,INR,1063.0,KOZHIKODE,KERALA,673005.0,IN,"Amazon PLCC Free-Financing Universal Merchant AAT-WNKTBO3K27EJC,Amazon PLCC Free-Financing Universal Merchant AAT-QX3UCCJESKPA2,Amazon PLCC Free-Financing Universal Merchant AAT-5QQ7BIYYQEDN2,Amazon PLCC Free-Financing Universal Merchant AAT-DSJ2QRXXWXVMQ,Amazon PLCC Free-Financing Universal Merchant AAT-CXJHMC2YJUK76,Amazon PLCC Free-Financing Universal Merchant AAT-CC4FAVTYR4X7C,Amazon PLCC Free-Financing Universal Merchant AAT-EWAPBB6BDRGM6,Amazon PLCC Free-Financing Universal Merchant AAT-WSJLDN3X7KEMO,Amazon PLCC Free-Financing Universal Merchant AAT-VL6FGQVGQVXUS,Amazon PLCC Free-Financing Universal Merchant AAT-EOKPWFWYW7Y6I,Amazon PLCC Free-Financing Universal Merchant AAT-NT3ZJJGQ3JK3Q,Amazon PLCC Free-Financing Universal Merchant AAT-6XVEGAWJUJYXG,Amazon PLCC Free-Financing Universal Merchant AAT-BOWEMQBNNNHBK,Amazon PLCC Free-Financing Universal Merchant AAT-SKYXW7T3UZBGO,Amazon PLCC Free-Financing Universal Merchant AAT-ONHQI6RQUNGB6,Amazon PLCC Free-Financing Universal Merchant AAT-7L53RVBBSPI3S,Amazon PLCC Free-Financing Universal Merchant AAT-FXGH5APHPAWRQ,Amazon PLCC Free-Financing Universal Merchant AAT-BRSZZ45H6MHAO,Amazon PLCC Free-Financing Universal Merchant AAT-MKLXOOZWQL7GO,Amazon PLCC Free-Financing Universal Merchant AAT-CB7UNXEXGIJTC,Amazon PLCC Free-Financing Universal Merchant #MP-gzasho-1593152694811,Amazon PLCC Free-Financing Universal Merchant AAT-WLBA4GZ52EAH4",False,Easy Ship,False
103398,408-6844443-2959553,06-19-22,Shipped,Amazon,Amazon.in,Expedited,SET331,SET331-KR-NP-XXL,Set,XXL,B09NQ3P98W,Shipped,1,INR,0.0,PUNE,MAHARASHTRA,411045.0,IN,,False,,False
88965,402-9757005-2693126,05-02-22,Shipped,Amazon,Amazon.in,Expedited,SET324,SET324-KR-NP-L,Set,L,B09NQ44RNV,Shipped,1,INR,597.0,Gaya,BIHAR,823001.0,IN,IN Core Free Shipping 2015/04/08 23-48-5-108,False,,False
26821,171-6142058-9276331,04-14-22,Shipped,Amazon,Amazon.in,Expedited,JNE3373,JNE3373-KR-XXL,kurta,XXL,B082W8RWN1,Shipped,1,INR,376.0,BENGALURU,KARNATAKA,560083.0,IN,,False,,
83781,406-2810837-0862735,05-04-22,Shipped - Delivered to Buyer,Merchant,Amazon.in,Standard,JNE3697,JNE3697-KR-XL,kurta,XL,B098112V2V,Shipped,1,INR,487.0,HYDERABAD,TELANGANA,500032.0,IN,"Amazon PLCC Free-Financing Universal Merchant AAT-WNKTBO3K27EJC,Amazon PLCC Free-Financing Universal Merchant AAT-QX3UCCJESKPA2,Amazon PLCC Free-Financing Universal Merchant AAT-5QQ7BIYYQEDN2,Amazon PLCC Free-Financing Universal Merchant AAT-DSJ2QRXXWXVMQ,Amazon PLCC Free-Financing Universal Merchant AAT-CXJHMC2YJUK76,Amazon PLCC Free-Financing Universal Merchant AAT-CC4FAVTYR4X7C,Amazon PLCC Free-Financing Universal Merchant AAT-FYWJCQHU2XQ2U,Amazon PLCC Free-Financing Universal Merchant AAT-EOKPWFWYW7Y6I,Amazon PLCC Free-Financing Universal Merchant AAT-URPEBMPS7TSPE,Amazon PLCC Free-Financing Universal Merchant AAT-3R6UGYISJQCKA,Amazon PLCC Free-Financing Universal Merchant AAT-TREXU6MY3SEMI,Amazon PLCC Free-Financing Universal Merchant AAT-RVL5KAXRIWHV2,Amazon PLCC Free-Financing Universal Merchant AAT-BS2QIL3ZUUJDC,Amazon PLCC Free-Financing Universal Merchant AAT-BD2QQYQLU3K3Q,Amazon PLCC Free-Financing Universal Merchant AAT-7Z5FYSWV55YJ6,Amazon PLCC Free-Financing Universal Merchant AAT-KQRYFJZLTA6E2,Amazon PLCC Free-Financing Universal Merchant AAT-F6SN46VZWQOQI,Amazon PLCC Free-Financing Universal Merchant AAT-GL6VKXK3MYVP4,Amazon PLCC Free-Financing Universal Merchant AAT-26CRLBGU7BZ4I,Amazon PLCC Free-Financing Universal Merchant AAT-EC3WUB2OYMZJY,Amazon PLCC Free-Financing Universal Merchant AAT-LLHTF3J4EFYUO,Amazon PLCC Free-Financing Universal Merchant AAT-BRSZZ45H6MHAO,Amazon PLCC Free-Financing Universal Merchant AAT-MKLXOOZWQL7GO,Amazon PLCC Free-Financing Universal Merchant AAT-CB7UNXEXGIJTC,Amazon PLCC Free-Financing Universal Merchant #MP-gzasho-1593152694811,Amazon PLCC Free-Financing Universal Merchant AAT-WLBA4GZ52EAH4,Amazon PLCC Free-Financing Universal Merchant #MP-pmilan-1601980554292",False,Easy Ship,False
32946,405-9368312-9078761,04-10-22,Shipped - Delivered to Buyer,Merchant,Amazon.in,Standard,J0005,J0005-DR-S,Western Dress,S,B08B3YK5R3,Shipped,1,INR,899.0,AHMEDABAD,Gujarat,380008.0,IN,"Amazon PLCC Free-Financing Universal Merchant AAT-WNKTBO3K27EJC,Amazon PLCC Free-Financing Universal Merchant AAT-QX3UCCJESKPA2,Amazon PLCC Free-Financing Universal Merchant AAT-CXJHMC2YJUK76,Amazon PLCC Free-Financing Universal Merchant AAT-CC4FAVTYR4X7C,Amazon PLCC Free-Financing Universal Merchant AAT-XXRCW6NZEPZI4,Amazon PLCC Free-Financing Universal Merchant AAT-R7GXNZWISTRFA,Amazon PLCC Free-Financing Universal Merchant AAT-WSJLDN3X7KEMO,Amazon PLCC Free-Financing Universal Merchant AAT-VL6FGQVGQVXUS,Amazon PLCC Free-Financing Universal Merchant AAT-EOKPWFWYW7Y6I,Amazon PLCC Free-Financing Universal Merchant AAT-ZYL5UPUNW6T62,Amazon PLCC Free-Financing Universal Merchant AAT-G5ZRX4BZOIODU,Amazon PLCC Free-Financing Universal Merchant AAT-P3CSUAK4HTEP2,Amazon PLCC Free-Financing Universal Merchant AAT-ACZIPIA37BFIY,Amazon PLCC Free-Financing Universal Merchant AAT-4UKS7UWZY3AES,Amazon PLCC Free-Financing Universal Merchant AAT-PZHUW6DZX4BPS,Amazon PLCC Free-Financing Universal Merchant AAT-BRSZZ45H6MHAO,Amazon PLCC Free-Financing Universal Merchant AAT-MKLXOOZWQL7GO,Amazon PLCC Free-Financing Universal Merchant AAT-CB7UNXEXGIJTC,Amazon PLCC Free-Financing Universal Merchant #MP-gzasho-1593152694811,Amazon PLCC Free-Financing Universal Merchant AAT-WLBA4GZ52EAH4",False,Easy Ship,
48884,407-7904992-8992306,03-31-22,Shipped,Amazon,Amazon.in,Expedited,J0281,J0281-SKD-L,Set,L,B08QGMNRBT,Shipped,1,INR,1496.0,JAGALUR,KARNATAKA,577528.0,IN,IN Core Free Shipping 2015/04/08 23-48-5-108,False,,
98390,407-4455453-0606727,06-23-22,Shipped,Amazon,Amazon.in,Expedited,J0037,J0037-KR-L,kurta,L,B089G2BFX2,Shipped,1,INR,522.0,BANGALORE,KARNATAKA,560021.0,IN,IN Core Free Shipping 2015/04/08 23-48-5-108,False,,False
81952,405-3472944-8171563,05-05-22,Shipped,Amazon,Amazon.in,Expedited,JNE3738,JNE3738-KR-S,kurta,S,B099NP12NN,Shipped,1,INR,383.0,JAIPUR,RAJASTHAN,303702.0,IN,IN Core Free Shipping 2015/04/08 23-48-5-108,False,,False
28970,407-9026165-9789947,04-13-22,Shipped - Delivered to Buyer,Merchant,Amazon.in,Standard,SET347,SET347-KR-NP-XS,Set,XS,B09RKFBMYD,Shipped,1,INR,852.0,ANAND,Gujarat,388001.0,IN,"Amazon PLCC Free-Financing Universal Merchant AAT-WNKTBO3K27EJC,Amazon PLCC Free-Financing Universal Merchant AAT-QX3UCCJESKPA2,Amazon PLCC Free-Financing Universal Merchant AAT-CXJHMC2YJUK76,Amazon PLCC Free-Financing Universal Merchant AAT-CC4FAVTYR4X7C,Amazon PLCC Free-Financing Universal Merchant AAT-XXRCW6NZEPZI4,Amazon PLCC Free-Financing Universal Merchant AAT-EOKPWFWYW7Y6I,Amazon PLCC Free-Financing Universal Merchant AAT-ZYL5UPUNW6T62,Amazon PLCC Free-Financing Universal Merchant AAT-G5ZRX4BZOIODU,Amazon PLCC Free-Financing Universal Merchant AAT-PZHUW6DZX4BPS,Amazon PLCC Free-Financing Universal Merchant AAT-BRSZZ45H6MHAO,Amazon PLCC Free-Financing Universal Merchant AAT-MKLXOOZWQL7GO,Amazon PLCC Free-Financing Universal Merchant AAT-CB7UNXEXGIJTC,Amazon PLCC Free-Financing Universal Merchant #MP-gzasho-1593152694811,Amazon PLCC Free-Financing Universal Merchant AAT-WLBA4GZ52EAH4,Amazon PLCC Free-Financing Universal Merchant #MP-pmilan-1601980554292",False,Easy Ship,
104499,406-0238900-5432371,06-18-22,Shipped,Amazon,Amazon.in,Expedited,JNE3865,JNE3865-TP-S,Top,S,B09TZRLNW1,Shipped,1,INR,498.0,SURAT,Gujarat,395010.0,IN,VPC-44571-44201687 Coupon,False,,False
125607,405-5810165-0735561,06-03-22,Shipped,Amazon,Amazon.in,Expedited,JNE3567,JNE3567-KR-M,kurta,M,B08KRXV1QR,Shipped,1,INR,399.0,KOCHI,KERALA,682508.0,IN,IN Core Free Shipping 2015/04/08 23-48-5-108,False,,False
48947,408-8249714-7769118,03-31-22,Shipped,Amazon,Amazon.in,Expedited,SET044,SET044-KR-NP-S,Set,S,B07Q2M4W2P,Shipped,1,INR,542.0,PALAKKAD,KERALA,678005.0,IN,IN Core Free Shipping 2015/04/08 23-48-5-108,False,,
98929,171-3880729-0660310,06-22-22,Shipped - Delivered to Buyer,Merchant,Amazon.in,Standard,SET319,SET319-KR-NP-XXL,Set,XXL,B09KXT2VYT,Shipped,1,INR,852.0,MUDBIDRI,KARNATAKA,574227.0,IN,"Amazon PLCC Free-Financing Universal Merchant AAT-WNKTBO3K27EJC,Amazon PLCC Free-Financing Universal Merchant AAT-QX3UCCJESKPA2,Amazon PLCC Free-Financing Universal Merchant AAT-5QQ7BIYYQEDN2,Amazon PLCC Free-Financing Universal Merchant AAT-DSJ2QRXXWXVMQ,Amazon PLCC Free-Financing Universal Merchant AAT-CXJHMC2YJUK76,Amazon PLCC Free-Financing Universal Merchant AAT-CC4FAVTYR4X7C,Amazon PLCC Free-Financing Universal Merchant AAT-EWAPBB6BDRGM6,Amazon PLCC Free-Financing Universal Merchant AAT-EOKPWFWYW7Y6I,Amazon PLCC Free-Financing Universal Merchant AAT-3CSO6PTXOFDTO,Amazon PLCC Free-Financing Universal Merchant AAT-NT3ZJJGQ3JK3Q,Amazon PLCC Free-Financing Universal Merchant AAT-5SHH3G55USK5C,Amazon PLCC Free-Financing Universal Merchant AAT-6XVEGAWJUJYXG,Amazon PLCC Free-Financing Universal Merchant AAT-BOWEMQBNNNHBK,Amazon PLCC Free-Financing Universal Merchant AAT-SKYXW7T3UZBGO,Amazon PLCC Free-Financing Universal Merchant AAT-ONHQI6RQUNGB6,Amazon PLCC Free-Financing Universal Merchant AAT-7L53RVBBSPI3S,Amazon PLCC Free-Financing Universal Merchant AAT-FXGH5APHPAWRQ,Amazon PLCC Free-Financing Universal Merchant AAT-TNYBHEAO7HOHO,Amazon PLCC Free-Financing Universal Merchant AAT-BRSZZ45H6MHAO,Amazon PLCC Free-Financing Universal Merchant AAT-MKLXOOZWQL7GO,Amazon PLCC Free-Financing Universal Merchant AAT-CB7UNXEXGIJTC,Amazon PLCC Free-Financing Universal Merchant #MP-gzasho-1593152694811,Amazon PLCC Free-Financing Universal Merchant AAT-WLBA4GZ52EAH4,Amazon PLCC Free-Financing Universal Merchant AAT-QMFZ3M7T5NPDS,Amazon PLCC Free-Financing Universal Merchant #MP-pmilan-1601980554292",False,Easy Ship,False
78039,406-2993720-4364348,05-08-22,Shipped,Amazon,Amazon.in,Expedited,J0335,J0335-DR-XL,Western Dress,XL,B09831P2JC,Shipped,1,INR,940.0,PUNE,MAHARASHTRA,411045.0,IN,,False,,False
22550,403-6357949-9373917,04-17-22,Shipped,Amazon,Amazon.in,Expedited,SET274,SET274-KR-PP-M,Set,M,B099NKCVH4,Shipped,1,INR,682.0,UDAIPUR,RAJASTHAN,313001.0,IN,IN Core Free Shipping 2015/04/08 23-48-5-108,False,,
38331,404-9242701-3708341,04-07-22,Cancelled,Merchant,Amazon.in,Standard,JNE3794,JNE3794-KR-M,kurta,M,B09HMVWDN3,,0,,,DODAMARG,MAHARASHTRA,416512.0,IN,,False,Easy Ship,
116027,171-4354435-6301120,06-09-22,Shipped - Delivered to Buyer,Merchant,Amazon.in,Standard,SET293,SET293-KR-NP-M,Set,M,B09K3LJWBB,Shipped,1,INR,702.0,KANPUR,UTTAR PRADESH,208025.0,IN,"Amazon PLCC Free-Financing Universal Merchant AAT-WNKTBO3K27EJC,Amazon PLCC Free-Financing Universal Merchant AAT-QX3UCCJESKPA2,Amazon PLCC Free-Financing Universal Merchant AAT-5QQ7BIYYQEDN2,Amazon PLCC Free-Financing Universal Merchant AAT-DSJ2QRXXWXVMQ,Amazon PLCC Free-Financing Universal Merchant AAT-CXJHMC2YJUK76,Amazon PLCC Free-Financing Universal Merchant AAT-CC4FAVTYR4X7C,Amazon PLCC Free-Financing Universal Merchant AAT-EWAPBB6BDRGM6,Amazon PLCC Free-Financing Universal Merchant AAT-R7GXNZWISTRFA,Amazon PLCC Free-Financing Universal Merchant AAT-EOKPWFWYW7Y6I,Amazon PLCC Free-Financing Universal Merchant AAT-CZ6WQJLMP6SRC,Amazon PLCC Free-Financing Universal Merchant AAT-NT3ZJJGQ3JK3Q,Amazon PLCC Free-Financing Universal Merchant AAT-ATCR5763CN6Q6,Amazon PLCC Free-Financing Universal Merchant AAT-6XVEGAWJUJYXG,Amazon PLCC Free-Financing Universal Merchant AAT-ZBCRDPHJI4UDO,Amazon PLCC Free-Financing Universal Merchant AAT-CMBNOJYSQPOPS,Amazon PLCC Free-Financing Universal Merchant AAT-IBN3WODYJ44YC,Amazon PLCC Free-Financing Universal Merchant AAT-W2F65W44TEYES,Amazon PLCC Free-Financing Universal Merchant AAT-ZBGDWJCP6BTLE,Amazon PLCC Free-Financing Universal Merchant AAT-BOWEMQBNNNHBK,Amazon PLCC Free-Financing Universal Merchant AAT-SKYXW7T3UZBGO,Amazon PLCC Free-Financing Universal Merchant AAT-BRSZZ45H6MHAO,Amazon PLCC Free-Financing Universal Merchant AAT-MKLXOOZWQL7GO,Amazon PLCC Free-Financing Universal Merchant AAT-CB7UNXEXGIJTC,Amazon PLCC Free-Financing Universal Merchant #MP-gzasho-1593152694811,Amazon PLCC Free-Financing Universal Merchant AAT-WLBA4GZ52EAH4",False,Easy Ship,False
59082,405-0891401-8965127,05-24-22,Shipped - Delivered to Buyer,Merchant,Amazon.in,Standard,J0090,J0090-TP-S,Top,S,B092D3276L,Shipped,1,INR,539.0,MUMBAI,MAHARASHTRA,400075.0,IN,"Amazon PLCC Free-Financing Universal Merchant AAT-WNKTBO3K27EJC,Amazon PLCC Free-Financing Universal Merchant AAT-QX3UCCJESKPA2,Amazon PLCC Free-Financing Universal Merchant AAT-5QQ7BIYYQEDN2,Amazon PLCC Free-Financing Universal Merchant AAT-DSJ2QRXXWXVMQ,Amazon PLCC Free-Financing Universal Merchant AAT-CXJHMC2YJUK76,Amazon PLCC Free-Financing Universal Merchant AAT-CC4FAVTYR4X7C,Amazon PLCC Free-Financing Universal Merchant AAT-FYWJCQHU2XQ2U,Amazon PLCC Free-Financing Universal Merchant AAT-R7GXNZWISTRFA,Amazon PLCC Free-Financing Universal Merchant AAT-EOKPWFWYW7Y6I,Amazon PLCC Free-Financing Universal Merchant AAT-URPEBMPS7TSPE,Amazon PLCC Free-Financing Universal Merchant AAT-L2DLP5YGE5766,Amazon PLCC Free-Financing Universal Merchant AAT-5ZEB2OGNZ32MC,Amazon PLCC Free-Financing Universal Merchant AAT-4ZN7U6MMDFGWM,Amazon PLCC Free-Financing Universal Merchant AAT-PAWHL2EB33U42,Amazon PLCC Free-Financing Universal Merchant AAT-7WX4JYESZISLU,Amazon PLCC Free-Financing Universal Merchant AAT-CIX56SGGAWUYW,Amazon PLCC Free-Financing Universal Merchant AAT-DMQVBJASKTAHS,Amazon PLCC Free-Financing Universal Merchant AAT-BRSZZ45H6MHAO,Amazon PLCC Free-Financing Universal Merchant AAT-MKLXOOZWQL7GO,Amazon PLCC Free-Financing Universal Merchant AAT-CB7UNXEXGIJTC,Amazon PLCC Free-Financing Universal Merchant #MP-gzasho-1593152694811,Amazon PLCC Free-Financing Universal Merchant AAT-WLBA4GZ52EAH4",False,Easy Ship,False
80778,406-3049686-2737144,05-06-22,Shipped,Amazon,Amazon.in,Expedited,SET398,SET398-KR-PP-XXXL,Set,3XL,B09RPJD74Z,Shipped,1,INR,1115.0,NEW DELHI,DELHI,110048.0,IN,IN Core Free Shipping 2015/04/08 23-48-5-108,False,,False
72634,403-3868045-9540300,05-12-22,Shipped,Amazon,Amazon.in,Expedited,JNE3784,JNE3784-KR-XL,kurta,XL,B09K3S4P57,Shipped,1,INR,517.0,Gorakhpur,UTTAR PRADESH,273003.0,IN,IN Core Free Shipping 2015/04/08 23-48-5-108,False,,False
63104,408-8116602-8442715,05-20-22,Shipped,Amazon,Amazon.in,Expedited,JNE3800,JNE3800-KR-L,Western Dress,L,B09SDXWNPZ,Shipped,1,INR,771.0,BENGALURU,KARNATAKA,560037.0,IN,IN Core Free Shipping 2015/04/08 23-48-5-108,False,,False
97685,402-1574283-2746740,06-23-22,Cancelled,Amazon,Amazon.in,Expedited,JNE3611,JNE3611-KR-L,kurta,L,B08XVQMSJV,Cancelled,0,,,Dombivli,MAHARASHTRA,421201.0,IN,,False,,False
124152,405-3008485-4951533,06-04-22,Shipped,Amazon,Amazon.in,Expedited,SET220,SET220-KR-PP-XL,Set,XL,B08MXFTM5W,Shipped,1,INR,1137.0,MOVVA. Mandal,ANDHRA PRADESH,521136.0,IN,,False,,False
124193,403-3799175-5073931,06-04-22,Shipped,Amazon,Amazon.in,Expedited,JNE3722,JNE3722-KR-XL,kurta,XL,B09BQDLN22,Shipped,1,INR,301.0,MEHNAGAR AZAMGARH,UTTAR PRADESH,276204.0,IN,Duplicated A12RHGVGRWOT3S 1560498941486,False,,False
4060,406-7697848-0400341,04-28-22,Shipped,Amazon,Amazon.in,Expedited,JNE3645,JNE3645-TP-N-XL,Top,XL,B08ZHQ7W7T,Shipped,1,INR,432.0,KOLKATA,WEST BENGAL,700104.0,IN,,False,,
116151,402-7652921-7222735,06-09-22,Shipped,Amazon,Amazon.in,Expedited,SET331,SET331-KR-NP-XXXL,Set,3XL,B09NQ4C51C,Shipped,1,INR,635.0,PUNE,MAHARASHTRA,411021.0,IN,IN Core Free Shipping 2015/04/08 23-48-5-108,False,,False
128837,408-4237588-2626757,06-01-22,Shipped,Amazon,Amazon.in,Expedited,J0244,J0244-SKD-L,Set,L,B0925WM8Z6,Shipped,1,INR,0.0,HYDERABAD,TELANGANA,500034.0,IN,,False,,False
54767,407-5302674-5593958,05-27-22,Shipped,Amazon,Amazon.in,Expedited,SET328,SET328-KR-NP-XL,Set,XL,B09K3F6Y89,Shipped,1,INR,545.0,NOIDA,UTTAR PRADESH,201304.0,IN,,False,,False
82854,405-7350104-6322712,05-05-22,Cancelled,Amazon,Amazon.in,Expedited,J0004,J0004-SKD-M,Set,M,B0894YPTQT,Cancelled,0,,,CHAKIA,BIHAR,845412.0,IN,,False,,False
78458,407-1788791-1781154,05-08-22,Shipped - Delivered to Buyer,Merchant,Amazon.in,Standard,J0401,J0401-DR-XS,Western Dress,XS,B09SDXYWYN,Shipped,1,INR,832.0,LUCKNOW,UTTAR PRADESH,226016.0,IN,"Amazon PLCC Free-Financing Universal Merchant AAT-WNKTBO3K27EJC,Amazon PLCC Free-Financing Universal Merchant AAT-QX3UCCJESKPA2,Amazon PLCC Free-Financing Universal Merchant AAT-5QQ7BIYYQEDN2,Amazon PLCC Free-Financing Universal Merchant AAT-DSJ2QRXXWXVMQ,Amazon PLCC Free-Financing Universal Merchant AAT-CXJHMC2YJUK76,Amazon PLCC Free-Financing Universal Merchant AAT-SL3Y2YRMAUNFC,Amazon PLCC Free-Financing Universal Merchant AAT-CC4FAVTYR4X7C,Amazon PLCC Free-Financing Universal Merchant AAT-FYWJCQHU2XQ2U,Amazon PLCC Free-Financing Universal Merchant AAT-EOKPWFWYW7Y6I,Amazon PLCC Free-Financing Universal Merchant AAT-URPEBMPS7TSPE,Amazon PLCC Free-Financing Universal Merchant AAT-3R6UGYISJQCKA,Amazon PLCC Free-Financing Universal Merchant AAT-TREXU6MY3SEMI,Amazon PLCC Free-Financing Universal Merchant AAT-CPIZVVXYOLZ5S,Amazon PLCC Free-Financing Universal Merchant AAT-BS2QIL3ZUUJDC,Amazon PLCC Free-Financing Universal Merchant AAT-BD2QQYQLU3K3Q,Amazon PLCC Free-Financing Universal Merchant AAT-7Z5FYSWV55YJ6,Amazon PLCC Free-Financing Universal Merchant AAT-KQRYFJZLTA6E2,Amazon PLCC Free-Financing Universal Merchant AAT-F6SN46VZWQOQI,Amazon PLCC Free-Financing Universal Merchant AAT-GL6VKXK3MYVP4,Amazon PLCC Free-Financing Universal Merchant AAT-26CRLBGU7BZ4I,Amazon PLCC Free-Financing Universal Merchant AAT-EC3WUB2OYMZJY,Amazon PLCC Free-Financing Universal Merchant AAT-LLHTF3J4EFYUO,Amazon PLCC Free-Financing Universal Merchant AAT-BRSZZ45H6MHAO,Amazon PLCC Free-Financing Universal Merchant AAT-MKLXOOZWQL7GO,Amazon PLCC Free-Financing Universal Merchant AAT-CB7UNXEXGIJTC,Amazon PLCC Free-Financing Universal Merchant #MP-gzasho-1593152694811,Amazon PLCC Free-Financing Universal Merchant AAT-WLBA4GZ52EAH4,Amazon PLCC Free-Financing Universal Merchant #MP-pmilan-1601980554292",False,Easy Ship,False
29944,404-5978429-2164349,04-12-22,Shipped,Amazon,Amazon.in,Expedited,JNE3578,JNE3578-KR-XL,kurta,XL,B08QJKPYCS,Shipped,1,INR,612.0,CHENNAI,TAMIL NADU,600061.0,IN,,False,,
447,407-4283259-6933941,04-30-22,Shipped,Amazon,Amazon.in,Expedited,JNE3470,JNE3470-KR-XS,kurta,XS,B08W9G1YSB,Shipped,1,INR,329.0,VELLORE,TAMIL NADU,632004.0,IN,,False,,
58428,171-9849242-1365942,05-24-22,Shipped,Amazon,Amazon.in,Expedited,JNE3757,JNE3757-KR-XL,kurta,XL,B099F9QW3K,Shipped,1,INR,487.0,CHENNAI,TAMIL NADU,600073.0,IN,IN Core Free Shipping 2015/04/08 23-48-5-108,False,,False
64030,404-2734516-5983515,05-19-22,Shipped - Returned to Seller,Merchant,Amazon.in,Standard,JNE3749,JNE3749-KR-XL,kurta,XL,B09K3WVV5F,Shipped,1,INR,469.0,HYDERABAD,TELANGANA,500089.0,IN,"Amazon PLCC Free-Financing Universal Merchant AAT-WNKTBO3K27EJC,Amazon PLCC Free-Financing Universal Merchant AAT-QX3UCCJESKPA2,Amazon PLCC Free-Financing Universal Merchant AAT-5QQ7BIYYQEDN2,Amazon PLCC Free-Financing Universal Merchant AAT-DSJ2QRXXWXVMQ,Amazon PLCC Free-Financing Universal Merchant AAT-CXJHMC2YJUK76,Amazon PLCC Free-Financing Universal Merchant AAT-CC4FAVTYR4X7C,Amazon PLCC Free-Financing Universal Merchant AAT-FYWJCQHU2XQ2U,Amazon PLCC Free-Financing Universal Merchant AAT-EOKPWFWYW7Y6I,Amazon PLCC Free-Financing Universal Merchant AAT-URPEBMPS7TSPE,Amazon PLCC Free-Financing Universal Merchant AAT-5ZEB2OGNZ32MC,Amazon PLCC Free-Financing Universal Merchant AAT-BAO77QKKMJQIM,Amazon PLCC Free-Financing Universal Merchant AAT-4ZN7U6MMDFGWM,Amazon PLCC Free-Financing Universal Merchant AAT-PAWHL2EB33U42,Amazon PLCC Free-Financing Universal Merchant AAT-7WX4JYESZISLU,Amazon PLCC Free-Financing Universal Merchant AAT-CIX56SGGAWUYW,Amazon PLCC Free-Financing Universal Merchant AAT-DMQVBJASKTAHS,Amazon PLCC Free-Financing Universal Merchant AAT-BRSZZ45H6MHAO,Amazon PLCC Free-Financing Universal Merchant AAT-MKLXOOZWQL7GO,Amazon PLCC Free-Financing Universal Merchant AAT-CB7UNXEXGIJTC,Amazon PLCC Free-Financing Universal Merchant #MP-gzasho-1593152694811,Amazon PLCC Free-Financing Universal Merchant AAT-WLBA4GZ52EAH4",False,Easy Ship,False
11232,405-5787260-2512351,04-23-22,Shipped,Amazon,Amazon.in,Expedited,JNE3870,JNE3870-DR-XXXL,Western Dress,3XL,B09RK7CGHJ,Shipped,1,INR,721.0,CHANDIGARH,CHANDIGARH,160036.0,IN,IN Core Free Shipping 2015/04/08 23-48-5-108,False,,
12071,403-5724421-8494761,04-23-22,Shipped,Amazon,Amazon.in,Expedited,JNE3449,JNE3449-KR-L,kurta,L,B08BFQBFX3,Shipped,1,INR,319.0,JABALPUR,MADHYA PRADESH,482001.0,IN,,False,,
82483,402-3450895-4691516,05-05-22,Shipped,Amazon,Amazon.in,Expedited,SET197,SET197-KR-NP-L,Set,L,B08B3YPD63,Shipped,1,INR,759.0,Hyderabad,TELANGANA,500085.0,IN,,False,,False
45193,407-9722349-2616319,04-03-22,Shipped,Amazon,Amazon.in,Expedited,JNE3813,JNE3813-KR-XL,kurta,XL,B09SDYX29F,Shipped,1,INR,627.0,Ahemdabad,Gujarat,382213.0,IN,IN Core Free Shipping 2015/04/08 23-48-5-108,False,,
48019,402-3215188-3221118,04-01-22,Shipped,Amazon,Amazon.in,Expedited,JNE3546,JNE3546-KR-L,kurta,L,B08HHJRFQP,Shipped,1,INR,481.0,Tinsukia,ASSAM,786189.0,IN,IN Core Free Shipping 2015/04/08 23-48-5-108,False,,
108488,408-1807196-0811532,06-14-22,Shipped,Amazon,Amazon.in,Expedited,SET253,SET253-KR-NP-S,Set,S,B08WJ2YNM8,Shipped,1,INR,699.0,PUTTUR,KARNATAKA,574202.0,IN,IN Core Free Shipping 2015/04/08 23-48-5-108,False,,False
98819,408-1802490-3721111,06-22-22,Shipped - Delivered to Buyer,Merchant,Amazon.in,Standard,JNE1977,JNE1977-KR-237-XS,kurta,XS,B07FXGWSHQ,Shipped,1,INR,301.0,BENGALURU,KARNATAKA,560071.0,IN,"Amazon PLCC Free-Financing Universal Merchant AAT-WNKTBO3K27EJC,Amazon PLCC Free-Financing Universal Merchant AAT-QX3UCCJESKPA2,Amazon PLCC Free-Financing Universal Merchant AAT-5QQ7BIYYQEDN2,Amazon PLCC Free-Financing Universal Merchant AAT-DSJ2QRXXWXVMQ,Amazon PLCC Free-Financing Universal Merchant AAT-CXJHMC2YJUK76,Amazon PLCC Free-Financing Universal Merchant AAT-CC4FAVTYR4X7C,Amazon PLCC Free-Financing Universal Merchant AAT-EWAPBB6BDRGM6,Amazon PLCC Free-Financing Universal Merchant AAT-EOKPWFWYW7Y6I,Amazon PLCC Free-Financing Universal Merchant AAT-3CSO6PTXOFDTO,Amazon PLCC Free-Financing Universal Merchant AAT-NT3ZJJGQ3JK3Q,Amazon PLCC Free-Financing Universal Merchant AAT-6XVEGAWJUJYXG,Amazon PLCC Free-Financing Universal Merchant AAT-BOWEMQBNNNHBK,Amazon PLCC Free-Financing Universal Merchant AAT-SKYXW7T3UZBGO,Amazon PLCC Free-Financing Universal Merchant AAT-ONHQI6RQUNGB6,Amazon PLCC Free-Financing Universal Merchant AAT-7L53RVBBSPI3S,Amazon PLCC Free-Financing Universal Merchant AAT-FXGH5APHPAWRQ,Amazon PLCC Free-Financing Universal Merchant AAT-BRSZZ45H6MHAO,Amazon PLCC Free-Financing Universal Merchant AAT-MKLXOOZWQL7GO,Amazon PLCC Free-Financing Universal Merchant AAT-CB7UNXEXGIJTC,Amazon PLCC Free-Financing Universal Merchant #MP-gzasho-1593152694811,Amazon PLCC Free-Financing Universal Merchant AAT-WLBA4GZ52EAH4,Amazon PLCC Free-Financing Universal Merchant #MP-pmilan-1601980554292",False,Easy Ship,False
93989,406-4722464-2896323,06-27-22,Shipped,Amazon,Amazon.in,Expedited,SET444,SET444-KR-SH-S,Set,S,B0B3NB1765,Shipped,1,INR,899.0,PATTUKKOTTAI,TAMIL NADU,614601.0,IN,IN Core Free Shipping 2015/04/08 23-48-5-108,False,,False
34991,402-7398150-4987547,04-09-22,Shipped,Amazon,Amazon.in,Expedited,JNE3405,JNE3405-KR-L,kurta,L,B081WSCKPQ,Shipped,1,INR,399.0,hyderabad,TELANGANA,500039.0,IN,IN Core Free Shipping 2015/04/08 23-48-5-108,False,,
40331,402-6376623-2640313,04-06-22,Cancelled,Merchant,Amazon.in,Standard,SET331,SET331-KR-NP-M,Set,M,B09NQ3TN2T,,0,,,MYSURU,KARNATAKA,570017.0,IN,,False,Easy Ship,
126360,171-0321853-0486731,06-02-22,Shipped,Amazon,Amazon.in,Expedited,J0230,J0230-SKD-L,Set,L,B08XNDL1DL,Shipped,1,INR,1319.0,NAGPUR,MAHARASHTRA,440015.0,IN,IN Core Free Shipping 2015/04/08 23-48-5-108,False,,False
84017,402-5556272-8360309,05-04-22,Shipped,Amazon,Amazon.in,Expedited,JNE3399,JNE3399-KR-L,kurta,L,B082W8354V,Shipped,1,INR,435.0,BENGALURU,KARNATAKA,560077.0,IN,,False,,False
21103,404-5353827-4441116,04-18-22,Shipped - Delivered to Buyer,Merchant,Amazon.in,Standard,J0339,J0339-DR-XXXL,Western Dress,3XL,B09831N6TV,Shipped,1,INR,744.0,PUNE,MAHARASHTRA,411030.0,IN,"Amazon PLCC Free-Financing Universal Merchant AAT-WNKTBO3K27EJC,Amazon PLCC Free-Financing Universal Merchant AAT-QX3UCCJESKPA2,Amazon PLCC Free-Financing Universal Merchant AAT-CXJHMC2YJUK76,Amazon PLCC Free-Financing Universal Merchant AAT-SL3Y2YRMAUNFC,Amazon PLCC Free-Financing Universal Merchant AAT-CC4FAVTYR4X7C,Amazon PLCC Free-Financing Universal Merchant AAT-XXRCW6NZEPZI4,Amazon PLCC Free-Financing Universal Merchant AAT-R7GXNZWISTRFA,Amazon PLCC Free-Financing Universal Merchant AAT-EOKPWFWYW7Y6I,Amazon PLCC Free-Financing Universal Merchant AAT-ZYL5UPUNW6T62,Amazon PLCC Free-Financing Universal Merchant AAT-G5ZRX4BZOIODU,Amazon PLCC Free-Financing Universal Merchant AAT-P3CSUAK4HTEP2,Amazon PLCC Free-Financing Universal Merchant AAT-PZHUW6DZX4BPS,Amazon PLCC Free-Financing Universal Merchant AAT-XX7G3ZRJJJ5LG,Amazon PLCC Free-Financing Universal Merchant AAT-LEHCKNDBJG64E,Amazon PLCC Free-Financing Universal Merchant AAT-DJVHCEV7D7RQY,Amazon PLCC Free-Financing Universal Merchant AAT-TNYBHEAO7HOHO,Amazon PLCC Free-Financing Universal Merchant AAT-BRSZZ45H6MHAO,Amazon PLCC Free-Financing Universal Merchant AAT-MKLXOOZWQL7GO,Amazon PLCC Free-Financing Universal Merchant AAT-CB7UNXEXGIJTC,Amazon PLCC Free-Financing Universal Merchant #MP-gzasho-1593152694811,Amazon PLCC Free-Financing Universal Merchant AAT-WLBA4GZ52EAH4,Amazon PLCC Free-Financing Universal Merchant AAT-QMFZ3M7T5NPDS,Amazon PLCC Free-Financing Universal Merchant #MP-pmilan-1601980554292",False,Easy Ship,
70060,403-1832581-2547546,05-15-22,Shipped,Amazon,Amazon.in,Expedited,J0097,J0097-KR-M,kurta,M,B08BJT3PSM,Shipped,1,INR,568.0,BENGALURU,KARNATAKA,560035.0,IN,,False,,False
46735,406-0116336-3012309,04-02-22,Shipped,Amazon,Amazon.in,Expedited,JNE3468,JNE3468-KR-XL,kurta,XL,B08RP67NGB,Shipped,1,INR,349.0,NEW DELHI,DELHI,110052.0,IN,,False,,
21111,407-4972416-6746768,04-18-22,Shipped,Amazon,Amazon.in,Expedited,JNE3518,JNE3518-KR-M,kurta,M,B08XW581QN,Shipped,1,INR,487.0,RAICHUR,KARNATAKA,584101.0,IN,,False,,
78403,402-7675725-9461151,05-08-22,Cancelled,Merchant,Amazon.in,Standard,JNE3797,JNE3797-KR-XXXL,Western Dress,3XL,B09SDY4VDC,,0,INR,700.0,NASHIK,MAHARASHTRA,422001.0,IN,,False,Easy Ship,False
14231,402-3462930-2512335,04-22-22,Cancelled,Amazon,Amazon.in,Expedited,JNE3784,JNE3784-KR-XXL,kurta,XXL,B09K3XZC3J,Cancelled,0,,,PIMPRI CHINCHWAD,MAHARASHTRA,412101.0,IN,,False,,
59581,404-0746908-4130767,05-23-22,Shipped,Amazon,Amazon.in,Expedited,JNE3619,JNE3619-KR-XL,kurta,XL,B091Q8YDPP,Shipped,1,INR,301.0,NEW DELHI,DELHI,110059.0,IN,,False,,False
88585,408-5212155-5685116,05-02-22,Shipped,Amazon,Amazon.in,Expedited,JNE3607,JNE3607-KR-XXXL,kurta,3XL,B08TH21TCJ,Shipped,1,INR,471.0,CHAKAN,MAHARASHTRA,410501.0,IN,,False,,False
66158,403-7006513-5380322,05-18-22,Shipped - Delivered to Buyer,Merchant,Amazon.in,Standard,JNE3616,JNE3616-KR-XS,kurta,XS,B09814Q41H,Shipped,1,INR,320.0,Burhanpur,MADHYA PRADESH,450331.0,IN,"Amazon PLCC Free-Financing Universal Merchant AAT-WNKTBO3K27EJC,Amazon PLCC Free-Financing Universal Merchant AAT-QX3UCCJESKPA2,Amazon PLCC Free-Financing Universal Merchant AAT-5QQ7BIYYQEDN2,Amazon PLCC Free-Financing Universal Merchant AAT-DSJ2QRXXWXVMQ,Amazon PLCC Free-Financing Universal Merchant AAT-CXJHMC2YJUK76,Amazon PLCC Free-Financing Universal Merchant AAT-CC4FAVTYR4X7C,Amazon PLCC Free-Financing Universal Merchant AAT-FYWJCQHU2XQ2U,Amazon PLCC Free-Financing Universal Merchant AAT-R7GXNZWISTRFA,Amazon PLCC Free-Financing Universal Merchant AAT-EOKPWFWYW7Y6I,Amazon PLCC Free-Financing Universal Merchant AAT-URPEBMPS7TSPE,Amazon PLCC Free-Financing Universal Merchant AAT-L2DLP5YGE5766,Amazon PLCC Free-Financing Universal Merchant AAT-5ZEB2OGNZ32MC,Amazon PLCC Free-Financing Universal Merchant AAT-YZ2VQO2YM6YYM,Amazon PLCC Free-Financing Universal Merchant AAT-4EOBCMLXMLDGY,Amazon PLCC Free-Financing Universal Merchant AAT-UB6CYNTOQMM7C,Amazon PLCC Free-Financing Universal Merchant AAT-TNYBHEAO7HOHO,Amazon PLCC Free-Financing Universal Merchant AAT-BRSZZ45H6MHAO,Amazon PLCC Free-Financing Universal Merchant AAT-MKLXOOZWQL7GO,Amazon PLCC Free-Financing Universal Merchant AAT-CB7UNXEXGIJTC,Amazon PLCC Free-Financing Universal Merchant #MP-gzasho-1593152694811,Amazon PLCC Free-Financing Universal Merchant AAT-WLBA4GZ52EAH4,Amazon PLCC Free-Financing Universal Merchant AAT-QMFZ3M7T5NPDS,Amazon PLCC Free-Financing Universal Merchant #MP-pmilan-1601980554292",False,Easy Ship,False
55947,404-5288616-1357102,05-26-22,Shipped,Amazon,Amazon.in,Expedited,J0416,J0416-DR-XL,Western Dress,XL,B09TY14PVB,Shipped,1,INR,825.0,KOLKATA,WEST BENGAL,700043.0,IN,IN Core Free Shipping 2015/04/08 23-48-5-108,False,,False
4281,406-1183782-6673112,04-28-22,Shipped,Amazon,Amazon.in,Expedited,JNE3810,JNE3810-KR-XL,kurta,XL,B09RKD4R6C,Shipped,1,INR,696.0,GHAZIABAD,UTTAR PRADESH,201005.0,IN,IN Core Free Shipping 2015/04/08 23-48-5-108,False,,
29135,405-5101507-5330744,04-13-22,Shipped - Delivered to Buyer,Merchant,Amazon.in,Standard,NW029,NW029-ST-SR-XS,Set,XS,B0922RKG6S,Shipped,1,INR,474.0,THANE,MAHARASHTRA,401107.0,IN,"Amazon PLCC Free-Financing Universal Merchant AAT-WNKTBO3K27EJC,Amazon PLCC Free-Financing Universal Merchant AAT-QX3UCCJESKPA2,Amazon PLCC Free-Financing Universal Merchant AAT-CXJHMC2YJUK76,Amazon PLCC Free-Financing Universal Merchant AAT-CC4FAVTYR4X7C,Amazon PLCC Free-Financing Universal Merchant AAT-XXRCW6NZEPZI4,Amazon PLCC Free-Financing Universal Merchant AAT-EOKPWFWYW7Y6I,Amazon PLCC Free-Financing Universal Merchant AAT-ZYL5UPUNW6T62,Amazon PLCC Free-Financing Universal Merchant AAT-G5ZRX4BZOIODU,Amazon PLCC Free-Financing Universal Merchant AAT-PZHUW6DZX4BPS,Amazon PLCC Free-Financing Universal Merchant AAT-TNYBHEAO7HOHO,Amazon PLCC Free-Financing Universal Merchant AAT-BRSZZ45H6MHAO,Amazon PLCC Free-Financing Universal Merchant AAT-MKLXOOZWQL7GO,Amazon PLCC Free-Financing Universal Merchant AAT-CB7UNXEXGIJTC,Amazon PLCC Free-Financing Universal Merchant #MP-gzasho-1593152694811,Amazon PLCC Free-Financing Universal Merchant AAT-WLBA4GZ52EAH4,Amazon PLCC Free-Financing Universal Merchant AAT-QMFZ3M7T5NPDS,Amazon PLCC Free-Financing Universal Merchant #MP-pmilan-1601980554292",False,Easy Ship,
10744,402-8644867-4170725,04-24-22,Cancelled,Amazon,Amazon.in,Expedited,JNE3373,JNE3373-KR-XXL,kurta,XXL,B082W8RWN1,Cancelled,0,,,Kunnamangalam,KERALA,673571.0,IN,,False,,
14957,407-7986978-5772350,04-21-22,Shipped,Amazon,Amazon.in,Expedited,SET110,SET110-KR-PP-S,Set,S,B0822T2BM8,Shipped,1,INR,788.0,CHENNAI,TAMIL NADU,600056.0,IN,,False,,
77127,171-9666073-8785150,05-09-22,Cancelled,Amazon,Amazon.in,Expedited,SET398,SET398-KR-PP-S,Set,S,B09RP8VTX6,Unshipped,1,INR,1186.0,BILASPUR,HIMACHAL PRADESH,174027.0,IN,,False,,False
127926,408-9872112-4417939,06-01-22,Shipped,Amazon,Amazon.in,Expedited,JNE3373,JNE3373-KR-XXL,kurta,XXL,B082W8RWN1,Shipped,1,INR,382.0,MORADABAD,UTTAR PRADESH,244001.0,IN,IN Core Free Shipping 2015/04/08 23-48-5-108,False,,False
100742,407-9719394-7582759,06-21-22,Shipped,Amazon,Amazon.in,Expedited,SAR070,SAR070,Saree,Free,B09J1CF6Z4,Shipped,1,INR,885.0,BALESHWAR,ODISHA,756001.0,IN,IN Core Free Shipping 2015/04/08 23-48-5-108,False,,False
120875,408-1644891-2709929,06-06-22,Shipped,Amazon,Amazon.in,Expedited,SET345,SET345-KR-NP-L,Set,L,B09KXT4VG7,Shipped,1,INR,635.0,NOIDA,UTTAR PRADESH,201301.0,IN,IN Core Free Shipping 2015/04/08 23-48-5-108,False,,False
50205,405-5799058-9232308,05-31-22,Shipped,Amazon,Amazon.in,Expedited,J0164,J0164-DR-XXL,Ethnic Dress,XXL,B08QGNJVKR,Shipped,1,INR,373.0,NOIDA,UTTAR PRADESH,201305.0,IN,,False,,False
124660,408-5264259-9140304,06-04-22,Shipped,Amazon,Amazon.in,Expedited,JNE3786,JNE3786-KR-XL,kurta,XL,B09M74QTKT,Shipped,1,INR,349.0,CHENNAI,TAMIL NADU,600050.0,IN,IN Core Free Shipping 2015/04/08 23-48-5-108,False,,False
48705,402-4003610-3161169,04-01-22,Shipped - Delivered to Buyer,Merchant,Amazon.in,Standard,JNE3468,JNE3468-KR-L,kurta,L,B08RP69C9N,Shipped,1,INR,339.0,BENGALURU,KARNATAKA,560099.0,IN,"Amazon PLCC Free-Financing Universal Merchant AAT-WNKTBO3K27EJC,Amazon PLCC Free-Financing Universal Merchant AAT-QX3UCCJESKPA2,Amazon PLCC Free-Financing Universal Merchant AAT-CXJHMC2YJUK76,Amazon PLCC Free-Financing Universal Merchant AAT-SL3Y2YRMAUNFC,Amazon PLCC Free-Financing Universal Merchant AAT-CC4FAVTYR4X7C,Amazon PLCC Free-Financing Universal Merchant AAT-XXRCW6NZEPZI4,Amazon PLCC Free-Financing Universal Merchant AAT-R7GXNZWISTRFA,Amazon PLCC Free-Financing Universal Merchant AAT-EOKPWFWYW7Y6I,Amazon PLCC Free-Financing Universal Merchant AAT-ZYL5UPUNW6T62,Amazon PLCC Free-Financing Universal Merchant AAT-G5ZRX4BZOIODU,Amazon PLCC Free-Financing Universal Merchant AAT-P3CSUAK4HTEP2,Amazon PLCC Free-Financing Universal Merchant AAT-YFJA6XMAMWZSK,Amazon PLCC Free-Financing Universal Merchant AAT-K66BSCE2J2V5E,Amazon PLCC Free-Financing Universal Merchant AAT-DFM4OAAQ3RGPM,Amazon PLCC Free-Financing Universal Merchant AAT-BRSZZ45H6MHAO,Amazon PLCC Free-Financing Universal Merchant AAT-MKLXOOZWQL7GO,Amazon PLCC Free-Financing Universal Merchant AAT-CB7UNXEXGIJTC,Amazon PLCC Free-Financing Universal Merchant #MP-gzasho-1593152694811,Amazon PLCC Free-Financing Universal Merchant AAT-WLBA4GZ52EAH4",False,Easy Ship,
59135,404-1553935-0513112,05-24-22,Shipped,Amazon,Amazon.in,Expedited,J0008,J0008-SKD-L,Set,L,B0894YB3B1,Shipped,1,INR,1133.0,BENGALURU,KARNATAKA,560067.0,IN,,False,,False
51634,407-6353487-3534757,05-29-22,Cancelled,Amazon,Amazon.in,Expedited,JNE3560,JNE3560-KR-L,kurta,L,B08PCW5HD7,Cancelled,0,,,SANGLI MIRAJ KUPWAD,MAHARASHTRA,416410.0,IN,IN Core Free Shipping 2015/04/08 23-48-5-108,False,,False
96215,402-1830065-3840318,06-25-22,Cancelled,Amazon,Amazon.in,Expedited,SET265,SET265-KR-NP-M,Set,M,B0983DBK44,Unshipped,1,INR,888.0,TIRORA,MAHARASHTRA,441911.0,IN,,True,,False
91187,406-0556934-4608363,06-29-22,Pending,Merchant,Amazon.in,Standard,JNE3636,JNE3636-KR-XS,kurta,XS,B098116JZX,Unshipped,1,INR,459.0,LONAVALA,MAHARASHTRA,410405.0,IN,,False,Easy Ship,False
27316,404-1463010-9341156,04-14-22,Shipped,Amazon,Amazon.in,Expedited,JNE2270,JNE2270-KR-487-A-M,kurta,M,B07H7FZD32,Shipped,1,INR,518.0,Bengaluru,KARNATAKA,560099.0,IN,IN Core Free Shipping 2015/04/08 23-48-5-108,False,,
18813,407-0154212-6478752,04-19-22,Shipped - Delivered to Buyer,Merchant,Amazon.in,Standard,MEN5018,MEN5018-KR-L,kurta,L,B08YZ34ZT3,Shipped,1,INR,499.0,Mumbai,MAHARASHTRA,400072.0,IN,"Amazon PLCC Free-Financing Universal Merchant AAT-WNKTBO3K27EJC,Amazon PLCC Free-Financing Universal Merchant AAT-QX3UCCJESKPA2,Amazon PLCC Free-Financing Universal Merchant AAT-CXJHMC2YJUK76,Amazon PLCC Free-Financing Universal Merchant AAT-CC4FAVTYR4X7C,Amazon PLCC Free-Financing Universal Merchant AAT-XXRCW6NZEPZI4,Amazon PLCC Free-Financing Universal Merchant AAT-EOKPWFWYW7Y6I,Amazon PLCC Free-Financing Universal Merchant AAT-ZYL5UPUNW6T62,Amazon PLCC Free-Financing Universal Merchant AAT-G5ZRX4BZOIODU,Amazon PLCC Free-Financing Universal Merchant AAT-DELQQPYRTQEMS,Amazon PLCC Free-Financing Universal Merchant AAT-XX7G3ZRJJJ5LG,Amazon PLCC Free-Financing Universal Merchant AAT-LEHCKNDBJG64E,Amazon PLCC Free-Financing Universal Merchant AAT-DJVHCEV7D7RQY,Amazon PLCC Free-Financing Universal Merchant AAT-BRSZZ45H6MHAO,Amazon PLCC Free-Financing Universal Merchant AAT-MKLXOOZWQL7GO,Amazon PLCC Free-Financing Universal Merchant AAT-CB7UNXEXGIJTC,Amazon PLCC Free-Financing Universal Merchant #MP-gzasho-1593152694811,Amazon PLCC Free-Financing Universal Merchant AAT-WLBA4GZ52EAH4",False,Easy Ship,
78557,406-8026750-6332304,05-08-22,Shipped,Amazon,Amazon.in,Expedited,SET209,SET209-KR-PP-XXXL,Set,3XL,B099WXH67W,Shipped,1,INR,507.0,Alwar,RAJASTHAN,301001.0,IN,,False,,False
39254,407-1219823-5804330,04-07-22,Shipped,Amazon,Amazon.in,Expedited,NW024,NW024-TP-PJ-M,Set,M,B099NS6CCS,Shipped,1,INR,586.0,ERNAKULAM,KERALA,682020.0,IN,IN Core Free Shipping 2015/04/08 23-48-5-108,False,,
34095,405-0619876-8101960,04-10-22,Shipped,Amazon,Amazon.in,Expedited,SET144,SET144-KR-NP-L,Set,L,B0822TK3YM,Shipped,1,INR,788.0,NOIDA,UTTAR PRADESH,201301.0,IN,IN Core Free Shipping 2015/04/08 23-48-5-108,False,,
6452,405-5393809-8645151,04-26-22,Shipped,Amazon,Amazon.in,Expedited,SET184,SET184-KR-PP-XXL,Set,XXL,B08W8KNCDH,Shipped,1,INR,563.0,MUMBAI,MAHARASHTRA,400009.0,IN,IN Core Free Shipping 2015/04/08 23-48-5-108,False,,
49342,402-6637572-6658710,05-31-22,Shipped - Delivered to Buyer,Merchant,Amazon.in,Standard,SET327,SET327-KR-DPT-XL,Set,XL,B09PN1HZ58,Shipped,1,INR,999.0,VELLORE,TAMIL NADU,632014.0,IN,"Amazon PLCC Free-Financing Universal Merchant AAT-WNKTBO3K27EJC,Amazon PLCC Free-Financing Universal Merchant AAT-QX3UCCJESKPA2,Amazon PLCC Free-Financing Universal Merchant AAT-5QQ7BIYYQEDN2,Amazon PLCC Free-Financing Universal Merchant AAT-DSJ2QRXXWXVMQ,Amazon PLCC Free-Financing Universal Merchant AAT-CXJHMC2YJUK76,Amazon PLCC Free-Financing Universal Merchant AAT-SL3Y2YRMAUNFC,Amazon PLCC Free-Financing Universal Merchant AAT-CC4FAVTYR4X7C,Amazon PLCC Free-Financing Universal Merchant AAT-FYWJCQHU2XQ2U,Amazon PLCC Free-Financing Universal Merchant AAT-R7GXNZWISTRFA,Amazon PLCC Free-Financing Universal Merchant AAT-EOKPWFWYW7Y6I,Amazon PLCC Free-Financing Universal Merchant AAT-URPEBMPS7TSPE,Amazon PLCC Free-Financing Universal Merchant AAT-5ZEB2OGNZ32MC,Amazon PLCC Free-Financing Universal Merchant AAT-CAK4QZ7KEFRQU,Amazon PLCC Free-Financing Universal Merchant AAT-YZJ5BRTPINRLK,Amazon PLCC Free-Financing Universal Merchant AAT-SNWJTEAZA2JRI,Amazon PLCC Free-Financing Universal Merchant AAT-BBJ6FVTP3QKBO,Amazon PLCC Free-Financing Universal Merchant AAT-BRSZZ45H6MHAO,Amazon PLCC Free-Financing Universal Merchant AAT-MKLXOOZWQL7GO,Amazon PLCC Free-Financing Universal Merchant AAT-CB7UNXEXGIJTC,Amazon PLCC Free-Financing Universal Merchant #MP-gzasho-1593152694811,Amazon PLCC Free-Financing Universal Merchant AAT-WLBA4GZ52EAH4",False,Easy Ship,False
16095,405-6646843-7379511,04-20-22,Shipped,Amazon,Amazon.in,Expedited,JNE3291,JNE3291-KR-S,kurta,S,B07R41RHRH,Shipped,1,INR,442.0,SOUTH GOA,GOA,403602.0,IN,,False,,
69627,403-0545648-6078701,05-15-22,Shipped - Delivered to Buyer,Merchant,Amazon.in,Standard,JNE3739,JNE3739-KR-XL,kurta,XL,B099FD3RH8,Shipped,1,INR,459.0,KARAIKKUDI,TAMIL NADU,630001.0,IN,"Amazon PLCC Free-Financing Universal Merchant AAT-WNKTBO3K27EJC,Amazon PLCC Free-Financing Universal Merchant AAT-QX3UCCJESKPA2,Amazon PLCC Free-Financing Universal Merchant AAT-5QQ7BIYYQEDN2,Amazon PLCC Free-Financing Universal Merchant AAT-DSJ2QRXXWXVMQ,Amazon PLCC Free-Financing Universal Merchant AAT-CXJHMC2YJUK76,Amazon PLCC Free-Financing Universal Merchant AAT-CC4FAVTYR4X7C,Amazon PLCC Free-Financing Universal Merchant AAT-FYWJCQHU2XQ2U,Amazon PLCC Free-Financing Universal Merchant AAT-EOKPWFWYW7Y6I,Amazon PLCC Free-Financing Universal Merchant AAT-URPEBMPS7TSPE,Amazon PLCC Free-Financing Universal Merchant AAT-5ZEB2OGNZ32MC,Amazon PLCC Free-Financing Universal Merchant AAT-BZ7LVXC5QOWDG,Amazon PLCC Free-Financing Universal Merchant AAT-YZ2VQO2YM6YYM,Amazon PLCC Free-Financing Universal Merchant AAT-4EOBCMLXMLDGY,Amazon PLCC Free-Financing Universal Merchant AAT-UB6CYNTOQMM7C,Amazon PLCC Free-Financing Universal Merchant AAT-BRSZZ45H6MHAO,Amazon PLCC Free-Financing Universal Merchant AAT-MKLXOOZWQL7GO,Amazon PLCC Free-Financing Universal Merchant AAT-CB7UNXEXGIJTC,Amazon PLCC Free-Financing Universal Merchant #MP-gzasho-1593152694811,Amazon PLCC Free-Financing Universal Merchant AAT-WLBA4GZ52EAH4,Amazon PLCC Free-Financing Universal Merchant #MP-pmilan-1601980554292",False,Easy Ship,False
116837,403-3327506-2441142,06-09-22,Shipped,Amazon,Amazon.in,Expedited,SET293,SET293-KR-NP-XXL,Set,XXL,B09K3QVXBS,Shipped,1,INR,702.0,JODHPUR,RAJASTHAN,342003.0,IN,IN Core Free Shipping 2015/04/08 23-48-5-108,False,,False
123670,403-4413036-9897910,06-04-22,Shipped,Amazon,Amazon.in,Expedited,JNE3739,JNE3739-KR-L,kurta,L,B099FC39QH,Shipped,1,INR,441.0,BHUBANESWAR,ODISHA,751001.0,IN,,False,,False
50910,402-9538455-9525139,05-30-22,Shipped,Amazon,Amazon.in,Expedited,JNE3619,JNE3619-KR-XL,kurta,XL,B091Q8YDPP,Shipped,1,INR,301.0,GUWAHATI,ASSAM,781035.0,IN,IN Core Free Shipping 2015/04/08 23-48-5-108,False,,False
60182,171-0572902-3223558,05-23-22,Shipped,Amazon,Amazon.in,Expedited,J0346,J0346-SET-XXXL,Set,3XL,B0983G4P9Y,Shipped,1,INR,478.0,durg,CHHATTISGARH,491001.0,IN,IN Core Free Shipping 2015/04/08 23-48-5-108,False,,False
50616,405-2045406-4457142,05-30-22,Shipped,Amazon,Amazon.in,Expedited,MEN5002,MEN5002-KR-M,kurta,M,B08YZ4WLT3,Shipped,1,INR,709.0,BENGALURU,KARNATAKA,560093.0,IN,IN Core Free Shipping 2015/04/08 23-48-5-108,False,,False
62829,171-1011931-6908342,05-20-22,Shipped - Delivered to Buyer,Merchant,Amazon.in,Standard,SET402,SET402-KR-NP-M,Set,M,B09VC5F9KB,Shipped,1,INR,988.0,KARAULI,RAJASTHAN,322215.0,IN,"Amazon PLCC Free-Financing Universal Merchant AAT-WNKTBO3K27EJC,Amazon PLCC Free-Financing Universal Merchant AAT-QX3UCCJESKPA2,Amazon PLCC Free-Financing Universal Merchant AAT-5QQ7BIYYQEDN2,Amazon PLCC Free-Financing Universal Merchant AAT-DSJ2QRXXWXVMQ,Amazon PLCC Free-Financing Universal Merchant AAT-CXJHMC2YJUK76,Amazon PLCC Free-Financing Universal Merchant AAT-SL3Y2YRMAUNFC,Amazon PLCC Free-Financing Universal Merchant AAT-CC4FAVTYR4X7C,Amazon PLCC Free-Financing Universal Merchant AAT-FYWJCQHU2XQ2U,Amazon PLCC Free-Financing Universal Merchant AAT-EOKPWFWYW7Y6I,Amazon PLCC Free-Financing Universal Merchant AAT-URPEBMPS7TSPE,Amazon PLCC Free-Financing Universal Merchant AAT-5ZEB2OGNZ32MC,Amazon PLCC Free-Financing Universal Merchant AAT-4ZN7U6MMDFGWM,Amazon PLCC Free-Financing Universal Merchant AAT-PAWHL2EB33U42,Amazon PLCC Free-Financing Universal Merchant AAT-7WX4JYESZISLU,Amazon PLCC Free-Financing Universal Merchant AAT-CIX56SGGAWUYW,Amazon PLCC Free-Financing Universal Merchant AAT-DMQVBJASKTAHS,Amazon PLCC Free-Financing Universal Merchant AAT-H7DZACP4NHMJM,Amazon PLCC Free-Financing Universal Merchant AAT-TNYBHEAO7HOHO,Amazon PLCC Free-Financing Universal Merchant AAT-BRSZZ45H6MHAO,Amazon PLCC Free-Financing Universal Merchant AAT-MKLXOOZWQL7GO,Amazon PLCC Free-Financing Universal Merchant AAT-CB7UNXEXGIJTC,Amazon PLCC Free-Financing Universal Merchant #MP-gzasho-1593152694811,Amazon PLCC Free-Financing Universal Merchant AAT-WLBA4GZ52EAH4,Amazon PLCC Free-Financing Universal Merchant AAT-QMFZ3M7T5NPDS,Amazon PLCC Free-Financing Universal Merchant #MP-pmilan-1601980554292",False,Easy Ship,False
76825,405-2852187-0893164,05-09-22,Shipped,Amazon,Amazon.in,Expedited,J0213,J0213-TP-M,Top,M,B0965KHYNH,Shipped,1,INR,599.0,GOBINDPUR,JHARKHAND,828109.0,IN,IN Core Free Shipping 2015/04/08 23-48-5-108,False,,False
9904,408-9985325-1217137,04-24-22,Shipped - Delivered to Buyer,Merchant,Amazon.in,Standard,SET304,SET304-KR-DPT-XL,Set,XL,B09K3HVZ83,Shipped,1,INR,1186.0,NEW DELHI,DELHI,110096.0,IN,"Amazon PLCC Free-Financing Universal Merchant AAT-WNKTBO3K27EJC,Amazon PLCC Free-Financing Universal Merchant AAT-QX3UCCJESKPA2,Amazon PLCC Free-Financing Universal Merchant AAT-5QQ7BIYYQEDN2,Amazon PLCC Free-Financing Universal Merchant AAT-DSJ2QRXXWXVMQ,Amazon PLCC Free-Financing Universal Merchant AAT-CXJHMC2YJUK76,Amazon PLCC Free-Financing Universal Merchant AAT-CC4FAVTYR4X7C,Amazon PLCC Free-Financing Universal Merchant AAT-XXRCW6NZEPZI4,Amazon PLCC Free-Financing Universal Merchant AAT-CXNSLNBROFDW4,Amazon PLCC Free-Financing Universal Merchant AAT-WSJLDN3X7KEMO,Amazon PLCC Free-Financing Universal Merchant AAT-VL6FGQVGQVXUS,Amazon PLCC Free-Financing Universal Merchant AAT-EOKPWFWYW7Y6I,Amazon PLCC Free-Financing Universal Merchant AAT-ZYL5UPUNW6T62,Amazon PLCC Free-Financing Universal Merchant AAT-G5ZRX4BZOIODU,Amazon PLCC Free-Financing Universal Merchant AAT-ACZIPIA37BFIY,Amazon PLCC Free-Financing Universal Merchant AAT-4UKS7UWZY3AES,Amazon PLCC Free-Financing Universal Merchant AAT-PZHUW6DZX4BPS,Amazon PLCC Free-Financing Universal Merchant AAT-ETXQ3XXWMRXBG,Amazon PLCC Free-Financing Universal Merchant AAT-BRSZZ45H6MHAO,Amazon PLCC Free-Financing Universal Merchant AAT-MKLXOOZWQL7GO,Amazon PLCC Free-Financing Universal Merchant AAT-CB7UNXEXGIJTC,Amazon PLCC Free-Financing Universal Merchant #MP-gzasho-1593152694811,Amazon PLCC Free-Financing Universal Merchant AAT-WLBA4GZ52EAH4",False,Easy Ship,
72512,406-7979803-3722710,05-12-22,Shipped - Delivered to Buyer,Merchant,Amazon.in,Standard,J0285,J0285-SKD-M,Set,M,B08QGNW2H8,Shipped,1,INR,1523.0,BIDAR,KARNATAKA,585401.0,IN,"Amazon PLCC Free-Financing Universal Merchant AAT-WNKTBO3K27EJC,Amazon PLCC Free-Financing Universal Merchant AAT-QX3UCCJESKPA2,Amazon PLCC Free-Financing Universal Merchant AAT-5QQ7BIYYQEDN2,Amazon PLCC Free-Financing Universal Merchant AAT-DSJ2QRXXWXVMQ,Amazon PLCC Free-Financing Universal Merchant AAT-CXJHMC2YJUK76,Amazon PLCC Free-Financing Universal Merchant AAT-CC4FAVTYR4X7C,Amazon PLCC Free-Financing Universal Merchant AAT-FYWJCQHU2XQ2U,Amazon PLCC Free-Financing Universal Merchant AAT-EOKPWFWYW7Y6I,Amazon PLCC Free-Financing Universal Merchant AAT-URPEBMPS7TSPE,Amazon PLCC Free-Financing Universal Merchant AAT-5ZEB2OGNZ32MC,Amazon PLCC Free-Financing Universal Merchant AAT-2MN4SWBDTUSNI,Amazon PLCC Free-Financing Universal Merchant AAT-4VFZUZS2EO5J2,Amazon PLCC Free-Financing Universal Merchant AAT-TNYBHEAO7HOHO,Amazon PLCC Free-Financing Universal Merchant AAT-BRSZZ45H6MHAO,Amazon PLCC Free-Financing Universal Merchant AAT-MKLXOOZWQL7GO,Amazon PLCC Free-Financing Universal Merchant AAT-CB7UNXEXGIJTC,Amazon PLCC Free-Financing Universal Merchant #MP-gzasho-1593152694811,Amazon PLCC Free-Financing Universal Merchant AAT-WLBA4GZ52EAH4,Amazon PLCC Free-Financing Universal Merchant AAT-QMFZ3M7T5NPDS,Amazon PLCC Free-Financing Universal Merchant #MP-pmilan-1601980554292",False,Easy Ship,False
19915,403-5625066-0240367,04-18-22,Shipped,Amazon,Amazon.in,Expedited,SET268,SET268-KR-NP-M,Set,M,B08XQ8R6GW,Shipped,1,INR,788.0,JAMMU,JAMMU & KASHMIR,181133.0,IN,IN Core Free Shipping 2015/04/08 23-48-5-108,False,,
98610,408-5208459-2983546,06-22-22,Shipped - Out for Delivery,Merchant,Amazon.in,Standard,JNE3800,JNE3800-KR-A-XXL,Western Dress,XXL,B09TH5KHC9,Shipped,1,INR,771.0,Sitapur,UTTAR PRADESH,261001.0,IN,"Amazon PLCC Free-Financing Universal Merchant AAT-WNKTBO3K27EJC,Amazon PLCC Free-Financing Universal Merchant AAT-QX3UCCJESKPA2,Amazon PLCC Free-Financing Universal Merchant AAT-5QQ7BIYYQEDN2,Amazon PLCC Free-Financing Universal Merchant AAT-DSJ2QRXXWXVMQ,Amazon PLCC Free-Financing Universal Merchant AAT-CXJHMC2YJUK76,Amazon PLCC Free-Financing Universal Merchant AAT-CC4FAVTYR4X7C,Amazon PLCC Free-Financing Universal Merchant AAT-EWAPBB6BDRGM6,Amazon PLCC Free-Financing Universal Merchant AAT-EOKPWFWYW7Y6I,Amazon PLCC Free-Financing Universal Merchant AAT-NT3ZJJGQ3JK3Q,Amazon PLCC Free-Financing Universal Merchant AAT-7IFG6TWAZNCBQ,Amazon PLCC Free-Financing Universal Merchant AAT-BOWEMQBNNNHBK,Amazon PLCC Free-Financing Universal Merchant AAT-SKYXW7T3UZBGO,Amazon PLCC Free-Financing Universal Merchant AAT-ONHQI6RQUNGB6,Amazon PLCC Free-Financing Universal Merchant AAT-UFMRPWCRGE2ZM,Amazon PLCC Free-Financing Universal Merchant AAT-SF4YGC5K3O574,Amazon PLCC Free-Financing Universal Merchant AAT-SUBB5QVZKACYG,Amazon PLCC Free-Financing Universal Merchant AAT-CF5ZF57364I7G,Amazon PLCC Free-Financing Universal Merchant AAT-BRSZZ45H6MHAO,Amazon PLCC Free-Financing Universal Merchant AAT-MKLXOOZWQL7GO,Amazon PLCC Free-Financing Universal Merchant AAT-CB7UNXEXGIJTC,Amazon PLCC Free-Financing Universal Merchant #MP-gzasho-1593152694811,Amazon PLCC Free-Financing Universal Merchant AAT-WLBA4GZ52EAH4",False,Easy Ship,False
55187,403-9633958-6311567,05-27-22,Shipped - Delivered to Buyer,Merchant,Amazon.in,Standard,J0413,J0413-DR-XXL,Western Dress,XXL,B09TY1VWSY,Shipped,1,INR,741.0,Bangalore,KARNATAKA,560070.0,IN,"Amazon PLCC Free-Financing Universal Merchant AAT-WNKTBO3K27EJC,Amazon PLCC Free-Financing Universal Merchant AAT-QX3UCCJESKPA2,Amazon PLCC Free-Financing Universal Merchant AAT-5QQ7BIYYQEDN2,Amazon PLCC Free-Financing Universal Merchant AAT-DSJ2QRXXWXVMQ,Amazon PLCC Free-Financing Universal Merchant AAT-CXJHMC2YJUK76,Amazon PLCC Free-Financing Universal Merchant AAT-CC4FAVTYR4X7C,Amazon PLCC Free-Financing Universal Merchant AAT-FYWJCQHU2XQ2U,Amazon PLCC Free-Financing Universal Merchant AAT-EOKPWFWYW7Y6I,Amazon PLCC Free-Financing Universal Merchant AAT-URPEBMPS7TSPE,Amazon PLCC Free-Financing Universal Merchant AAT-5ZEB2OGNZ32MC,Amazon PLCC Free-Financing Universal Merchant AAT-FUBPFORDWEVT2,Amazon PLCC Free-Financing Universal Merchant AAT-CAK4QZ7KEFRQU,Amazon PLCC Free-Financing Universal Merchant AAT-YZJ5BRTPINRLK,Amazon PLCC Free-Financing Universal Merchant AAT-SNWJTEAZA2JRI,Amazon PLCC Free-Financing Universal Merchant AAT-BBJ6FVTP3QKBO,Amazon PLCC Free-Financing Universal Merchant AAT-TNYBHEAO7HOHO,Amazon PLCC Free-Financing Universal Merchant AAT-BRSZZ45H6MHAO,Amazon PLCC Free-Financing Universal Merchant AAT-MKLXOOZWQL7GO,Amazon PLCC Free-Financing Universal Merchant AAT-CB7UNXEXGIJTC,Amazon PLCC Free-Financing Universal Merchant #MP-gzasho-1593152694811,Amazon PLCC Free-Financing Universal Merchant AAT-WLBA4GZ52EAH4,Amazon PLCC Free-Financing Universal Merchant AAT-QMFZ3M7T5NPDS,Amazon PLCC Free-Financing Universal Merchant #MP-pmilan-1601980554292",False,Easy Ship,False
44018,403-3580377-1964350,04-04-22,Shipped,Amazon,Amazon.in,Expedited,J0104,J0104-KR-XL,kurta,XL,B08BJSGKD8,Shipped,1,INR,442.0,Howrah,WEST BENGAL,711109.0,IN,IN Core Free Shipping 2015/04/08 23-48-5-108,False,,
37960,406-6398632-3298748,04-08-22,Cancelled,Merchant,Amazon.in,Standard,JNE3640,JNE3640-TP-N-S,Top,S,B08ZJCN3DP,,0,INR,493.33,PANIHATI,WEST BENGAL,700049.0,IN,,False,Easy Ship,
33190,171-5954466-1640368,04-10-22,Shipped,Amazon,Amazon.in,Expedited,SET405,SET405-KR-NP-M,Set,M,B09QJ5M6TW,Shipped,1,INR,725.0,KOLKATA,WEST BENGAL,700034.0,IN,,False,,
88184,404-7939457-8467559,05-02-22,Cancelled,Amazon,Amazon.in,Expedited,SET187,SET187-KR-DH-XS,Set,XS,B08B3YKPYF,Cancelled,0,,,NEW DELHI,DELHI,110033.0,IN,,False,,False
22070,171-4015756-5675537,04-17-22,Shipped,Amazon,Amazon.in,Expedited,MEN5021,MEN5021-KR-XL,kurta,XL,B08YYVLZVH,Shipped,1,INR,533.0,MAJHIHARA,ODISHA,752103.0,IN,IN Core Free Shipping 2015/04/08 23-48-5-108,False,,
113447,404-6204955-1845934,06-11-22,Cancelled,Amazon,Amazon.in,Expedited,PJNE3373,PJNE3373-KR-N-6XL,kurta,6XL,B09LD3TCYP,Unshipped,1,INR,836.0,THRISSUR,KERALA,680702.0,IN,,False,,False
47334,404-7684144-7652320,04-02-22,Cancelled,Merchant,Amazon.in,Standard,J0239,J0239-SKD-M,Set,M,B0925VYX6L,,0,INR,1182.14,Chittapur,KARNATAKA,585211.0,IN,,False,Easy Ship,
6396,406-7381766-5195518,04-26-22,Shipped - Delivered to Buyer,Merchant,Amazon.in,Standard,J0092,J0092-SET-M,Set,M,B089G1MSHB,Shipped,1,INR,833.0,THIRUVANANTHAPURAM,KERALA,695035.0,IN,"Amazon PLCC Free-Financing Universal Merchant AAT-WNKTBO3K27EJC,Amazon PLCC Free-Financing Universal Merchant AAT-QX3UCCJESKPA2,Amazon PLCC Free-Financing Universal Merchant AAT-5QQ7BIYYQEDN2,Amazon PLCC Free-Financing Universal Merchant AAT-DSJ2QRXXWXVMQ,Amazon PLCC Free-Financing Universal Merchant AAT-CXJHMC2YJUK76,Amazon PLCC Free-Financing Universal Merchant AAT-CC4FAVTYR4X7C,Amazon PLCC Free-Financing Universal Merchant AAT-XXRCW6NZEPZI4,Amazon PLCC Free-Financing Universal Merchant AAT-EOKPWFWYW7Y6I,Amazon PLCC Free-Financing Universal Merchant AAT-ZYL5UPUNW6T62,Amazon PLCC Free-Financing Universal Merchant AAT-G5ZRX4BZOIODU,Amazon PLCC Free-Financing Universal Merchant AAT-PZHUW6DZX4BPS,Amazon PLCC Free-Financing Universal Merchant AAT-ETXQ3XXWMRXBG,Amazon PLCC Free-Financing Universal Merchant AAT-7X3XCTYG64VBE,Amazon PLCC Free-Financing Universal Merchant AAT-7CHGD3WTS3MHM,Amazon PLCC Free-Financing Universal Merchant AAT-26ZDKNME27X42,Amazon PLCC Free-Financing Universal Merchant AAT-4ZF5KN6E4LJK4,Amazon PLCC Free-Financing Universal Merchant AAT-7RCXIKUAX7DDY,Amazon PLCC Free-Financing Universal Merchant AAT-BRSZZ45H6MHAO,Amazon PLCC Free-Financing Universal Merchant AAT-MKLXOOZWQL7GO,Amazon PLCC Free-Financing Universal Merchant AAT-CB7UNXEXGIJTC,Amazon PLCC Free-Financing Universal Merchant #MP-gzasho-1593152694811,Amazon PLCC Free-Financing Universal Merchant AAT-WLBA4GZ52EAH4",False,Easy Ship,
87326,408-0152232-3529137,05-02-22,Shipped,Amazon,Amazon.in,Expedited,JNE3611,JNE3611-KR-XXXL,kurta,3XL,B08XVRKF6V,Shipped,1,INR,459.0,SIVAKASI,TAMIL NADU,626123.0,IN,,False,,False
62295,407-6795489-2487555,05-21-22,Shipped,Amazon,Amazon.in,Expedited,NW003,NW003-TP-PJ-M,Set,M,B0928YLXJ1,Shipped,1,INR,495.0,BATHINDA,PUNJAB,151001.0,IN,IN Core Free Shipping 2015/04/08 23-48-5-108,False,,False
63512,404-9647813-6859514,05-20-22,Shipped,Amazon,Amazon.in,Expedited,BL036,BL036-176GOLD,Blouse,Free,B077Z29TJ4,Shipped,1,INR,418.0,KOLKATA,WEST BENGAL,700019.0,IN,,False,,False
4790,402-2961008-5620318,04-27-22,Shipped - Delivered to Buyer,Merchant,Amazon.in,Standard,JNE3510,JNE3510-KR-S,kurta,S,B08WPTJBBD,Shipped,1,INR,429.0,PATNA,BIHAR,801505.0,IN,"Amazon PLCC Free-Financing Universal Merchant AAT-WNKTBO3K27EJC,Amazon PLCC Free-Financing Universal Merchant AAT-QX3UCCJESKPA2,Amazon PLCC Free-Financing Universal Merchant AAT-5QQ7BIYYQEDN2,Amazon PLCC Free-Financing Universal Merchant AAT-DSJ2QRXXWXVMQ,Amazon PLCC Free-Financing Universal Merchant AAT-CXJHMC2YJUK76,Amazon PLCC Free-Financing Universal Merchant AAT-CC4FAVTYR4X7C,Amazon PLCC Free-Financing Universal Merchant AAT-XXRCW6NZEPZI4,Amazon PLCC Free-Financing Universal Merchant AAT-EOKPWFWYW7Y6I,Amazon PLCC Free-Financing Universal Merchant AAT-G5ZRX4BZOIODU,Amazon PLCC Free-Financing Universal Merchant AAT-PZHUW6DZX4BPS,Amazon PLCC Free-Financing Universal Merchant AAT-ETXQ3XXWMRXBG,Amazon PLCC Free-Financing Universal Merchant AAT-7X3XCTYG64VBE,Amazon PLCC Free-Financing Universal Merchant AAT-7CHGD3WTS3MHM,Amazon PLCC Free-Financing Universal Merchant AAT-26ZDKNME27X42,Amazon PLCC Free-Financing Universal Merchant AAT-4ZF5KN6E4LJK4,Amazon PLCC Free-Financing Universal Merchant AAT-7RCXIKUAX7DDY,Amazon PLCC Free-Financing Universal Merchant AAT-BRSZZ45H6MHAO,Amazon PLCC Free-Financing Universal Merchant AAT-MKLXOOZWQL7GO,Amazon PLCC Free-Financing Universal Merchant AAT-CB7UNXEXGIJTC,Amazon PLCC Free-Financing Universal Merchant #MP-gzasho-1593152694811,Amazon PLCC Free-Financing Universal Merchant AAT-WLBA4GZ52EAH4",False,Easy Ship,
58442,408-0145236-3422750,05-24-22,Shipped - Delivered to Buyer,Merchant,Amazon.in,Standard,JNE3704,JNE3704-KR-M,kurta,M,B099FCQ7C6,Shipped,1,INR,0.0,Karur,TAMIL NADU,639002.0,IN,,False,Easy Ship,False
103418,407-5873008-6490707,06-19-22,Cancelled,Amazon,Amazon.in,Expedited,SET203,SET203-KR-DPT-S,Set,S,B08MYT94FH,Unshipped,1,INR,416.0,EZHUDESAM,TAMIL NADU,629154.0,IN,,False,,False
96245,171-1779150-7233146,06-25-22,Shipped,Amazon,Amazon.in,Expedited,JNE3506,JNE3506-KR-L,kurta,L,B08WPT8KFM,Shipped,1,INR,597.0,HYDERABAD,TELANGANA,500079.0,IN,,False,,False
109341,408-5117280-2490734,06-14-22,Cancelled,Merchant,Amazon.in,Standard,SET350,SET350-KR-NP-XXL,Set,XXL,B09RKD2FDC,,0,,,Vadodara,Gujarat,390024.0,IN,,False,Easy Ship,False
11014,406-3590737-5417127,04-23-22,Cancelled,Merchant,Amazon.in,Standard,SET279,SET279-LC-M,Set,M,B09CTC5FLS,,0,,,NEW TOWN,WEST BENGAL,700156.0,IN,,False,Easy Ship,
87612,408-4583428-2162741,05-02-22,Shipped - Delivered to Buyer,Merchant,Amazon.in,Standard,J0096,J0096-KR-M,kurta,M,B089G1HM97,Shipped,1,INR,568.0,MYSURU,KARNATAKA,570011.0,IN,"Amazon PLCC Free-Financing Universal Merchant AAT-WNKTBO3K27EJC,Amazon PLCC Free-Financing Universal Merchant AAT-QX3UCCJESKPA2,Amazon PLCC Free-Financing Universal Merchant AAT-5QQ7BIYYQEDN2,Amazon PLCC Free-Financing Universal Merchant AAT-DSJ2QRXXWXVMQ,Amazon PLCC Free-Financing Universal Merchant AAT-CXJHMC2YJUK76,Amazon PLCC Free-Financing Universal Merchant AAT-CC4FAVTYR4X7C,Amazon PLCC Free-Financing Universal Merchant AAT-FYWJCQHU2XQ2U,Amazon PLCC Free-Financing Universal Merchant AAT-R7GXNZWISTRFA,Amazon PLCC Free-Financing Universal Merchant AAT-EOKPWFWYW7Y6I,Amazon PLCC Free-Financing Universal Merchant AAT-URPEBMPS7TSPE,Amazon PLCC Free-Financing Universal Merchant AAT-3R6UGYISJQCKA,Amazon PLCC Free-Financing Universal Merchant AAT-BRSZZ45H6MHAO,Amazon PLCC Free-Financing Universal Merchant AAT-MKLXOOZWQL7GO,Amazon PLCC Free-Financing Universal Merchant AAT-CB7UNXEXGIJTC,Amazon PLCC Free-Financing Universal Merchant #MP-gzasho-1593152694811,Amazon PLCC Free-Financing Universal Merchant AAT-WLBA4GZ52EAH4",False,Easy Ship,False
93031,407-0009652-0605168,06-28-22,Pending,Amazon,Amazon.in,Expedited,SET345,SET345-KR-NP-L,Set,L,B09KXT4VG7,Unshipped,1,INR,635.0,BENGALURU,KARNATAKA,560050.0,IN,IN Core Free Shipping 2015/04/08 23-48-5-108,False,,False
102866,406-4428656-0116337,06-19-22,Shipped,Amazon,Amazon.in,Expedited,J0380,J0380-SKD-XS,Set,XS,B09M6W44KD,Shipped,1,INR,1352.0,GUWAHATI,ASSAM,781003.0,IN,IN Core Free Shipping 2015/04/08 23-48-5-108,False,,False
110999,408-3337799-3996363,06-13-22,Shipped,Amazon,Amazon.in,Standard,JNE3431,JNE3431-KR-XL,kurta,XL,B08KS7M7F7,Shipped,1,INR,0.0,CHENNAI,TAMIL NADU,600088.0,IN,,False,,False
24990,407-7555096-1097157,04-15-22,Shipped,Amazon,Amazon.in,Expedited,JNE3781,JNE3781-KR-M,kurta,M,B09K3WRM4Q,Shipped,1,INR,406.0,NEW DELHI,DELHI,110091.0,IN,,False,,
124750,408-8488337-0551544,06-03-22,Cancelled,Amazon,Amazon.in,Expedited,JNE3439,JNE3439-KR-L,kurta,L,B081WZDHB3,Cancelled,0,,,DAHANU,MAHARASHTRA,401602.0,IN,,False,,False
106134,171-4464949-1473129,06-16-22,Shipped - Delivered to Buyer,Merchant,Amazon.in,Standard,NW015,NW015-TP-PJ-XL,Set,XL,B0922T9X46,Shipped,1,INR,517.0,Pune,MAHARASHTRA,411021.0,IN,"Amazon PLCC Free-Financing Universal Merchant AAT-WNKTBO3K27EJC,Amazon PLCC Free-Financing Universal Merchant AAT-QX3UCCJESKPA2,Amazon PLCC Free-Financing Universal Merchant AAT-5QQ7BIYYQEDN2,Amazon PLCC Free-Financing Universal Merchant AAT-DSJ2QRXXWXVMQ,Amazon PLCC Free-Financing Universal Merchant AAT-CXJHMC2YJUK76,Amazon PLCC Free-Financing Universal Merchant AAT-SL3Y2YRMAUNFC,Amazon PLCC Free-Financing Universal Merchant AAT-CC4FAVTYR4X7C,Amazon PLCC Free-Financing Universal Merchant AAT-EWAPBB6BDRGM6,Amazon PLCC Free-Financing Universal Merchant AAT-WSJLDN3X7KEMO,Amazon PLCC Free-Financing Universal Merchant AAT-VL6FGQVGQVXUS,Amazon PLCC Free-Financing Universal Merchant AAT-EOKPWFWYW7Y6I,Amazon PLCC Free-Financing Universal Merchant AAT-NT3ZJJGQ3JK3Q,Amazon PLCC Free-Financing Universal Merchant AAT-5SHH3G55USK5C,Amazon PLCC Free-Financing Universal Merchant AAT-AMKH7SAAONETC,Amazon PLCC Free-Financing Universal Merchant AAT-56XNPXK2K7OLI,Amazon PLCC Free-Financing Universal Merchant AAT-YV4X6QSRBRG62,Amazon PLCC Free-Financing Universal Merchant AAT-6XVEGAWJUJYXG,Amazon PLCC Free-Financing Universal Merchant AAT-5QNBXTEQWGXOW,Amazon PLCC Free-Financing Universal Merchant AAT-BOWEMQBNNNHBK,Amazon PLCC Free-Financing Universal Merchant AAT-SKYXW7T3UZBGO,Amazon PLCC Free-Financing Universal Merchant AAT-ILWGDKTQOJRNA,Amazon PLCC Free-Financing Universal Merchant AAT-ONHQI6RQUNGB6,Amazon PLCC Free-Financing Universal Merchant AAT-BRSZZ45H6MHAO,Amazon PLCC Free-Financing Universal Merchant AAT-MKLXOOZWQL7GO,Amazon PLCC Free-Financing Universal Merchant AAT-CB7UNXEXGIJTC,Amazon PLCC Free-Financing Universal Merchant #MP-gzasho-1593152694811,Amazon PLCC Free-Financing Universal Merchant AAT-WLBA4GZ52EAH4",False,Easy Ship,False
59210,406-5080871-1135531,05-24-22,Shipped - Delivered to Buyer,Merchant,Amazon.in,Standard,JNE3798,JNE3798-KR-A-L,Western Dress,L,B09TH7GXJW,Shipped,1,INR,771.0,"Avinashi, Tirupur",TAMIL NADU,641654.0,IN,"Amazon PLCC Free-Financing Universal Merchant AAT-WNKTBO3K27EJC,Amazon PLCC Free-Financing Universal Merchant AAT-QX3UCCJESKPA2,Amazon PLCC Free-Financing Universal Merchant AAT-5QQ7BIYYQEDN2,Amazon PLCC Free-Financing Universal Merchant AAT-DSJ2QRXXWXVMQ,Amazon PLCC Free-Financing Universal Merchant AAT-CXJHMC2YJUK76,Amazon PLCC Free-Financing Universal Merchant AAT-SL3Y2YRMAUNFC,Amazon PLCC Free-Financing Universal Merchant AAT-CC4FAVTYR4X7C,Amazon PLCC Free-Financing Universal Merchant AAT-FYWJCQHU2XQ2U,Amazon PLCC Free-Financing Universal Merchant AAT-EOKPWFWYW7Y6I,Amazon PLCC Free-Financing Universal Merchant AAT-URPEBMPS7TSPE,Amazon PLCC Free-Financing Universal Merchant AAT-5ZEB2OGNZ32MC,Amazon PLCC Free-Financing Universal Merchant AAT-4ZN7U6MMDFGWM,Amazon PLCC Free-Financing Universal Merchant AAT-PAWHL2EB33U42,Amazon PLCC Free-Financing Universal Merchant AAT-7WX4JYESZISLU,Amazon PLCC Free-Financing Universal Merchant AAT-CIX56SGGAWUYW,Amazon PLCC Free-Financing Universal Merchant AAT-DMQVBJASKTAHS,Amazon PLCC Free-Financing Universal Merchant AAT-TNYBHEAO7HOHO,Amazon PLCC Free-Financing Universal Merchant AAT-BRSZZ45H6MHAO,Amazon PLCC Free-Financing Universal Merchant AAT-MKLXOOZWQL7GO,Amazon PLCC Free-Financing Universal Merchant AAT-CB7UNXEXGIJTC,Amazon PLCC Free-Financing Universal Merchant #MP-gzasho-1593152694811,Amazon PLCC Free-Financing Universal Merchant AAT-WLBA4GZ52EAH4,Amazon PLCC Free-Financing Universal Merchant AAT-QMFZ3M7T5NPDS,Amazon PLCC Free-Financing Universal Merchant #MP-pmilan-1601980554292",False,Easy Ship,False
48494,402-0185951-7067569,04-01-22,Shipped,Amazon,Amazon.in,Expedited,J0369,J0369-SKD-M,Set,M,B09K3M182M,Shipped,1,INR,1120.0,CHENNAI,TAMIL NADU,600095.0,IN,,False,,
62797,403-8943798-4320303,05-20-22,Cancelled,Amazon,Amazon.in,Expedited,JNE3797,JNE3797-KR-S,Western Dress,S,B09SDYQ3WG,Unshipped,1,INR,771.0,KALYAN,MAHARASHTRA,421204.0,IN,,False,,False
18421,402-2177902-8376340,04-19-22,Shipped - Delivered to Buyer,Merchant,Amazon.in,Standard,MEN5007,MEN5007-KR-L,kurta,L,B08YYXSP8X,Shipped,1,INR,475.0,GHAZIABAD,UTTAR PRADESH,201011.0,IN,"Amazon PLCC Free-Financing Universal Merchant AAT-WNKTBO3K27EJC,Amazon PLCC Free-Financing Universal Merchant AAT-QX3UCCJESKPA2,Amazon PLCC Free-Financing Universal Merchant AAT-CXJHMC2YJUK76,Amazon PLCC Free-Financing Universal Merchant AAT-CC4FAVTYR4X7C,Amazon PLCC Free-Financing Universal Merchant AAT-XXRCW6NZEPZI4,Amazon PLCC Free-Financing Universal Merchant AAT-R7GXNZWISTRFA,Amazon PLCC Free-Financing Universal Merchant AAT-EOKPWFWYW7Y6I,Amazon PLCC Free-Financing Universal Merchant AAT-VY2G7AISPNM5O,Amazon PLCC Free-Financing Universal Merchant AAT-G5ZRX4BZOIODU,Amazon PLCC Free-Financing Universal Merchant AAT-P3CSUAK4HTEP2,Amazon PLCC Free-Financing Universal Merchant AAT-DELQQPYRTQEMS,Amazon PLCC Free-Financing Universal Merchant AAT-XX7G3ZRJJJ5LG,Amazon PLCC Free-Financing Universal Merchant AAT-LEHCKNDBJG64E,Amazon PLCC Free-Financing Universal Merchant AAT-DJVHCEV7D7RQY,Amazon PLCC Free-Financing Universal Merchant AAT-BRSZZ45H6MHAO,Amazon PLCC Free-Financing Universal Merchant AAT-MKLXOOZWQL7GO,Amazon PLCC Free-Financing Universal Merchant AAT-CB7UNXEXGIJTC,Amazon PLCC Free-Financing Universal Merchant #MP-gzasho-1593152694811,Amazon PLCC Free-Financing Universal Merchant AAT-WLBA4GZ52EAH4",False,Easy Ship,
88888,171-1516493-2887553,05-02-22,Shipped,Amazon,Amazon.in,Expedited,JNE3465,JNE3465-KR-XXXL,kurta,3XL,B08BFVXK6N,Shipped,1,INR,486.0,FARIDABAD,HARYANA,121001.0,IN,,False,,False
34428,403-8241104-6364360,04-10-22,Shipped,Amazon,Amazon.in,Expedited,J0337,J0337-TP-M,Top,M,B0986XMWXH,Shipped,1,INR,487.0,Kakkanad,KERALA,682030.0,IN,,False,,
99972,405-8480785-2513155,06-21-22,Shipped,Amazon,Amazon.in,Expedited,J0283,J0283-SET-XS,Set,XS,B08QGJNXB7,Shipped,1,INR,1008.0,ROBERTSGANJ SONBHADRA,UTTAR PRADESH,231216.0,IN,IN Core Free Shipping 2015/04/08 23-48-5-108,False,,False
41018,407-7792021-8289132,04-06-22,Shipped,Amazon,Amazon.in,Expedited,J0158,J0158-DR-XL,Western Dress,XL,B091YR33W5,Shipped,1,INR,721.0,NEW DELHI,DELHI,110096.0,IN,IN Core Free Shipping 2015/04/08 23-48-5-108,False,,
27726,408-2889444-4777167,04-14-22,Shipped - Delivered to Buyer,Merchant,Amazon.in,Standard,SET247,SET247-KR-SHA-M,Set,M,B09B57XLKV,Shipped,1,INR,0.0,MUMBAI,MAHARASHTRA,400601.0,IN,"Amazon PLCC Free-Financing Universal Merchant AAT-XXRCW6NZEPZI4,Amazon PLCC Free-Financing Universal Merchant AAT-LMLYJV5SYVNDA,Amazon PLCC Free-Financing Universal Merchant #MP-gzasho-1593152694811",False,Easy Ship,
51202,408-7767624-8568348,05-30-22,Shipped,Amazon,Amazon.in,Expedited,SET397,SET397-KR-NP-XXXL,Set,3XL,B09RKDPH6J,Shipped,1,INR,999.0,PUNE,MAHARASHTRA,411021.0,IN,IN Core Free Shipping 2015/04/08 23-48-5-108,False,,False
122594,171-4836918-3950751,06-05-22,Cancelled,Amazon,Amazon.in,Expedited,JNE3721,JNE3721-KR-L,kurta,L,B099FBM4FZ,Cancelled,0,,,CHENNAI,TAMIL NADU,600128.0,IN,,False,,False
106192,406-9962099-2029955,06-16-22,Shipped,Amazon,Amazon.in,Expedited,JNE3800,JNE3800-KR-XXXL,Western Dress,3XL,B09SDZ64HF,Shipped,1,INR,735.0,HYDERABAD,TELANGANA,500090.0,IN,IN Core Free Shipping 2015/04/08 23-48-5-108,False,,False
91925,407-4463114-5533934,06-28-22,Cancelled,Amazon,Amazon.in,Expedited,J0230,J0230-SKD-L,Set,L,B08XNDL1DL,Cancelled,0,,,KALYAN,MAHARASHTRA,421301.0,IN,,False,,False
75334,404-3049672-9324312,05-10-22,Shipped,Amazon,Amazon.in,Expedited,J0216,J0216-BL-L,Blouse,L,B09PBWXJKQ,Shipped,1,INR,625.0,Koraput,ODISHA,764002.0,IN,IN Core Free Shipping 2015/04/08 23-48-5-108,False,,False
104149,402-1690704-4637957,06-18-22,Shipped,Amazon,Amazon.in,Expedited,J0353,J0353-KR-L,kurta,L,B09811VG73,Shipped,1,INR,597.0,HYDERABAD,TELANGANA,500090.0,IN,IN Core Free Shipping 2015/04/08 23-48-5-108,False,,False
123080,408-3445894-8115549,06-05-22,Shipped,Amazon,Amazon.in,Expedited,SET344,SET344-KR-NP-XS,Set,XS,B09QJ43FVH,Shipped,1,INR,899.0,LUCKNOW,UTTAR PRADESH,226022.0,IN,,False,,False
104803,406-9356300-6304351,06-17-22,Cancelled,Merchant,Amazon.in,Standard,JNE3869,JNE3869-DR-XXXL,Western Dress,3XL,B09RK757KM,,0,,,CHIDAMBARAM,TAMIL NADU,608001.0,IN,,False,Easy Ship,False
103269,403-9509644-0174712,06-19-22,Cancelled,Merchant,Amazon.in,Standard,J0376,J0376-SKD-L,Set,L,B09QJ4PXZ3,,0,INR,981.9,HUBBALLI,KARNATAKA,580023.0,IN,,False,Easy Ship,False
27153,405-0592009-5766736,04-14-22,Shipped,Amazon,Amazon.in,Expedited,J0135,J0135-SET-S,Set,S,B08QGMRCHW,Shipped,1,INR,591.0,RAJKOT,Gujarat,360005.0,IN,IN Core Free Shipping 2015/04/08 23-48-5-108,False,,
17318,408-1995540-0693126,04-20-22,Shipped - Delivered to Buyer,Merchant,Amazon.in,Standard,MEN5019,MEN5019-KR-M,kurta,M,B08YYSNPZB,Shipped,1,INR,476.0,PANACHIKKAD,KERALA,686531.0,IN,"Amazon PLCC Free-Financing Universal Merchant AAT-WNKTBO3K27EJC,Amazon PLCC Free-Financing Universal Merchant AAT-QX3UCCJESKPA2,Amazon PLCC Free-Financing Universal Merchant AAT-5QQ7BIYYQEDN2,Amazon PLCC Free-Financing Universal Merchant AAT-DSJ2QRXXWXVMQ,Amazon PLCC Free-Financing Universal Merchant AAT-CXJHMC2YJUK76,Amazon PLCC Free-Financing Universal Merchant AAT-CC4FAVTYR4X7C,Amazon PLCC Free-Financing Universal Merchant AAT-XXRCW6NZEPZI4,Amazon PLCC Free-Financing Universal Merchant AAT-EOKPWFWYW7Y6I,Amazon PLCC Free-Financing Universal Merchant AAT-G5ZRX4BZOIODU,Amazon PLCC Free-Financing Universal Merchant AAT-DELQQPYRTQEMS,Amazon PLCC Free-Financing Universal Merchant AAT-XX7G3ZRJJJ5LG,Amazon PLCC Free-Financing Universal Merchant AAT-LEHCKNDBJG64E,Amazon PLCC Free-Financing Universal Merchant AAT-DJVHCEV7D7RQY,Amazon PLCC Free-Financing Universal Merchant AAT-BRSZZ45H6MHAO,Amazon PLCC Free-Financing Universal Merchant AAT-MKLXOOZWQL7GO,Amazon PLCC Free-Financing Universal Merchant AAT-CB7UNXEXGIJTC,Amazon PLCC Free-Financing Universal Merchant #MP-gzasho-1593152694811,Amazon PLCC Free-Financing Universal Merchant AAT-WLBA4GZ52EAH4",False,Easy Ship,
113981,403-4836438-5793128,06-11-22,Shipped,Amazon,Amazon.in,Expedited,JNE3294,JNE3294-KR-M,kurta,M,B07R52G8ZN,Shipped,1,INR,432.0,VINDHYA NAGAR NTPC TOWNSHIP,MADHYA PRADESH,486885.0,IN,,False,,False
32108,403-1073898-9546707,04-11-22,Shipped,Amazon,Amazon.in,Expedited,J0008,J0008-SKD-M,Set,M,B0894YTN3H,Shipped,1,INR,1065.0,DUMRAON,BIHAR,802119.0,IN,IN Core Free Shipping 2015/04/08 23-48-5-108,False,,
49324,402-2346651-6160336,05-31-22,Shipped - Delivered to Buyer,Merchant,Amazon.in,Standard,JNE3720,JNE3720-KR-XL,kurta,XL,B099F9N2F3,Shipped,1,INR,517.0,KANCHIPURAM,TAMIL NADU,600070.0,IN,"Amazon PLCC Free-Financing Universal Merchant AAT-WNKTBO3K27EJC,Amazon PLCC Free-Financing Universal Merchant AAT-QX3UCCJESKPA2,Amazon PLCC Free-Financing Universal Merchant AAT-5QQ7BIYYQEDN2,Amazon PLCC Free-Financing Universal Merchant AAT-DSJ2QRXXWXVMQ,Amazon PLCC Free-Financing Universal Merchant AAT-CXJHMC2YJUK76,Amazon PLCC Free-Financing Universal Merchant AAT-CC4FAVTYR4X7C,Amazon PLCC Free-Financing Universal Merchant AAT-FYWJCQHU2XQ2U,Amazon PLCC Free-Financing Universal Merchant AAT-R7GXNZWISTRFA,Amazon PLCC Free-Financing Universal Merchant AAT-EOKPWFWYW7Y6I,Amazon PLCC Free-Financing Universal Merchant AAT-URPEBMPS7TSPE,Amazon PLCC Free-Financing Universal Merchant AAT-5ZEB2OGNZ32MC,Amazon PLCC Free-Financing Universal Merchant AAT-CAK4QZ7KEFRQU,Amazon PLCC Free-Financing Universal Merchant AAT-YZJ5BRTPINRLK,Amazon PLCC Free-Financing Universal Merchant AAT-SNWJTEAZA2JRI,Amazon PLCC Free-Financing Universal Merchant AAT-BBJ6FVTP3QKBO,Amazon PLCC Free-Financing Universal Merchant AAT-BRSZZ45H6MHAO,Amazon PLCC Free-Financing Universal Merchant AAT-MKLXOOZWQL7GO,Amazon PLCC Free-Financing Universal Merchant AAT-CB7UNXEXGIJTC,Amazon PLCC Free-Financing Universal Merchant #MP-gzasho-1593152694811,Amazon PLCC Free-Financing Universal Merchant AAT-WLBA4GZ52EAH4",False,Easy Ship,False
7713,408-9674851-5237131,04-25-22,Shipped - Delivered to Buyer,Merchant,Amazon.in,Standard,SET397,SET397-KR-NP  -M,Set,M,B09RKD6KWL,Shipped,1,INR,1186.0,NEW DELHI,DELHI,110092.0,IN,"Amazon PLCC Free-Financing Universal Merchant AAT-WNKTBO3K27EJC,Amazon PLCC Free-Financing Universal Merchant AAT-QX3UCCJESKPA2,Amazon PLCC Free-Financing Universal Merchant AAT-5QQ7BIYYQEDN2,Amazon PLCC Free-Financing Universal Merchant AAT-DSJ2QRXXWXVMQ,Amazon PLCC Free-Financing Universal Merchant AAT-CXJHMC2YJUK76,Amazon PLCC Free-Financing Universal Merchant AAT-CC4FAVTYR4X7C,Amazon PLCC Free-Financing Universal Merchant AAT-XXRCW6NZEPZI4,Amazon PLCC Free-Financing Universal Merchant AAT-EOKPWFWYW7Y6I,Amazon PLCC Free-Financing Universal Merchant AAT-ZYL5UPUNW6T62,Amazon PLCC Free-Financing Universal Merchant AAT-G5ZRX4BZOIODU,Amazon PLCC Free-Financing Universal Merchant AAT-PZHUW6DZX4BPS,Amazon PLCC Free-Financing Universal Merchant AAT-ETXQ3XXWMRXBG,Amazon PLCC Free-Financing Universal Merchant AAT-BRSZZ45H6MHAO,Amazon PLCC Free-Financing Universal Merchant AAT-MKLXOOZWQL7GO,Amazon PLCC Free-Financing Universal Merchant AAT-CB7UNXEXGIJTC,Amazon PLCC Free-Financing Universal Merchant #MP-gzasho-1593152694811,Amazon PLCC Free-Financing Universal Merchant AAT-WLBA4GZ52EAH4",False,Easy Ship,
53298,171-4595065-4886754,05-28-22,Shipped,Amazon,Amazon.in,Expedited,JNE3798,JNE3798-KR-M,Western Dress,M,B09SDXTRS9,Shipped,1,INR,771.0,RUDRAPUR,UTTAR PRADESH,274204.0,IN,IN Core Free Shipping 2015/04/08 23-48-5-108,False,,False
39447,407-2505201-8926765,04-07-22,Shipped,Amazon,Amazon.in,Expedited,JNE3567,JNE3567-KR-XL,kurta,XL,B08KRTXC2Y,Shipped,1,INR,399.0,HYDERABAD,TELANGANA,500043.0,IN,,False,,
45141,405-0092049-1638708,04-03-22,Shipped,Amazon,Amazon.in,Expedited,J0230,J0230-SKD-L,Set,L,B08XNDL1DL,Shipped,1,INR,969.0,NEW DELHI,DELHI,110059.0,IN,IN Core Free Shipping 2015/04/08 23-48-5-108,False,,
53439,404-3559455-3159569,05-28-22,Cancelled,Amazon,Amazon.in,Expedited,JNE3797,JNE3797-KR-XL,Western Dress,XL,B09SDXRYBG,Cancelled,0,,,THRISSUR,KERALA,680541.0,IN,,False,,False
104950,402-4021436-2017146,06-17-22,Cancelled,Merchant,Amazon.in,Standard,SET233,SET233-KR-PP-L,Set,L,B08MXF6MZF,,0,INR,503.81,RAJAHMUNDRY,ANDHRA PRADESH,533106.0,IN,,False,Easy Ship,False
45412,406-0652836-7056318,04-03-22,Shipped - Delivered to Buyer,Merchant,Amazon.in,Standard,JNE3797,JNE3797-KR-XXL,Western Dress,XXL,B09SDXSQ33,Shipped,1,INR,715.0,"Perole,Nileshwar P.O, kasaragod district",KERALA,671314.0,IN,"Amazon PLCC Free-Financing Universal Merchant AAT-WNKTBO3K27EJC,Amazon PLCC Free-Financing Universal Merchant AAT-QX3UCCJESKPA2,Amazon PLCC Free-Financing Universal Merchant AAT-CXJHMC2YJUK76,Amazon PLCC Free-Financing Universal Merchant AAT-CC4FAVTYR4X7C,Amazon PLCC Free-Financing Universal Merchant AAT-XXRCW6NZEPZI4,Amazon PLCC Free-Financing Universal Merchant AAT-EOKPWFWYW7Y6I,VPC-44571-38707597 Coupon,Amazon PLCC Free-Financing Universal Merchant AAT-ZYL5UPUNW6T62,Amazon PLCC Free-Financing Universal Merchant AAT-G5ZRX4BZOIODU,Amazon PLCC Free-Financing Universal Merchant AAT-YFJA6XMAMWZSK,Amazon PLCC Free-Financing Universal Merchant AAT-K66BSCE2J2V5E,Amazon PLCC Free-Financing Universal Merchant AAT-TNYBHEAO7HOHO,Amazon PLCC Free-Financing Universal Merchant AAT-BRSZZ45H6MHAO,Amazon PLCC Free-Financing Universal Merchant AAT-MKLXOOZWQL7GO,Amazon PLCC Free-Financing Universal Merchant AAT-CB7UNXEXGIJTC,Amazon PLCC Free-Financing Universal Merchant #MP-gzasho-1593152694811,Amazon PLCC Free-Financing Universal Merchant AAT-WLBA4GZ52EAH4,Amazon PLCC Free-Financing Universal Merchant AAT-QMFZ3M7T5NPDS,Amazon PLCC Free-Financing Universal Merchant #MP-pmilan-1601980554292",False,Easy Ship,
37300,403-7641374-2128366,04-08-22,Shipped,Amazon,Amazon.in,Expedited,JNE3567,JNE3567-KR-M,kurta,M,B08KRXV1QR,Shipped,1,INR,399.0,HYDERABAD,TELANGANA,500072.0,IN,IN Core Free Shipping 2015/04/08 23-48-5-108,False,,
95566,171-9048588-2507563,06-25-22,Shipped,Amazon,Amazon.in,Expedited,JNE1525,JNE1525-KR-UDF19BLACK-L,kurta,L,B01MSEK1O5,Shipped,1,INR,301.0,Ponda,Goa,403404.0,IN,,False,,False
68093,405-4354393-2596331,05-16-22,Shipped,Amazon,Amazon.in,Expedited,JNE3560,JNE3560-KR-XL,kurta,XL,B08PCSJ2M6,Shipped,1,INR,544.0,Navnagar BAGALKOT,KARNATAKA,587103.0,IN,IN Core Free Shipping 2015/04/08 23-48-5-108,False,,False
53761,404-0872539-3433133,05-28-22,Shipped,Amazon,Amazon.in,Expedited,J0034,J0034-SET-XXL,Set,XXL,B089G1559Q,Shipped,1,INR,717.0,Bhimavaram,ANDHRA PRADESH,534202.0,IN,IN Core Free Shipping 2015/04/08 23-48-5-108,False,,False
99671,407-1843042-2840322,06-22-22,Shipped,Amazon,Amazon.in,Expedited,SET342,SET342-KR-NP-N-XL,Set,XL,B09Q19BQCF,Shipped,1,INR,825.0,NAGROTA,JAMMU & KASHMIR,181221.0,IN,IN Core Free Shipping 2015/04/08 23-48-5-108,False,,False
71075,404-0876319-5297147,05-14-22,Shipped,Amazon,Amazon.in,Expedited,JNE3869,JNE3869-DR-XXXL,Western Dress,3XL,B09RK757KM,Shipped,1,INR,721.0,MUMBAI,MAHARASHTRA,400097.0,IN,IN Core Free Shipping 2015/04/08 23-48-5-108,False,,False
119460,408-6380588-1828312,06-07-22,Shipped - Delivered to Buyer,Merchant,Amazon.in,Standard,JNE3797,JNE3797-KR-XXL,Western Dress,XXL,B09SDXSQ33,Shipped,1,INR,0.0,BENGALURU,KARNATAKA,560072.0,IN,"Amazon PLCC Free-Financing Universal Merchant AAT-5QQ7BIYYQEDN2,Amazon PLCC Free-Financing Universal Merchant AAT-DSJ2QRXXWXVMQ,Amazon PLCC Free-Financing Universal Merchant AAT-EWAPBB6BDRGM6,Amazon PLCC Free-Financing Universal Merchant AAT-AMKH7SAAONETC,Amazon PLCC Free-Financing Universal Merchant AAT-56XNPXK2K7OLI,Amazon PLCC Free-Financing Universal Merchant AAT-ZBCRDPHJI4UDO,Amazon PLCC Free-Financing Universal Merchant AAT-CMBNOJYSQPOPS,Amazon PLCC Free-Financing Universal Merchant AAT-IBN3WODYJ44YC,Amazon PLCC Free-Financing Universal Merchant AAT-W2F65W44TEYES,Amazon PLCC Free-Financing Universal Merchant AAT-ZBGDWJCP6BTLE,Amazon PLCC Free-Financing Universal Merchant #MP-gzasho-1593152694811",False,Easy Ship,False
60228,171-6783377-8320353,05-23-22,Shipped - Delivered to Buyer,Merchant,Amazon.in,Standard,JNE3905,JNE3905-DR-M,Western Dress,M,B09YYRG28X,Shipped,1,INR,625.0,NAGPUR,MAHARASHTRA,440022.0,IN,"Amazon PLCC Free-Financing Universal Merchant AAT-WNKTBO3K27EJC,Amazon PLCC Free-Financing Universal Merchant AAT-QX3UCCJESKPA2,Amazon PLCC Free-Financing Universal Merchant AAT-5QQ7BIYYQEDN2,Amazon PLCC Free-Financing Universal Merchant AAT-DSJ2QRXXWXVMQ,Amazon PLCC Free-Financing Universal Merchant AAT-CXJHMC2YJUK76,Amazon PLCC Free-Financing Universal Merchant AAT-CC4FAVTYR4X7C,Amazon PLCC Free-Financing Universal Merchant SS-1640596961008,Amazon PLCC Free-Financing Universal Merchant AAT-FYWJCQHU2XQ2U,Amazon PLCC Free-Financing Universal Merchant AAT-EOKPWFWYW7Y6I,Amazon PLCC Free-Financing Universal Merchant AAT-URPEBMPS7TSPE,VPC-44571-41445527 Coupon,Amazon PLCC Free-Financing Universal Merchant AAT-5ZEB2OGNZ32MC,Amazon PLCC Free-Financing Universal Merchant AAT-4ZN7U6MMDFGWM,Amazon PLCC Free-Financing Universal Merchant AAT-PAWHL2EB33U42,Amazon PLCC Free-Financing Universal Merchant AAT-7WX4JYESZISLU,Amazon PLCC Free-Financing Universal Merchant AAT-CIX56SGGAWUYW,Amazon PLCC Free-Financing Universal Merchant AAT-DMQVBJASKTAHS,Amazon PLCC Free-Financing Universal Merchant AAT-TNYBHEAO7HOHO,Amazon PLCC Free-Financing Universal Merchant AAT-BRSZZ45H6MHAO,Amazon PLCC Free-Financing Universal Merchant AAT-MKLXOOZWQL7GO,Amazon PLCC Free-Financing Universal Merchant AAT-CB7UNXEXGIJTC,Amazon PLCC Free-Financing Universal Merchant #MP-gzasho-1593152694811,Amazon PLCC Free-Financing Universal Merchant AAT-WLBA4GZ52EAH4,Amazon PLCC Free-Financing Universal Merchant AAT-QMFZ3M7T5NPDS,Amazon PLCC Free-Financing Universal Merchant #MP-pmilan-1601980554292",False,Easy Ship,False
34900,402-5669142-6546723,04-09-22,Shipped - Delivered to Buyer,Merchant,Amazon.in,Standard,J0003,J0003-SET-S,Set,S,B0894X27FC,Shipped,1,INR,654.0,RANCHI,JHARKHAND,834005.0,IN,"Amazon PLCC Free-Financing Universal Merchant AAT-WNKTBO3K27EJC,Amazon PLCC Free-Financing Universal Merchant AAT-QX3UCCJESKPA2,Amazon PLCC Free-Financing Universal Merchant AAT-CXJHMC2YJUK76,Amazon PLCC Free-Financing Universal Merchant AAT-SL3Y2YRMAUNFC,Amazon PLCC Free-Financing Universal Merchant AAT-CC4FAVTYR4X7C,Amazon PLCC Free-Financing Universal Merchant AAT-XXRCW6NZEPZI4,Amazon PLCC Free-Financing Universal Merchant AAT-R7GXNZWISTRFA,Amazon PLCC Free-Financing Universal Merchant AAT-EOKPWFWYW7Y6I,Amazon PLCC Free-Financing Universal Merchant AAT-ZYL5UPUNW6T62,Amazon PLCC Free-Financing Universal Merchant AAT-G5ZRX4BZOIODU,Amazon PLCC Free-Financing Universal Merchant AAT-P3CSUAK4HTEP2,Amazon PLCC Free-Financing Universal Merchant AAT-YFJA6XMAMWZSK,Amazon PLCC Free-Financing Universal Merchant AAT-K66BSCE2J2V5E,Amazon PLCC Free-Financing Universal Merchant AAT-275LMAQ3T5REI,Amazon PLCC Free-Financing Universal Merchant SS-1649241544188,Amazon PLCC Free-Financing Universal Merchant AAT-BRSZZ45H6MHAO,Amazon PLCC Free-Financing Universal Merchant AAT-MKLXOOZWQL7GO,Amazon PLCC Free-Financing Universal Merchant AAT-CB7UNXEXGIJTC,Amazon PLCC Free-Financing Universal Merchant #MP-gzasho-1593152694811,Amazon PLCC Free-Financing Universal Merchant AAT-WLBA4GZ52EAH4",False,Easy Ship,
50609,403-7116142-3364309,05-30-22,Shipped - Returned to Seller,Merchant,Amazon.in,Standard,JNE3384,JNE3384-KR-XXXL,kurta,3XL,B084KJFN62,Shipped,1,INR,301.0,AIZAWL,MIZORAM,796009.0,IN,"Amazon PLCC Free-Financing Universal Merchant AAT-WNKTBO3K27EJC,Amazon PLCC Free-Financing Universal Merchant AAT-QX3UCCJESKPA2,Amazon PLCC Free-Financing Universal Merchant AAT-5QQ7BIYYQEDN2,Amazon PLCC Free-Financing Universal Merchant AAT-DSJ2QRXXWXVMQ,Amazon PLCC Free-Financing Universal Merchant AAT-CXJHMC2YJUK76,Amazon PLCC Free-Financing Universal Merchant AAT-CC4FAVTYR4X7C,Amazon PLCC Free-Financing Universal Merchant AAT-FYWJCQHU2XQ2U,Amazon PLCC Free-Financing Universal Merchant AAT-EOKPWFWYW7Y6I,Amazon PLCC Free-Financing Universal Merchant AAT-URPEBMPS7TSPE,Amazon PLCC Free-Financing Universal Merchant AAT-CAK4QZ7KEFRQU,Amazon PLCC Free-Financing Universal Merchant AAT-YZJ5BRTPINRLK,Amazon PLCC Free-Financing Universal Merchant AAT-SNWJTEAZA2JRI,Amazon PLCC Free-Financing Universal Merchant AAT-BBJ6FVTP3QKBO,Amazon PLCC Free-Financing Universal Merchant AAT-BRSZZ45H6MHAO,Amazon PLCC Free-Financing Universal Merchant AAT-MKLXOOZWQL7GO,Amazon PLCC Free-Financing Universal Merchant AAT-CB7UNXEXGIJTC,Amazon PLCC Free-Financing Universal Merchant #MP-gzasho-1593152694811,Amazon PLCC Free-Financing Universal Merchant AAT-WLBA4GZ52EAH4",False,Easy Ship,False
51387,405-8445161-5301111,05-30-22,Shipped,Amazon,Amazon.in,Expedited,J0341,J0341-DR-M,Western Dress,M,B099NQQ79L,Shipped,1,INR,885.0,KANDUKUR,ANDHRA PRADESH,523105.0,IN,IN Core Free Shipping 2015/04/08 23-48-5-108,False,,False
49580,405-9045346-6409900,05-31-22,Shipped,Amazon,Amazon.in,Expedited,JNE3714,JNE3714-KR-XL,kurta,XL,B099NPN8W4,Shipped,1,INR,487.0,COIMBATORE,TAMIL NADU,641026.0,IN,,False,,False
4645,402-9888080-1750741,04-27-22,Shipped,Amazon,Amazon.in,Expedited,SET393,SET393-KR-NP-XS,Set,XS,B09QJ3RGB6,Shipped,1,INR,969.0,KANPUR,UTTAR PRADESH,208019.0,IN,IN Core Free Shipping 2015/04/08 23-48-5-108,False,,
69476,407-2418175-8177966,05-15-22,Shipped - Delivered to Buyer,Merchant,Amazon.in,Standard,JNE3787,JNE3787-KR-S,kurta,S,B09RKBXM5B,Shipped,1,INR,487.0,CHENNAI,TAMIL NADU,600052.0,IN,"Amazon PLCC Free-Financing Universal Merchant AAT-WNKTBO3K27EJC,Amazon PLCC Free-Financing Universal Merchant AAT-QX3UCCJESKPA2,Amazon PLCC Free-Financing Universal Merchant AAT-5QQ7BIYYQEDN2,Amazon PLCC Free-Financing Universal Merchant AAT-DSJ2QRXXWXVMQ,Amazon PLCC Free-Financing Universal Merchant AAT-CXJHMC2YJUK76,Amazon PLCC Free-Financing Universal Merchant AAT-CC4FAVTYR4X7C,Amazon PLCC Free-Financing Universal Merchant AAT-FYWJCQHU2XQ2U,Amazon PLCC Free-Financing Universal Merchant AAT-CXNSLNBROFDW4,Amazon PLCC Free-Financing Universal Merchant AAT-WSJLDN3X7KEMO,Amazon PLCC Free-Financing Universal Merchant AAT-VL6FGQVGQVXUS,Amazon PLCC Free-Financing Universal Merchant AAT-EOKPWFWYW7Y6I,Amazon PLCC Free-Financing Universal Merchant AAT-URPEBMPS7TSPE,Amazon PLCC Free-Financing Universal Merchant AAT-YZ2VQO2YM6YYM,Amazon PLCC Free-Financing Universal Merchant AAT-4EOBCMLXMLDGY,Amazon PLCC Free-Financing Universal Merchant AAT-UB6CYNTOQMM7C,Amazon PLCC Free-Financing Universal Merchant AAT-BRSZZ45H6MHAO,Amazon PLCC Free-Financing Universal Merchant AAT-MKLXOOZWQL7GO,Amazon PLCC Free-Financing Universal Merchant AAT-CB7UNXEXGIJTC,Amazon PLCC Free-Financing Universal Merchant #MP-gzasho-1593152694811,Amazon PLCC Free-Financing Universal Merchant AAT-WLBA4GZ52EAH4",False,Easy Ship,False
66417,404-1318452-3526758,05-17-22,Shipped - Delivered to Buyer,Merchant,Amazon.in,Standard,J0127,J0127-SKD-S,Set,S,B08QGKK49Z,Shipped,1,INR,1186.0,NAVI MUMBAI,MAHARASHTRA,400703.0,IN,"Amazon PLCC Free-Financing Universal Merchant AAT-WNKTBO3K27EJC,Amazon PLCC Free-Financing Universal Merchant AAT-QX3UCCJESKPA2,Amazon PLCC Free-Financing Universal Merchant AAT-5QQ7BIYYQEDN2,Amazon PLCC Free-Financing Universal Merchant AAT-DSJ2QRXXWXVMQ,Amazon PLCC Free-Financing Universal Merchant AAT-CXJHMC2YJUK76,Amazon PLCC Free-Financing Universal Merchant AAT-SL3Y2YRMAUNFC,Amazon PLCC Free-Financing Universal Merchant AAT-CC4FAVTYR4X7C,Amazon PLCC Free-Financing Universal Merchant AAT-FYWJCQHU2XQ2U,Amazon PLCC Free-Financing Universal Merchant AAT-EOKPWFWYW7Y6I,Amazon PLCC Free-Financing Universal Merchant AAT-URPEBMPS7TSPE,Amazon PLCC Free-Financing Universal Merchant AAT-5ZEB2OGNZ32MC,Amazon PLCC Free-Financing Universal Merchant AAT-YZ2VQO2YM6YYM,Amazon PLCC Free-Financing Universal Merchant AAT-4EOBCMLXMLDGY,Amazon PLCC Free-Financing Universal Merchant AAT-UB6CYNTOQMM7C,Amazon PLCC Free-Financing Universal Merchant AAT-BRSZZ45H6MHAO,Amazon PLCC Free-Financing Universal Merchant AAT-MKLXOOZWQL7GO,Amazon PLCC Free-Financing Universal Merchant AAT-CB7UNXEXGIJTC,Amazon PLCC Free-Financing Universal Merchant #MP-gzasho-1593152694811,Amazon PLCC Free-Financing Universal Merchant AAT-WLBA4GZ52EAH4",False,Easy Ship,False
92262,408-2910250-4842749,06-28-22,Pending,Amazon,Amazon.in,Standard,SET350,SET350-KR-NP-L,Set,L,B09RKDXRZK,Unshipped,1,INR,0.0,LUDHIANA,PUNJAB,141013.0,IN,,False,,False
122244,407-3538412-7298758,06-05-22,Shipped - Delivered to Buyer,Merchant,Amazon.in,Standard,J0096,J0096-KR-XL,kurta,XL,B089G2K69F,Shipped,1,INR,635.0,TIRUPATI,ANDHRA PRADESH,517501.0,IN,"Amazon PLCC Free-Financing Universal Merchant AAT-WNKTBO3K27EJC,Amazon PLCC Free-Financing Universal Merchant AAT-QX3UCCJESKPA2,Amazon PLCC Free-Financing Universal Merchant AAT-5QQ7BIYYQEDN2,Amazon PLCC Free-Financing Universal Merchant AAT-DSJ2QRXXWXVMQ,Amazon PLCC Free-Financing Universal Merchant AAT-CXJHMC2YJUK76,Amazon PLCC Free-Financing Universal Merchant AAT-CC4FAVTYR4X7C,Amazon PLCC Free-Financing Universal Merchant AAT-EWAPBB6BDRGM6,Amazon PLCC Free-Financing Universal Merchant AAT-EOKPWFWYW7Y6I,Amazon PLCC Free-Financing Universal Merchant AAT-NT3ZJJGQ3JK3Q,Amazon PLCC Free-Financing Universal Merchant AAT-Z7SKZOEIDWRU4,Amazon PLCC Free-Financing Universal Merchant AAT-5QNBXTEQWGXOW,Amazon PLCC Free-Financing Universal Merchant AAT-BRSZZ45H6MHAO,Amazon PLCC Free-Financing Universal Merchant AAT-MKLXOOZWQL7GO,Amazon PLCC Free-Financing Universal Merchant AAT-CB7UNXEXGIJTC,Amazon PLCC Free-Financing Universal Merchant #MP-gzasho-1593152694811,Amazon PLCC Free-Financing Universal Merchant AAT-WLBA4GZ52EAH4,Amazon PLCC Free-Financing Universal Merchant #MP-pmilan-1601980554292",False,Easy Ship,False
42743,404-9529979-8299505,04-04-22,Cancelled,Merchant,Amazon.in,Standard,JNE3801,JNE3801-KR-M,kurta,M,B09SDZ4FH9,,0,,,MEDINIPUR,WEST BENGAL,721101.0,IN,,False,Easy Ship,
11080,406-8148585-4634735,04-23-22,Shipped,Amazon,Amazon.in,Expedited,JNE3443,JNE3443-KR-S,kurta,S,B081X2FK8W,Shipped,1,INR,487.0,PATIALA,PUNJAB,147001.0,IN,IN Core Free Shipping 2015/04/08 23-48-5-108,False,,
40827,402-5145993-8596313,04-06-22,Shipped,Amazon,Amazon.in,Expedited,J0112,J0112-TP-M,Top,M,B08V19DNL7,Shipped,1,INR,359.0,DAVANAGERE,KARNATAKA,577005.0,IN,IN Core Free Shipping 2015/04/08 23-48-5-108,False,,
81849,171-0856224-4145914,05-05-22,Shipped,Amazon,Amazon.in,Expedited,SET364,SET364-KR-NP-XL,Set,XL,B09QJ3R132,Shipped,1,INR,1258.0,GOLABANDHA,ODISHA,761052.0,IN,IN Core Free Shipping 2015/04/08 23-48-5-108,False,,False
98472,407-0713163-4663553,06-23-22,Shipped - Delivered to Buyer,Merchant,Amazon.in,Standard,J0244,J0244-SKD-M,Set,M,B0925X6RTJ,Shipped,1,INR,1174.0,SIDDIPET,TELANGANA,502103.0,IN,"Amazon PLCC Free-Financing Universal Merchant AAT-WNKTBO3K27EJC,Amazon PLCC Free-Financing Universal Merchant AAT-QX3UCCJESKPA2,Amazon PLCC Free-Financing Universal Merchant AAT-5QQ7BIYYQEDN2,Amazon PLCC Free-Financing Universal Merchant AAT-DSJ2QRXXWXVMQ,Amazon PLCC Free-Financing Universal Merchant AAT-CXJHMC2YJUK76,Amazon PLCC Free-Financing Universal Merchant AAT-CC4FAVTYR4X7C,Amazon PLCC Free-Financing Universal Merchant AAT-EWAPBB6BDRGM6,Amazon PLCC Free-Financing Universal Merchant AAT-EOKPWFWYW7Y6I,Amazon PLCC Free-Financing Universal Merchant AAT-NT3ZJJGQ3JK3Q,Amazon PLCC Free-Financing Universal Merchant AAT-7IFG6TWAZNCBQ,Amazon PLCC Free-Financing Universal Merchant AAT-6XVEGAWJUJYXG,Amazon PLCC Free-Financing Universal Merchant AAT-BOWEMQBNNNHBK,Amazon PLCC Free-Financing Universal Merchant AAT-SKYXW7T3UZBGO,Amazon PLCC Free-Financing Universal Merchant AAT-ONHQI6RQUNGB6,Amazon PLCC Free-Financing Universal Merchant AAT-UFMRPWCRGE2ZM,Amazon PLCC Free-Financing Universal Merchant AAT-SF4YGC5K3O574,Amazon PLCC Free-Financing Universal Merchant AAT-SUBB5QVZKACYG,Amazon PLCC Free-Financing Universal Merchant AAT-CF5ZF57364I7G,Amazon PLCC Free-Financing Universal Merchant AAT-BRSZZ45H6MHAO,Amazon PLCC Free-Financing Universal Merchant AAT-MKLXOOZWQL7GO,Amazon PLCC Free-Financing Universal Merchant AAT-CB7UNXEXGIJTC,Amazon PLCC Free-Financing Universal Merchant #MP-gzasho-1593152694811,Amazon PLCC Free-Financing Universal Merchant AAT-WLBA4GZ52EAH4",False,Easy Ship,False
5581,408-3215121-8732321,04-27-22,Shipped - Delivered to Buyer,Merchant,Amazon.in,Standard,J0148,J0148-SET-L,Set,L,B0929B5FX5,Shipped,1,INR,636.0,NEW DELHI,DELHI,110030.0,IN,"Amazon PLCC Free-Financing Universal Merchant AAT-WNKTBO3K27EJC,Amazon PLCC Free-Financing Universal Merchant AAT-QX3UCCJESKPA2,Amazon PLCC Free-Financing Universal Merchant AAT-5QQ7BIYYQEDN2,Amazon PLCC Free-Financing Universal Merchant AAT-DSJ2QRXXWXVMQ,Amazon PLCC Free-Financing Universal Merchant AAT-CXJHMC2YJUK76,Amazon PLCC Free-Financing Universal Merchant AAT-SL3Y2YRMAUNFC,Amazon PLCC Free-Financing Universal Merchant AAT-CC4FAVTYR4X7C,Amazon PLCC Free-Financing Universal Merchant AAT-XXRCW6NZEPZI4,Amazon PLCC Free-Financing Universal Merchant AAT-EOKPWFWYW7Y6I,Amazon PLCC Free-Financing Universal Merchant AAT-ZYL5UPUNW6T62,Amazon PLCC Free-Financing Universal Merchant AAT-G5ZRX4BZOIODU,Amazon PLCC Free-Financing Universal Merchant AAT-PZHUW6DZX4BPS,Amazon PLCC Free-Financing Universal Merchant AAT-ETXQ3XXWMRXBG,Amazon PLCC Free-Financing Universal Merchant AAT-7X3XCTYG64VBE,Amazon PLCC Free-Financing Universal Merchant AAT-7CHGD3WTS3MHM,Amazon PLCC Free-Financing Universal Merchant AAT-26ZDKNME27X42,Amazon PLCC Free-Financing Universal Merchant AAT-4ZF5KN6E4LJK4,Amazon PLCC Free-Financing Universal Merchant AAT-7RCXIKUAX7DDY,Amazon PLCC Free-Financing Universal Merchant AAT-BRSZZ45H6MHAO,Amazon PLCC Free-Financing Universal Merchant AAT-MKLXOOZWQL7GO,Amazon PLCC Free-Financing Universal Merchant AAT-CB7UNXEXGIJTC,Amazon PLCC Free-Financing Universal Merchant #MP-gzasho-1593152694811,Amazon PLCC Free-Financing Universal Merchant AAT-WLBA4GZ52EAH4",False,Easy Ship,
54482,404-6538146-7780356,05-27-22,Shipped,Amazon,Amazon.in,Expedited,NW020,NW020-ST-SR-XL,Set,XL,B099NNVBWM,Shipped,1,INR,517.0,FARIDABAD,HARYANA,121004.0,IN,IN Core Free Shipping 2015/04/08 23-48-5-108,False,,False
34878,404-7369113-9949951,04-09-22,Shipped,Amazon,Amazon.in,Expedited,SET268,SET268-KR-NP-L,Set,L,B08XQ8MCKP,Shipped,1,INR,788.0,CHENNAI,TAMIL NADU,600036.0,IN,,False,,
122841,406-7976392-6441149,06-05-22,Cancelled,Amazon,Amazon.in,Expedited,SET324,SET324-KR-NP-XL,Set,XL,B09NQ4QS13,Cancelled,0,,,BENGALURU,KARNATAKA,560052.0,IN,,False,,False
96990,404-9268921-7038734,06-24-22,Shipped,Amazon,Amazon.in,Expedited,AN201,AN201-RED-XL,Bottom,XL,B091GLZF98,Shipped,1,INR,301.0,Hyderabad,TELANGANA,500013.0,IN,IN Core Free Shipping 2015/04/08 23-48-5-108,False,,False
89176,402-6147374-0087557,05-02-22,Shipped - Delivered to Buyer,Merchant,Amazon.in,Standard,SET332,SET332-KR-PP-M,Set,M,B09NQ4SBZ4,Shipped,1,INR,549.0,GURUGRAM,HARYANA,122017.0,IN,"Amazon PLCC Free-Financing Universal Merchant AAT-WNKTBO3K27EJC,Amazon PLCC Free-Financing Universal Merchant AAT-QX3UCCJESKPA2,Amazon PLCC Free-Financing Universal Merchant AAT-5QQ7BIYYQEDN2,Amazon PLCC Free-Financing Universal Merchant AAT-DSJ2QRXXWXVMQ,Amazon PLCC Free-Financing Universal Merchant AAT-CXJHMC2YJUK76,Amazon PLCC Free-Financing Universal Merchant AAT-SL3Y2YRMAUNFC,Amazon PLCC Free-Financing Universal Merchant AAT-CC4FAVTYR4X7C,Amazon PLCC Free-Financing Universal Merchant AAT-FYWJCQHU2XQ2U,Amazon PLCC Free-Financing Universal Merchant AAT-EOKPWFWYW7Y6I,Amazon PLCC Free-Financing Universal Merchant AAT-URPEBMPS7TSPE,Amazon PLCC Free-Financing Universal Merchant AAT-3R6UGYISJQCKA,Amazon PLCC Free-Financing Universal Merchant AAT-BRSZZ45H6MHAO,Amazon PLCC Free-Financing Universal Merchant AAT-MKLXOOZWQL7GO,Amazon PLCC Free-Financing Universal Merchant AAT-CB7UNXEXGIJTC,Amazon PLCC Free-Financing Universal Merchant #MP-gzasho-1593152694811,Amazon PLCC Free-Financing Universal Merchant AAT-WLBA4GZ52EAH4,Amazon PLCC Free-Financing Universal Merchant #MP-pmilan-1601980554292",False,Easy Ship,False
104688,408-5634303-0891538,06-18-22,Shipped - Delivered to Buyer,Merchant,Amazon.in,Standard,SET402,SET402-KR-NP-XXXL,Set,3XL,B09VC5Z5Z7,Shipped,1,INR,988.0,BENGALURU,KARNATAKA,560064.0,IN,"Amazon PLCC Free-Financing Universal Merchant AAT-WNKTBO3K27EJC,Amazon PLCC Free-Financing Universal Merchant AAT-QX3UCCJESKPA2,Amazon PLCC Free-Financing Universal Merchant AAT-5QQ7BIYYQEDN2,Amazon PLCC Free-Financing Universal Merchant AAT-DSJ2QRXXWXVMQ,Amazon PLCC Free-Financing Universal Merchant AAT-CXJHMC2YJUK76,Amazon PLCC Free-Financing Universal Merchant AAT-SL3Y2YRMAUNFC,Amazon PLCC Free-Financing Universal Merchant AAT-CC4FAVTYR4X7C,Amazon PLCC Free-Financing Universal Merchant AAT-EWAPBB6BDRGM6,Amazon PLCC Free-Financing Universal Merchant AAT-EOKPWFWYW7Y6I,Amazon PLCC Free-Financing Universal Merchant AAT-NT3ZJJGQ3JK3Q,Amazon PLCC Free-Financing Universal Merchant AAT-5SHH3G55USK5C,Amazon PLCC Free-Financing Universal Merchant AAT-AMKH7SAAONETC,Amazon PLCC Free-Financing Universal Merchant AAT-56XNPXK2K7OLI,Amazon PLCC Free-Financing Universal Merchant AAT-6XVEGAWJUJYXG,Amazon PLCC Free-Financing Universal Merchant AAT-BOWEMQBNNNHBK,Amazon PLCC Free-Financing Universal Merchant AAT-SKYXW7T3UZBGO,Amazon PLCC Free-Financing Universal Merchant AAT-ONHQI6RQUNGB6,VPC-44571-44201853 Coupon,Amazon PLCC Free-Financing Universal Merchant AAT-7L53RVBBSPI3S,Amazon PLCC Free-Financing Universal Merchant AAT-FXGH5APHPAWRQ,Amazon PLCC Free-Financing Universal Merchant AAT-TNYBHEAO7HOHO,Amazon PLCC Free-Financing Universal Merchant AAT-BRSZZ45H6MHAO,Amazon PLCC Free-Financing Universal Merchant AAT-MKLXOOZWQL7GO,Amazon PLCC Free-Financing Universal Merchant AAT-CB7UNXEXGIJTC,Amazon PLCC Free-Financing Universal Merchant #MP-gzasho-1593152694811,Amazon PLCC Free-Financing Universal Merchant AAT-WLBA4GZ52EAH4,Amazon PLCC Free-Financing Universal Merchant AAT-QMFZ3M7T5NPDS,Amazon PLCC Free-Financing Universal Merchant #MP-pmilan-1601980554292",False,Easy Ship,False
25466,408-5234214-9364305,04-15-22,Shipped,Amazon,Amazon.in,Expedited,JNE3470,JNE3470-KR-XXL,kurta,XXL,B08W8KKGRX,Shipped,1,INR,329.0,Mumbai,MAHARASHTRA,400076.0,IN,,False,,
22100,405-5223497-4894742,04-17-22,Shipped,Amazon,Amazon.in,Expedited,J0230,J0230-SKD-S,Set,S,B08XNJ19QH,Shipped,1,INR,1112.0,BENGALURU,KARNATAKA,560066.0,IN,IN Core Free Shipping 2015/04/08 23-48-5-108,False,,
104371,408-8613144-4506701,06-18-22,Shipped,Amazon,Amazon.in,Expedited,J0004,J0004-SKD-XL,Set,XL,B0894XWGCR,Shipped,1,INR,0.0,BENGALURU,KARNATAKA,560075.0,IN,,False,,False
65255,406-2233878-1382767,05-18-22,Shipped,Amazon,Amazon.in,Expedited,J0097,J0097-KR-L,kurta,L,B08BJR2R7M,Shipped,1,INR,568.0,Rewari,HARYANA,123401.0,IN,IN Core Free Shipping 2015/04/08 23-48-5-108,False,,False
32200,407-2731124-7349965,04-11-22,Shipped,Amazon,Amazon.in,Expedited,J0119,J0119-TP-XL,Top,XL,B08RYPWC3J,Shipped,1,INR,540.0,PATNA,BIHAR,801503.0,IN,,False,,
51916,405-2748675-9392320,05-29-22,Shipped,Amazon,Amazon.in,Expedited,SET345,SET345-KR-NP-L,Set,L,B09KXT4VG7,Shipped,1,INR,641.0,UDUPI,KARNATAKA,574118.0,IN,IN Core Free Shipping 2015/04/08 23-48-5-108,False,,False
52193,404-1270283-7320364,05-29-22,Shipped,Amazon,Amazon.in,Expedited,J0339,J0339-DR-S,Western Dress,S,B0982ZDZ8H,Shipped,1,INR,825.0,New Delhi,DELHI,110067.0,IN,IN Core Free Shipping 2015/04/08 23-48-5-108,False,,False
15643,171-3500996-1161155,04-21-22,Shipped,Amazon,Amazon.in,Expedited,SET187,SET187-KR-DH-XL,Set,XL,B08B415N6S,Shipped,1,INR,599.0,KALYAN,MAHARASHTRA,421204.0,IN,,False,,
86121,407-7917581-7980317,05-03-22,Shipped,Amazon,Amazon.in,Expedited,J0346,J0346-SET-XL,Set,XL,B0983G1KLL,Shipped,1,INR,464.0,VADODARA,Gujarat,390012.0,IN,,False,,False
83498,403-8248321-0997161,05-04-22,Shipped,Amazon,Amazon.in,Expedited,JNE3405,JNE3405-KR-L,kurta,L,B081WSCKPQ,Shipped,1,INR,399.0,GORAKHPUR,UTTAR PRADESH,273014.0,IN,,False,,False
32311,405-8385584-8498728,04-11-22,Shipped - Delivered to Buyer,Merchant,Amazon.in,Standard,SET329,SET329-KR-NP-M,Set,M,B09K3BNDTT,Shipped,1,INR,666.0,CHENNAI,TAMIL NADU,600016.0,IN,"Amazon PLCC Free-Financing Universal Merchant AAT-WNKTBO3K27EJC,Amazon PLCC Free-Financing Universal Merchant AAT-QX3UCCJESKPA2,Amazon PLCC Free-Financing Universal Merchant AAT-CXJHMC2YJUK76,Amazon PLCC Free-Financing Universal Merchant AAT-SL3Y2YRMAUNFC,Amazon PLCC Free-Financing Universal Merchant AAT-CC4FAVTYR4X7C,Amazon PLCC Free-Financing Universal Merchant AAT-XXRCW6NZEPZI4,Amazon PLCC Free-Financing Universal Merchant AAT-CXNSLNBROFDW4,Amazon PLCC Free-Financing Universal Merchant AAT-WSJLDN3X7KEMO,Amazon PLCC Free-Financing Universal Merchant AAT-VL6FGQVGQVXUS,Amazon PLCC Free-Financing Universal Merchant AAT-EOKPWFWYW7Y6I,Amazon PLCC Free-Financing Universal Merchant AAT-ZYL5UPUNW6T62,Amazon PLCC Free-Financing Universal Merchant AAT-G5ZRX4BZOIODU,Amazon PLCC Free-Financing Universal Merchant AAT-ACZIPIA37BFIY,Amazon PLCC Free-Financing Universal Merchant AAT-4UKS7UWZY3AES,Amazon PLCC Free-Financing Universal Merchant AAT-PZHUW6DZX4BPS,Amazon PLCC Free-Financing Universal Merchant AAT-BRSZZ45H6MHAO,Amazon PLCC Free-Financing Universal Merchant AAT-MKLXOOZWQL7GO,Amazon PLCC Free-Financing Universal Merchant AAT-CB7UNXEXGIJTC,Amazon PLCC Free-Financing Universal Merchant #MP-gzasho-1593152694811,Amazon PLCC Free-Financing Universal Merchant AAT-WLBA4GZ52EAH4",False,Easy Ship,
122361,406-8692724-0533128,06-05-22,Shipped,Amazon,Amazon.in,Expedited,SET324,SET324-KR-NP-XL,Set,XL,B09NQ4QS13,Shipped,1,INR,635.0,CHENNAI,TAMIL NADU,600084.0,IN,IN Core Free Shipping 2015/04/08 23-48-5-108,False,,False
4940,405-9700262-7771514,04-27-22,Shipped - Delivered to Buyer,Merchant,Amazon.in,Standard,SET145,SET145-KR-NP-M,Set,M,B0822TVYZ1,Shipped,1,INR,715.0,DEHRADUN,UTTARAKHAND,248001.0,IN,"Amazon PLCC Free-Financing Universal Merchant AAT-WNKTBO3K27EJC,Amazon PLCC Free-Financing Universal Merchant AAT-QX3UCCJESKPA2,Amazon PLCC Free-Financing Universal Merchant AAT-5QQ7BIYYQEDN2,Amazon PLCC Free-Financing Universal Merchant AAT-DSJ2QRXXWXVMQ,Amazon PLCC Free-Financing Universal Merchant AAT-CXJHMC2YJUK76,Amazon PLCC Free-Financing Universal Merchant AAT-CC4FAVTYR4X7C,Amazon PLCC Free-Financing Universal Merchant AAT-XXRCW6NZEPZI4,Amazon PLCC Free-Financing Universal Merchant AAT-WSJLDN3X7KEMO,Amazon PLCC Free-Financing Universal Merchant AAT-VL6FGQVGQVXUS,Amazon PLCC Free-Financing Universal Merchant AAT-EOKPWFWYW7Y6I,Amazon PLCC Free-Financing Universal Merchant AAT-ZYL5UPUNW6T62,Amazon PLCC Free-Financing Universal Merchant AAT-XVPICCHRWDCAI,Amazon PLCC Free-Financing Universal Merchant AAT-G5ZRX4BZOIODU,Amazon PLCC Free-Financing Universal Merchant AAT-ACZIPIA37BFIY,Amazon PLCC Free-Financing Universal Merchant AAT-4UKS7UWZY3AES,Amazon PLCC Free-Financing Universal Merchant AAT-PZHUW6DZX4BPS,Amazon PLCC Free-Financing Universal Merchant AAT-ETXQ3XXWMRXBG,Amazon PLCC Free-Financing Universal Merchant AAT-7X3XCTYG64VBE,Amazon PLCC Free-Financing Universal Merchant AAT-7CHGD3WTS3MHM,Amazon PLCC Free-Financing Universal Merchant AAT-26ZDKNME27X42,Amazon PLCC Free-Financing Universal Merchant AAT-4ZF5KN6E4LJK4,Amazon PLCC Free-Financing Universal Merchant AAT-7RCXIKUAX7DDY,Amazon PLCC Free-Financing Universal Merchant AAT-BRSZZ45H6MHAO,Amazon PLCC Free-Financing Universal Merchant AAT-MKLXOOZWQL7GO,Amazon PLCC Free-Financing Universal Merchant AAT-CB7UNXEXGIJTC,Amazon PLCC Free-Financing Universal Merchant #MP-gzasho-1593152694811,Amazon PLCC Free-Financing Universal Merchant AAT-WLBA4GZ52EAH4",False,Easy Ship,
43624,403-6846100-2927539,04-04-22,Shipped,Amazon,Amazon.in,Expedited,JNE3443,JNE3443-KR-L,kurta,L,B081WWR2MN,Shipped,1,INR,481.0,CHAMBA,HIMACHAL PRADESH,176314.0,IN,IN Core Free Shipping 2015/04/08 23-48-5-108,False,,
69488,171-9494037-5490722,05-15-22,Shipped,Amazon,Amazon.in,Expedited,JNE3739,JNE3739-KR-L,kurta,L,B099FC39QH,Shipped,1,INR,459.0,BENGALURU,KARNATAKA,560047.0,IN,,False,,False
4906,402-6020196-3437120,04-27-22,Shipped - Delivered to Buyer,Merchant,Amazon.in,Standard,SET394,SET394-KR-NP-M,Set,M,B09TH54RJ9,Shipped,1,INR,1281.0,NEW DELHI,DELHI,110057.0,IN,"Amazon PLCC Free-Financing Universal Merchant AAT-WNKTBO3K27EJC,Amazon PLCC Free-Financing Universal Merchant AAT-QX3UCCJESKPA2,Amazon PLCC Free-Financing Universal Merchant AAT-5QQ7BIYYQEDN2,Amazon PLCC Free-Financing Universal Merchant AAT-DSJ2QRXXWXVMQ,Amazon PLCC Free-Financing Universal Merchant AAT-CXJHMC2YJUK76,Amazon PLCC Free-Financing Universal Merchant AAT-SL3Y2YRMAUNFC,Amazon PLCC Free-Financing Universal Merchant AAT-CC4FAVTYR4X7C,Amazon PLCC Free-Financing Universal Merchant AAT-XXRCW6NZEPZI4,Amazon PLCC Free-Financing Universal Merchant AAT-EOKPWFWYW7Y6I,Amazon PLCC Free-Financing Universal Merchant AAT-ZYL5UPUNW6T62,Amazon PLCC Free-Financing Universal Merchant AAT-G5ZRX4BZOIODU,Amazon PLCC Free-Financing Universal Merchant AAT-PZHUW6DZX4BPS,Amazon PLCC Free-Financing Universal Merchant AAT-ETXQ3XXWMRXBG,Amazon PLCC Free-Financing Universal Merchant AAT-7X3XCTYG64VBE,Amazon PLCC Free-Financing Universal Merchant AAT-7CHGD3WTS3MHM,Amazon PLCC Free-Financing Universal Merchant AAT-26ZDKNME27X42,Amazon PLCC Free-Financing Universal Merchant AAT-4ZF5KN6E4LJK4,Amazon PLCC Free-Financing Universal Merchant AAT-7RCXIKUAX7DDY,Amazon PLCC Free-Financing Universal Merchant AAT-BRSZZ45H6MHAO,Amazon PLCC Free-Financing Universal Merchant AAT-MKLXOOZWQL7GO,Amazon PLCC Free-Financing Universal Merchant AAT-CB7UNXEXGIJTC,Amazon PLCC Free-Financing Universal Merchant #MP-gzasho-1593152694811,Amazon PLCC Free-Financing Universal Merchant AAT-WLBA4GZ52EAH4,Amazon PLCC Free-Financing Universal Merchant #MP-pmilan-1601980554292",False,Easy Ship,
66291,403-4250006-8920307,05-18-22,Shipped,Amazon,Amazon.in,Expedited,J0301,J0301-TP-XXXL,Top,3XL,B099S9P2FK,Shipped,1,INR,518.0,GAYA,BIHAR,823001.0,IN,IN Core Free Shipping 2015/04/08 23-48-5-108,False,,False
100392,404-6409692-2429933,06-21-22,Shipped,Amazon,Amazon.in,Expedited,NW005,NW005-ST-PJ-XL,Set,XL,B0922WJ27J,Shipped,1,INR,562.0,PUNE,MAHARASHTRA,411048.0,IN,IN Core Free Shipping 2015/04/08 23-48-5-108,True,,False
48388,403-1200820-4119501,04-01-22,Shipped - Delivered to Buyer,Merchant,Amazon.in,Standard,JNE3776,JNE3776-KR-S,kurta,S,B09K3RBN7T,Shipped,1,INR,277.0,HYDERABAD,TELANGANA,500047.0,IN,"Amazon PLCC Free-Financing Universal Merchant AAT-WNKTBO3K27EJC,Amazon PLCC Free-Financing Universal Merchant AAT-QX3UCCJESKPA2,Amazon PLCC Free-Financing Universal Merchant AAT-CXJHMC2YJUK76,Amazon PLCC Free-Financing Universal Merchant AAT-CC4FAVTYR4X7C,Amazon PLCC Free-Financing Universal Merchant AAT-XXRCW6NZEPZI4,Amazon PLCC Free-Financing Universal Merchant AAT-R7GXNZWISTRFA,Amazon PLCC Free-Financing Universal Merchant AAT-EOKPWFWYW7Y6I,Amazon PLCC Free-Financing Universal Merchant AAT-ZYL5UPUNW6T62,Amazon PLCC Free-Financing Universal Merchant AAT-G5ZRX4BZOIODU,Amazon PLCC Free-Financing Universal Merchant AAT-P3CSUAK4HTEP2,Amazon PLCC Free-Financing Universal Merchant AAT-YFJA6XMAMWZSK,Amazon PLCC Free-Financing Universal Merchant AAT-K66BSCE2J2V5E,Amazon PLCC Free-Financing Universal Merchant AAT-DFM4OAAQ3RGPM,Amazon PLCC Free-Financing Universal Merchant AAT-BRSZZ45H6MHAO,Amazon PLCC Free-Financing Universal Merchant AAT-MKLXOOZWQL7GO,Amazon PLCC Free-Financing Universal Merchant AAT-CB7UNXEXGIJTC,Amazon PLCC Free-Financing Universal Merchant #MP-gzasho-1593152694811,Amazon PLCC Free-Financing Universal Merchant AAT-WLBA4GZ52EAH4",False,Easy Ship,
100162,402-6286696-2041917,06-21-22,Shipped,Amazon,Amazon.in,Expedited,JNE3721,JNE3721-KR-XL,kurta,XL,B099FDMD6T,Shipped,1,INR,292.0,BENGALURU,KARNATAKA,560090.0,IN,,False,,False
63584,408-6698594-8141163,05-20-22,Shipped,Amazon,Amazon.in,Expedited,JNE3797,JNE3797-KR-M,Western Dress,M,B09SDY8DCT,Shipped,1,INR,771.0,HYDERABAD,TELANGANA,500074.0,IN,IN Core Free Shipping 2015/04/08 23-48-5-108,False,,False
36885,171-6615521-0486717,04-08-22,Shipped,Amazon,Amazon.in,Expedited,J0113,J0113-TP-L,Top,L,B08TZRD58N,Shipped,1,INR,574.0,GUWAHATI,ASSAM,781029.0,IN,IN Core Free Shipping 2015/04/08 23-48-5-108,False,,
949,408-6369127-2887567,04-30-22,Shipped,Amazon,Amazon.in,Expedited,SET268,SET268-KR-NP-XL,Set,XL,B08XQBF1G4,Shipped,1,INR,788.0,Vasai,MAHARASHTRA,401201.0,IN,IN Core Free Shipping 2015/04/08 23-48-5-108,False,,
26867,403-9773799-1989101,04-14-22,Shipped,Amazon,Amazon.in,Expedited,SET197,SET197-KR-NP-L,Set,L,B08B3YPD63,Shipped,1,INR,759.0,MUMBAI,MAHARASHTRA,400078.0,IN,,False,,
122018,405-3573309-2521906,06-05-22,Shipped,Amazon,Amazon.in,Expedited,JNE3793,JNE3793-KR-XL,kurta,XL,B09NQ6824N,Shipped,1,INR,349.0,SIPCOT THOOTHUKUDI,TAMIL NADU,628008.0,IN,,False,,False
38800,403-9685264-4951564,04-07-22,Shipped,Amazon,Amazon.in,Expedited,JNE3567,JNE3567-KR-XL,kurta,XL,B08KRTXC2Y,Shipped,1,INR,399.0,LUCKNOW,UTTAR PRADESH,226017.0,IN,,False,,
116839,405-3974971-2989919,06-09-22,Shipped,Amazon,Amazon.in,Expedited,JNE3364,JNE3364-KR-1051-A-L,kurta,L,B07WP5G7MK,Shipped,1,INR,376.0,DEHRADUN,UTTARAKHAND,248003.0,IN,IN Core Free Shipping 2015/04/08 23-48-5-108,False,,False
32884,171-2899135-6539516,04-11-22,Shipped,Amazon,Amazon.in,Expedited,JNE3782,JNE3782-KR-L,kurta,L,B09K3ZCJF6,Shipped,1,INR,487.0,NAGAPATTINAM,TAMIL NADU,611002.0,IN,IN Core Free Shipping 2015/04/08 23-48-5-108,False,,
50183,403-4123598-1642707,05-31-22,Shipped - Delivered to Buyer,Merchant,Amazon.in,Standard,JNE3567,JNE3567-KR-XL,kurta,XL,B08KRTXC2Y,Shipped,1,INR,399.0,Hyderabad,TELANGANA,500033.0,IN,"Amazon PLCC Free-Financing Universal Merchant AAT-WNKTBO3K27EJC,Amazon PLCC Free-Financing Universal Merchant AAT-QX3UCCJESKPA2,Amazon PLCC Free-Financing Universal Merchant AAT-5QQ7BIYYQEDN2,Amazon PLCC Free-Financing Universal Merchant AAT-DSJ2QRXXWXVMQ,Amazon PLCC Free-Financing Universal Merchant AAT-CXJHMC2YJUK76,Amazon PLCC Free-Financing Universal Merchant AAT-CC4FAVTYR4X7C,Amazon PLCC Free-Financing Universal Merchant AAT-FYWJCQHU2XQ2U,Amazon PLCC Free-Financing Universal Merchant AAT-R7GXNZWISTRFA,Amazon PLCC Free-Financing Universal Merchant AAT-EOKPWFWYW7Y6I,Amazon PLCC Free-Financing Universal Merchant AAT-CAK4QZ7KEFRQU,Amazon PLCC Free-Financing Universal Merchant AAT-YZJ5BRTPINRLK,Amazon PLCC Free-Financing Universal Merchant AAT-SNWJTEAZA2JRI,Amazon PLCC Free-Financing Universal Merchant AAT-BBJ6FVTP3QKBO,Amazon PLCC Free-Financing Universal Merchant AAT-TNYBHEAO7HOHO,Amazon PLCC Free-Financing Universal Merchant AAT-BRSZZ45H6MHAO,Amazon PLCC Free-Financing Universal Merchant AAT-MKLXOOZWQL7GO,Amazon PLCC Free-Financing Universal Merchant AAT-CB7UNXEXGIJTC,Amazon PLCC Free-Financing Universal Merchant #MP-gzasho-1593152694811,Amazon PLCC Free-Financing Universal Merchant AAT-WLBA4GZ52EAH4,Amazon PLCC Free-Financing Universal Merchant AAT-QMFZ3M7T5NPDS,Amazon PLCC Free-Financing Universal Merchant #MP-pmilan-1601980554292",False,Easy Ship,False
33165,405-1826037-6206769,04-10-22,Shipped - Delivered to Buyer,Merchant,Amazon.in,Standard,MEN5024,MEN5024-KR-M,kurta,M,B08YYTTNY5,Shipped,2,INR,950.0,MUMBAI,MAHARASHTRA,400037.0,IN,"Amazon PLCC Free-Financing Universal Merchant AAT-WNKTBO3K27EJC,Amazon PLCC Free-Financing Universal Merchant AAT-QX3UCCJESKPA2,Amazon PLCC Free-Financing Universal Merchant AAT-CXJHMC2YJUK76,Amazon PLCC Free-Financing Universal Merchant AAT-SL3Y2YRMAUNFC,Amazon PLCC Free-Financing Universal Merchant AAT-CC4FAVTYR4X7C,Amazon PLCC Free-Financing Universal Merchant AAT-XXRCW6NZEPZI4,Amazon PLCC Free-Financing Universal Merchant AAT-EOKPWFWYW7Y6I,Amazon PLCC Free-Financing Universal Merchant AAT-ZYL5UPUNW6T62,Amazon PLCC Free-Financing Universal Merchant AAT-G5ZRX4BZOIODU,Amazon PLCC Free-Financing Universal Merchant AAT-DELQQPYRTQEMS,Amazon PLCC Free-Financing Universal Merchant AAT-TNYBHEAO7HOHO,Amazon PLCC Free-Financing Universal Merchant AAT-BRSZZ45H6MHAO,Amazon PLCC Free-Financing Universal Merchant AAT-MKLXOOZWQL7GO,Amazon PLCC Free-Financing Universal Merchant AAT-CB7UNXEXGIJTC,Amazon PLCC Free-Financing Universal Merchant #MP-gzasho-1593152694811,Amazon PLCC Free-Financing Universal Merchant AAT-WLBA4GZ52EAH4,Amazon PLCC Free-Financing Universal Merchant AAT-QMFZ3M7T5NPDS,Amazon PLCC Free-Financing Universal Merchant #MP-pmilan-1601980554292",False,Easy Ship,
1043,403-7692763-8092362,04-30-22,Shipped,Amazon,Amazon.in,Expedited,JNE3691,JNE3691-TU-M,Top,M,B0986YS2YT,Shipped,1,INR,625.0,BADLAPUR,MAHARASHTRA,421503.0,IN,,False,,
38556,403-7083793-0793907,04-07-22,Shipped,Amazon,Amazon.in,Expedited,SET333,SET333-KR-DPT-S,Set,S,B09RKF9RSW,Shipped,1,INR,967.0,BHIMAVARAM,ANDHRA PRADESH,534202.0,IN,IN Core Free Shipping 2015/04/08 23-48-5-108,False,,
68162,171-6297522-0957947,05-16-22,Cancelled,Merchant,Amazon.in,Standard,SET281,SET281-KR-PP-XL,Set,XL,B0983G1FVV,,0,INR,475.24,VADODARA,Gujarat,390002.0,IN,,False,Easy Ship,False
96484,171-2294678-3300309,06-24-22,Shipped - Picked Up,Merchant,Amazon.in,Standard,NW038,NW038-ST-SR-XXXL,Set,3XL,B09B78MTGD,Shipped,1,INR,517.0,LUCKNOW,UTTAR PRADESH,226026.0,IN,"Amazon PLCC Free-Financing Universal Merchant AAT-WNKTBO3K27EJC,Amazon PLCC Free-Financing Universal Merchant AAT-QX3UCCJESKPA2,Amazon PLCC Free-Financing Universal Merchant AAT-5QQ7BIYYQEDN2,Amazon PLCC Free-Financing Universal Merchant AAT-DSJ2QRXXWXVMQ,Amazon PLCC Free-Financing Universal Merchant AAT-CXJHMC2YJUK76,Amazon PLCC Free-Financing Universal Merchant AAT-CC4FAVTYR4X7C,Amazon PLCC Free-Financing Universal Merchant AAT-EWAPBB6BDRGM6,Amazon PLCC Free-Financing Universal Merchant AAT-EOKPWFWYW7Y6I,Amazon PLCC Free-Financing Universal Merchant AAT-NT3ZJJGQ3JK3Q,Amazon PLCC Free-Financing Universal Merchant AAT-6XVEGAWJUJYXG,Amazon PLCC Free-Financing Universal Merchant AAT-BOWEMQBNNNHBK,Amazon PLCC Free-Financing Universal Merchant AAT-ONHQI6RQUNGB6,Amazon PLCC Free-Financing Universal Merchant AAT-NXLSQ2GWN3LQK,Amazon PLCC Free-Financing Universal Merchant AAT-UFMRPWCRGE2ZM,Amazon PLCC Free-Financing Universal Merchant AAT-SF4YGC5K3O574,Amazon PLCC Free-Financing Universal Merchant AAT-SUBB5QVZKACYG,Amazon PLCC Free-Financing Universal Merchant AAT-CF5ZF57364I7G,Amazon PLCC Free-Financing Universal Merchant AAT-BRSZZ45H6MHAO,Amazon PLCC Free-Financing Universal Merchant AAT-MKLXOOZWQL7GO,Amazon PLCC Free-Financing Universal Merchant AAT-CB7UNXEXGIJTC,Amazon PLCC Free-Financing Universal Merchant #MP-gzasho-1593152694811,Amazon PLCC Free-Financing Universal Merchant AAT-WLBA4GZ52EAH4,Amazon PLCC Free-Financing Universal Merchant #MP-pmilan-1601980554292",False,Easy Ship,False
13996,408-5704904-9821135,04-22-22,Shipped - Delivered to Buyer,Merchant,Amazon.in,Standard,J0003,J0003-SET-XS,Set,XS,B0894WW15B,Shipped,1,INR,654.0,GONDA,UTTAR PRADESH,271001.0,IN,"Amazon PLCC Free-Financing Universal Merchant AAT-WNKTBO3K27EJC,Amazon PLCC Free-Financing Universal Merchant AAT-QX3UCCJESKPA2,Amazon PLCC Free-Financing Universal Merchant AAT-5QQ7BIYYQEDN2,Amazon PLCC Free-Financing Universal Merchant AAT-DSJ2QRXXWXVMQ,Amazon PLCC Free-Financing Universal Merchant AAT-CXJHMC2YJUK76,Amazon PLCC Free-Financing Universal Merchant AAT-CC4FAVTYR4X7C,Amazon PLCC Free-Financing Universal Merchant AAT-XXRCW6NZEPZI4,Amazon PLCC Free-Financing Universal Merchant AAT-EOKPWFWYW7Y6I,Amazon PLCC Free-Financing Universal Merchant AAT-ZYL5UPUNW6T62,Amazon PLCC Free-Financing Universal Merchant AAT-G5ZRX4BZOIODU,Amazon PLCC Free-Financing Universal Merchant AAT-MYWMDU232W4HO,Amazon PLCC Free-Financing Universal Merchant AAT-PZHUW6DZX4BPS,Amazon PLCC Free-Financing Universal Merchant AAT-BRSZZ45H6MHAO,Amazon PLCC Free-Financing Universal Merchant AAT-MKLXOOZWQL7GO,Amazon PLCC Free-Financing Universal Merchant AAT-CB7UNXEXGIJTC,Amazon PLCC Free-Financing Universal Merchant #MP-gzasho-1593152694811,Amazon PLCC Free-Financing Universal Merchant AAT-WLBA4GZ52EAH4",False,Easy Ship,
115321,171-8409316-1073169,06-10-22,Shipped,Amazon,Amazon.in,Expedited,JNE3518,JNE3518-KR-L,kurta,L,B08XVQM1LP,Shipped,1,INR,458.0,BENGALURU,KARNATAKA,560060.0,IN,,False,,False
101875,406-0888554-2089126,06-20-22,Shipped,Amazon,Amazon.in,Expedited,JNE3518,JNE3518-KR-XS,kurta,XS,B08XVTQHLF,Shipped,1,INR,458.0,MUMBAI,MAHARASHTRA,400083.0,IN,,False,,False
26688,404-0351624-2079558,04-14-22,Shipped,Amazon,Amazon.in,Expedited,SET268,SET268-KR-NP-XS,Set,XS,B08XQBXFPP,Shipped,1,INR,788.0,HYDERABAD,TELANGANA,500019.0,IN,,False,,
20427,407-2848656-1678724,04-18-22,Shipped,Amazon,Amazon.in,Expedited,JNE3371,JNE3371-KR-M,kurta,M,B07WP5HRMB,Shipped,1,INR,329.0,HYDERABAD,TELANGANA,502032.0,IN,,False,,
127022,405-5146534-4053100,06-02-22,Shipped,Amazon,Amazon.in,Expedited,JNE3634,JNE3634-KR-L,kurta,L,B0981152GP,Shipped,1,INR,511.0,JABALPUR,MADHYA PRADESH,482005.0,IN,IN Core Free Shipping 2015/04/08 23-48-5-108,False,,False
50667,407-8644192-4107565,05-30-22,Shipped,Amazon,Amazon.in,Expedited,J0336,J0336-TP-M,Top,M,B0986X1Z7J,Shipped,1,INR,665.0,BENGALURU,KARNATAKA,560013.0,IN,,False,,False
59685,408-7091866-9949965,05-23-22,Shipped,Amazon,Amazon.in,Expedited,JNE2205,JNE2205-KR-467-A-M,kurta,M,B07BL1VXZW,Shipped,1,INR,356.0,Chennai,TAMIL NADU,600098.0,IN,IN Core Free Shipping 2015/04/08 23-48-5-108,False,,False
41657,407-8612155-6837103,04-05-22,Shipped - Delivered to Buyer,Merchant,Amazon.in,Standard,JNE3620,JNE3620-KR-M,kurta,M,B091Q9FQ4B,Shipped,1,INR,329.0,KOLKATA,WEST BENGAL,700032.0,IN,"Amazon PLCC Free-Financing Universal Merchant AAT-WNKTBO3K27EJC,Amazon PLCC Free-Financing Universal Merchant AAT-QX3UCCJESKPA2,Amazon PLCC Free-Financing Universal Merchant AAT-CXJHMC2YJUK76,Amazon PLCC Free-Financing Universal Merchant AAT-CC4FAVTYR4X7C,Amazon PLCC Free-Financing Universal Merchant AAT-XXRCW6NZEPZI4,Amazon PLCC Free-Financing Universal Merchant AAT-EOKPWFWYW7Y6I,Amazon PLCC Free-Financing Universal Merchant AAT-ZYL5UPUNW6T62,Amazon PLCC Free-Financing Universal Merchant AAT-G5ZRX4BZOIODU,Amazon PLCC Free-Financing Universal Merchant AAT-YFJA6XMAMWZSK,Amazon PLCC Free-Financing Universal Merchant AAT-K66BSCE2J2V5E,Amazon PLCC Free-Financing Universal Merchant AAT-275LMAQ3T5REI,Amazon PLCC Free-Financing Universal Merchant AAT-BRSZZ45H6MHAO,Amazon PLCC Free-Financing Universal Merchant AAT-MKLXOOZWQL7GO,Amazon PLCC Free-Financing Universal Merchant AAT-CB7UNXEXGIJTC,Amazon PLCC Free-Financing Universal Merchant #MP-gzasho-1593152694811,Amazon PLCC Free-Financing Universal Merchant AAT-WLBA4GZ52EAH4",False,Easy Ship,
84864,408-5891227-9282745,05-04-22,Shipped,Amazon,Amazon.in,Expedited,JNE3522,JNE3522-KR-XL,kurta,XL,B08W9Z3BJF,Shipped,1,INR,342.0,BENGALURU,KARNATAKA,560078.0,IN,IN Core Free Shipping 2015/04/08 23-48-5-108,False,,False
9975,403-7916525-0000354,04-24-22,Cancelled,Amazon,Amazon.in,Expedited,JNE3463,JNE3463-KR-XXL,kurta,XXL,B08RP77NWN,Unshipped,1,INR,534.0,MYSURU,KARNATAKA,570015.0,IN,,False,,
102180,406-1296767-3605137,06-20-22,Shipped,Amazon,Amazon.in,Expedited,JNE3291,JNE3291-KR-L,kurta,L,B07R5X9WJB,Shipped,1,INR,471.0,HYDERABAD,TELANGANA,500019.0,IN,IN Core Free Shipping 2015/04/08 23-48-5-108,False,,False
117089,407-0979922-9123567,06-08-22,Shipped,Amazon,Amazon.in,Expedited,JNE3294,JNE3294-KR-XL,kurta,XL,B07R3KS3DN,Shipped,1,INR,432.0,NEW DELHI,DELHI,110052.0,IN,IN Core Free Shipping 2015/04/08 23-48-5-108,False,,False
93303,408-2946294-1219548,06-27-22,Shipped - Picked Up,Merchant,Amazon.in,Standard,J0281,J0281-SKD-XXL,Set,XXL,B08QGLBPWF,Shipped,1,INR,0.0,TIRUPATI,ANDHRA PRADESH,517501.0,IN,"Amazon PLCC Free-Financing Universal Merchant AAT-5QQ7BIYYQEDN2,Amazon PLCC Free-Financing Universal Merchant AAT-DSJ2QRXXWXVMQ,Amazon PLCC Free-Financing Universal Merchant AAT-EWAPBB6BDRGM6,Amazon PLCC Free-Financing Universal Merchant AAT-UFMRPWCRGE2ZM,Amazon PLCC Free-Financing Universal Merchant AAT-SF4YGC5K3O574,Amazon PLCC Free-Financing Universal Merchant AAT-SUBB5QVZKACYG,Amazon PLCC Free-Financing Universal Merchant AAT-CF5ZF57364I7G,Amazon PLCC Free-Financing Universal Merchant #MP-gzasho-1593152694811",False,Easy Ship,False
41868,171-3772052-5058713,04-05-22,Shipped,Amazon,Amazon.in,Expedited,PJNE3423,PJNE3423-KR-N-5XL,kurta,5XL,B09LD2TYRQ,Shipped,1,INR,527.0,KALYAN,MAHARASHTRA,421301.0,IN,,False,,
109433,407-3093303-1525916,06-14-22,Shipped,Amazon,Amazon.in,Expedited,JNE3697,JNE3697-KR-XL,kurta,XL,B098112V2V,Shipped,1,INR,486.0,HYDERABAD,TELANGANA,500032.0,IN,IN Core Free Shipping 2015/04/08 23-48-5-108,False,,False
38375,408-5681234-8514737,04-07-22,Shipped,Amazon,Amazon.in,Expedited,SET268,SET268-KR-NP-L,Set,L,B08XQ8MCKP,Shipped,1,INR,788.0,Mumbai,MAHARASHTRA,400050.0,IN,IN Core Free Shipping 2015/04/08 23-48-5-108,False,,
55287,406-5760589-4193929,05-27-22,Shipped - Delivered to Buyer,Merchant,Amazon.in,Standard,JNE3405,JNE3405-KR-M,kurta,M,B081WVMMCY,Shipped,1,INR,435.0,Mumbai,MAHARASHTRA,400077.0,IN,"Amazon PLCC Free-Financing Universal Merchant AAT-WNKTBO3K27EJC,Amazon PLCC Free-Financing Universal Merchant AAT-QX3UCCJESKPA2,Amazon PLCC Free-Financing Universal Merchant AAT-5QQ7BIYYQEDN2,Amazon PLCC Free-Financing Universal Merchant AAT-DSJ2QRXXWXVMQ,Amazon PLCC Free-Financing Universal Merchant AAT-CXJHMC2YJUK76,Amazon PLCC Free-Financing Universal Merchant AAT-SL3Y2YRMAUNFC,Amazon PLCC Free-Financing Universal Merchant AAT-CC4FAVTYR4X7C,Amazon PLCC Free-Financing Universal Merchant AAT-FYWJCQHU2XQ2U,Amazon PLCC Free-Financing Universal Merchant AAT-CXNSLNBROFDW4,Amazon PLCC Free-Financing Universal Merchant AAT-WSJLDN3X7KEMO,Amazon PLCC Free-Financing Universal Merchant AAT-VL6FGQVGQVXUS,Amazon PLCC Free-Financing Universal Merchant AAT-EOKPWFWYW7Y6I,Amazon PLCC Free-Financing Universal Merchant AAT-URPEBMPS7TSPE,Amazon PLCC Free-Financing Universal Merchant AAT-5ZEB2OGNZ32MC,Amazon PLCC Free-Financing Universal Merchant AAT-5VXFLMD6EKIFC,Amazon PLCC Free-Financing Universal Merchant AAT-FUBPFORDWEVT2,Amazon PLCC Free-Financing Universal Merchant AAT-CAK4QZ7KEFRQU,Amazon PLCC Free-Financing Universal Merchant AAT-YZJ5BRTPINRLK,Amazon PLCC Free-Financing Universal Merchant AAT-SNWJTEAZA2JRI,Amazon PLCC Free-Financing Universal Merchant AAT-BBJ6FVTP3QKBO,Amazon PLCC Free-Financing Universal Merchant AAT-BRSZZ45H6MHAO,Amazon PLCC Free-Financing Universal Merchant AAT-MKLXOOZWQL7GO,Amazon PLCC Free-Financing Universal Merchant AAT-CB7UNXEXGIJTC,Amazon PLCC Free-Financing Universal Merchant #MP-gzasho-1593152694811,Amazon PLCC Free-Financing Universal Merchant AAT-WLBA4GZ52EAH4",False,Easy Ship,False
72065,408-5454542-0140305,05-13-22,Shipped,Amazon,Amazon.in,Expedited,JNE3313,JNE3313-KR-A-S,kurta,S,B07XHLJ9XQ,Shipped,1,INR,582.0,Nagaon,ASSAM,782001.0,IN,IN Core Free Shipping 2015/04/08 23-48-5-108,False,,False
81781,407-0371357-5777109,05-05-22,Shipped,Amazon,Amazon.in,Expedited,JNE3795,JNE3795-KR-XXXL,kurta,3XL,B09HMXJVFS,Shipped,1,INR,497.0,CORLIM,GOA,403110.0,IN,,False,,False
42097,405-9757396-4503525,04-05-22,Shipped,Amazon,Amazon.in,Expedited,JNE3757,JNE3757-KR-L,kurta,L,B099NPMJ4S,Shipped,1,INR,481.0,KALABURGI,KARNATAKA,585105.0,IN,,False,,
68710,405-0325936-9459548,05-16-22,Shipped - Delivered to Buyer,Merchant,Amazon.in,Standard,SET183,SET183-KR-DH-M,Set,M,B08B3Z2YY3,Shipped,1,INR,759.0,BENGALURU,KARNATAKA,560072.0,IN,"Amazon PLCC Free-Financing Universal Merchant AAT-WNKTBO3K27EJC,Amazon PLCC Free-Financing Universal Merchant AAT-QX3UCCJESKPA2,Amazon PLCC Free-Financing Universal Merchant AAT-5QQ7BIYYQEDN2,Amazon PLCC Free-Financing Universal Merchant AAT-DSJ2QRXXWXVMQ,Amazon PLCC Free-Financing Universal Merchant AAT-CXJHMC2YJUK76,Amazon PLCC Free-Financing Universal Merchant AAT-SL3Y2YRMAUNFC,Amazon PLCC Free-Financing Universal Merchant AAT-CC4FAVTYR4X7C,Amazon PLCC Free-Financing Universal Merchant AAT-FYWJCQHU2XQ2U,Amazon PLCC Free-Financing Universal Merchant AAT-EOKPWFWYW7Y6I,Amazon PLCC Free-Financing Universal Merchant AAT-URPEBMPS7TSPE,Amazon PLCC Free-Financing Universal Merchant AAT-5ZEB2OGNZ32MC,Amazon PLCC Free-Financing Universal Merchant AAT-YZ2VQO2YM6YYM,Amazon PLCC Free-Financing Universal Merchant AAT-4EOBCMLXMLDGY,Amazon PLCC Free-Financing Universal Merchant AAT-UB6CYNTOQMM7C,Amazon PLCC Free-Financing Universal Merchant AAT-BRSZZ45H6MHAO,Amazon PLCC Free-Financing Universal Merchant AAT-MKLXOOZWQL7GO,Amazon PLCC Free-Financing Universal Merchant AAT-CB7UNXEXGIJTC,Amazon PLCC Free-Financing Universal Merchant #MP-gzasho-1593152694811,Amazon PLCC Free-Financing Universal Merchant AAT-WLBA4GZ52EAH4,Amazon PLCC Free-Financing Universal Merchant #MP-pmilan-1601980554292",False,Easy Ship,False
68002,408-9316152-2961163,05-16-22,Shipped,Amazon,Amazon.in,Expedited,JNE3618,JNE3618-KR-L,kurta,L,B091Q84CBF,Shipped,1,INR,399.0,HYDERABAD,TELANGANA,500016.0,IN,,False,,False
98218,403-0006868-6998762,06-23-22,Shipped,Amazon,Amazon.in,Expedited,JNE3709,JNE3709-DR-S,Western Dress,S,B091T1N5WV,Shipped,1,INR,792.0,BENGALURU,KARNATAKA,560076.0,IN,IN Core Free Shipping 2015/04/08 23-48-5-108,False,,False
128432,171-8521454-1172349,06-01-22,Shipped,Amazon,Amazon.in,Expedited,SET342,SET342-KR-NP-N-XS,Set,XS,B09Q1943PQ,Shipped,1,INR,850.0,Ranchi,JHARKHAND,834002.0,IN,IN Core Free Shipping 2015/04/08 23-48-5-108,False,,False
106836,407-9739622-4380339,06-16-22,Shipped,Amazon,Amazon.in,Expedited,SET328,SET328-KR-NP-XL,Set,XL,B09K3F6Y89,Shipped,1,INR,545.0,THENNALA,KERALA,676508.0,IN,IN Core Free Shipping 2015/04/08 23-48-5-108,False,,False
